RECEIVED TOKEN: eyJhbGciOiJIUzI1NiIsInR5cCI6IkpXVCJ9.eyJleHAiOjE3OTAwNjE3OTMsInN1YiI6InVzZXJfM0hyd216MDhCT09yRTVYQnJhU01xZlNRWHhwIn0.ekds2A0i64EgiApfkj2b47w55gUv5o5qjHKeFhNAjNQ
DECODED PAYLOAD: {'exp': 1790061793, 'sub': 'user_3Hrwmz08BOOrE5XBraSMqfSQXxp'}
RECEIVED TOKEN: eyJhbGciOiJIUzI1NiIsInR5cCI6IkpXVCJ9.eyJleHAiOjE3OTAwNjE3OTMsInN1YiI6InVzZXJfM0hyd216MDhCT09yRTVYQnJhU01xZlNRWHhwIn0.ekds2A0i64EgiApfkj2b47w55gUv5o5qjHKeFhNAjNQ
DECODED PAYLOAD: {'exp': 1790061793, 'sub': 'user_3Hrwmz08BOOrE5XBraSMqfSQXxp'}
RECEIVED TOKEN: eyJhbGciOiJIUzI1NiIsInR5cCI6IkpXVCJ9.eyJleHAiOjE3OTAwNjE3OTMsInN1YiI6InVzZXJfM0hyd216MDhCT09yRTVYQnJhU01xZlNRWHhwIn0.ekds2A0i64EgiApfkj2b47w55gUv5o5qjHKeFhNAjNQ
DECODED PAYLOAD: {'exp': 1790061793, 'sub': 'user_3Hrwmz08BOOrE5XBraSMqfSQXxp'}
RECEIVED TOKEN: eyJhbGciOiJIUzI1NiIsInR5cCI6IkpXVCJ9.eyJleHAiOjE3OTAwNjE3OTMsInN1YiI6InVzZXJfM0hyd216MDhCT09yRTVYQnJhU01xZlNRWHhwIn0.ekds2A0i64EgiApfkj2b47w55gUv5o5qjHKeFhNAjNQ
DECODED PAYLOAD: {'exp': 1790061793, 'sub': 'user_3Hrwmz08BOOrE5XBraSMqfSQXxp'}
RECEIVED TOKEN: eyJhbGciOiJIUzI1NiIsInR5cCI6IkpXVCJ9.eyJleHAiOjE3OTAwNjE3OTMsInN1YiI6InVzZXJfM0hyd216MDhCT09yRTVYQnJhU01xZlNRWHhwIn0.ekds2A0i64EgiApfkj2b47w55gUv5o5qjHKeFhNAjNQ
DECODED PAYLOAD: {'exp': 1790061793, 'sub': 'user_3Hrwmz08BOOrE5XBraSMqfSQXxp'}
RECEIVED TOKEN: eyJhbGciOiJIUzI1NiIsInR5cCI6IkpXVCJ9.eyJleHAiOjE3OTAwNjE3OTMsInN1YiI6InVzZXJfM0hyd216MDhCT09yRTVYQnJhU01xZlNRWHhwIn0.ekds2A0i64EgiApfkj2b47w55gUv5o5qjHKeFhNAjNQ
DECODED PAYLOAD: {'exp': 1790061793, 'sub': 'user_3Hrwmz08BOOrE5XBraSMqfSQXxp'}
GET_CURRENT_USER: user_3Hrwmz08BOOrE5XBraSMqfSQXxp -> <app.models.core.User object at 0x000001B9EEA9E5D0>
RECEIVED TOKEN: eyJhbGciOiJIUzI1NiIsInR5cCI6IkpXVCJ9.eyJleHAiOjE3OTAwNjE3OTMsInN1YiI6InVzZXJfM0hyd216MDhCT09yRTVYQnJhU01xZlNRWHhwIn0.ekds2A0i64EgiApfkj2b47w55gUv5o5qjHKeFhNAjNQ
DECODED PAYLOAD: {'exp': 1790061793, 'sub': 'user_3Hrwmz08BOOrE5XBraSMqfSQXxp'}
RECEIVED TOKEN: eyJhbGciOiJIUzI1NiIsInR5cCI6IkpXVCJ9.eyJleHAiOjE3OTAwNjE3OTMsInN1YiI6InVzZXJfM0hyd216MDhCT09yRTVYQnJhU01xZlNRWHhwIn0.ekds2A0i64EgiApfkj2b47w55gUv5o5qjHKeFhNAjNQ
DECODED PAYLOAD: {'exp': 1790061793, 'sub': 'user_3Hrwmz08BOOrE5XBraSMqfSQXxp'}
RECEIVED TOKEN: eyJhbGciOiJIUzI1NiIsInR5cCI6IkpXVCJ9.eyJleHAiOjE3OTAwNjE3OTMsInN1YiI6InVzZXJfM0hyd216MDhCT09yRTVYQnJhU01xZlNRWHhwIn0.ekds2A0i64EgiApfkj2b47w55gUv5o5qjHKeFhNAjNQ
DECODED PAYLOAD: {'exp': 1790061793, 'sub': 'user_3Hrwmz08BOOrE5XBraSMqfSQXxp'}
GET_CURRENT_USER: user_3Hrwmz08BOOrE5XBraSMqfSQXxp -> <app.models.core.User object at 0x0000025A92A4C830>
REQUIRE_ADMIN: user_3Hrwmz08BOOrE5XBraSMqfSQXxp -> admin
RECEIVED TOKEN: eyJhbGciOiJIUzI1NiIsInR5cCI6IkpXVCJ9.eyJleHAiOjE3OTAwNjE3OTMsInN1YiI6InVzZXJfM0hyd216MDhCT09yRTVYQnJhU01xZlNRWHhwIn0.ekds2A0i64EgiApfkj2b47w55gUv5o5qjHKeFhNAjNQ
DECODED PAYLOAD: {'exp': 1790061793, 'sub': 'user_3Hrwmz08BOOrE5XBraSMqfSQXxp'}
GET_CURRENT_USER: user_3Hrwmz08BOOrE5XBraSMqfSQXxp -> <app.models.core.User object at 0x0000025A93C574D0>
RECEIVED TOKEN: eyJhbGciOiJIUzI1NiIsInR5cCI6IkpXVCJ9.eyJleHAiOjE3OTAwNjE3OTMsInN1YiI6InVzZXJfM0hyd216MDhCT09yRTVYQnJhU01xZlNRWHhwIn0.ekds2A0i64EgiApfkj2b47w55gUv5o5qjHKeFhNAjNQ
DECODED PAYLOAD: {'exp': 1790061793, 'sub': 'user_3Hrwmz08BOOrE5XBraSMqfSQXxp'}
RECEIVED TOKEN: eyJhbGciOiJIUzI1NiIsInR5cCI6IkpXVCJ9.eyJleHAiOjE3OTAwNjE3OTMsInN1YiI6InVzZXJfM0hyd216MDhCT09yRTVYQnJhU01xZlNRWHhwIn0.ekds2A0i64EgiApfkj2b47w55gUv5o5qjHKeFhNAjNQ
DECODED PAYLOAD: {'exp': 1790061793, 'sub': 'user_3Hrwmz08BOOrE5XBraSMqfSQXxp'}
RECEIVED TOKEN: eyJhbGciOiJIUzI1NiIsInR5cCI6IkpXVCJ9.eyJleHAiOjE3OTAwNjE3OTMsInN1YiI6InVzZXJfM0hyd216MDhCT09yRTVYQnJhU01xZlNRWHhwIn0.ekds2A0i64EgiApfkj2b47w55gUv5o5qjHKeFhNAjNQ
DECODED PAYLOAD: {'exp': 1790061793, 'sub': 'user_3Hrwmz08BOOrE5XBraSMqfSQXxp'}
GET_CURRENT_USER: user_3Hrwmz08BOOrE5XBraSMqfSQXxp -> <app.models.core.User object at 0x0000025A93D15B20>
REQUIRE_ADMIN: user_3Hrwmz08BOOrE5XBraSMqfSQXxp -> admin
GET_CURRENT_USER: user_3Hrwmz08BOOrE5XBraSMqfSQXxp -> <app.models.core.User object at 0x0000025A93D15A50>
RECEIVED TOKEN: eyJhbGciOiJIUzI1NiIsInR5cCI6IkpXVCJ9.eyJleHAiOjE3OTAwNjE3OTMsInN1YiI6InVzZXJfM0hyd216MDhCT09yRTVYQnJhU01xZlNRWHhwIn0.ekds2A0i64EgiApfkj2b47w55gUv5o5qjHKeFhNAjNQ
DECODED PAYLOAD: {'exp': 1790061793, 'sub': 'user_3Hrwmz08BOOrE5XBraSMqfSQXxp'}
RECEIVED TOKEN: eyJhbGciOiJIUzI1NiIsInR5cCI6IkpXVCJ9.eyJleHAiOjE3OTAwNjE3OTMsInN1YiI6InVzZXJfM0hyd216MDhCT09yRTVYQnJhU01xZlNRWHhwIn0.ekds2A0i64EgiApfkj2b47w55gUv5o5qjHKeFhNAjNQ
DECODED PAYLOAD: {'exp': 1790061793, 'sub': 'user_3Hrwmz08BOOrE5XBraSMqfSQXxp'}
GET_CURRENT_USER: user_3Hrwmz08BOOrE5XBraSMqfSQXxp -> <app.models.core.User object at 0x0000025A93D16DD0>
GET_CURRENT_USER: user_3Hrwmz08BOOrE5XBraSMqfSQXxp -> <app.models.core.User object at 0x0000025A93D14460>
REQUIRE_ADMIN: user_3Hrwmz08BOOrE5XBraSMqfSQXxp -> admin
RECEIVED TOKEN: eyJhbGciOiJIUzI1NiIsInR5cCI6IkpXVCJ9.eyJleHAiOjE3OTAwNjE3OTMsInN1YiI6InVzZXJfM0hyd216MDhCT09yRTVYQnJhU01xZlNRWHhwIn0.ekds2A0i64EgiApfkj2b47w55gUv5o5qjHKeFhNAjNQ
DECODED PAYLOAD: {'exp': 1790061793, 'sub': 'user_3Hrwmz08BOOrE5XBraSMqfSQXxp'}
RECEIVED TOKEN: eyJhbGciOiJIUzI1NiIsInR5cCI6IkpXVCJ9.eyJleHAiOjE3OTAwNjE3OTMsInN1YiI6InVzZXJfM0hyd216MDhCT09yRTVYQnJhU01xZlNRWHhwIn0.ekds2A0i64EgiApfkj2b47w55gUv5o5qjHKeFhNAjNQ
DECODED PAYLOAD: {'exp': 1790061793, 'sub': 'user_3Hrwmz08BOOrE5XBraSMqfSQXxp'}
RECEIVED TOKEN: eyJhbGciOiJIUzI1NiIsInR5cCI6IkpXVCJ9.eyJleHAiOjE3OTAwNjE3OTMsInN1YiI6InVzZXJfM0hyd216MDhCT09yRTVYQnJhU01xZlNRWHhwIn0.ekds2A0i64EgiApfkj2b47w55gUv5o5qjHKeFhNAjNQ
DECODED PAYLOAD: {'exp': 1790061793, 'sub': 'user_3Hrwmz08BOOrE5XBraSMqfSQXxp'}
GET_CURRENT_USER: user_3Hrwmz08BOOrE5XBraSMqfSQXxp -> <app.models.core.User object at 0x0000025A93D14600>
GET_CURRENT_USER: user_3Hrwmz08BOOrE5XBraSMqfSQXxp -> <app.models.core.User object at 0x0000025A93D14BB0>
REQUIRE_ADMIN: user_3Hrwmz08BOOrE5XBraSMqfSQXxp -> admin
RECEIVED TOKEN: eyJhbGciOiJIUzI1NiIsInR5cCI6IkpXVCJ9.eyJleHAiOjE3OTAwNjE3OTMsInN1YiI6InVzZXJfM0hyd216MDhCT09yRTVYQnJhU01xZlNRWHhwIn0.ekds2A0i64EgiApfkj2b47w55gUv5o5qjHKeFhNAjNQ
DECODED PAYLOAD: {'exp': 1790061793, 'sub': 'user_3Hrwmz08BOOrE5XBraSMqfSQXxp'}
RECEIVED TOKEN: eyJhbGciOiJIUzI1NiIsInR5cCI6IkpXVCJ9.eyJleHAiOjE3OTAwNjE3OTMsInN1YiI6InVzZXJfM0hyd216MDhCT09yRTVYQnJhU01xZlNRWHhwIn0.ekds2A0i64EgiApfkj2b47w55gUv5o5qjHKeFhNAjNQ
DECODED PAYLOAD: {'exp': 1790061793, 'sub': 'user_3Hrwmz08BOOrE5XBraSMqfSQXxp'}
GET_CURRENT_USER: user_3Hrwmz08BOOrE5XBraSMqfSQXxp -> <app.models.core.User object at 0x0000025A93D14BB0>
REQUIRE_ADMIN: user_3Hrwmz08BOOrE5XBraSMqfSQXxp -> admin
GET_CURRENT_USER: user_3Hrwmz08BOOrE5XBraSMqfSQXxp -> <app.models.core.User object at 0x0000025A93D14600>
REQUIRE_ADMIN: user_3Hrwmz08BOOrE5XBraSMqfSQXxp -> admin
RECEIVED TOKEN: eyJhbGciOiJIUzI1NiIsInR5cCI6IkpXVCJ9.eyJleHAiOjE3OTAwNjE3OTMsInN1YiI6InVzZXJfM0hyd216MDhCT09yRTVYQnJhU01xZlNRWHhwIn0.ekds2A0i64EgiApfkj2b47w55gUv5o5qjHKeFhNAjNQ
DECODED PAYLOAD: {'exp': 1790061793, 'sub': 'user_3Hrwmz08BOOrE5XBraSMqfSQXxp'}
RECEIVED TOKEN: eyJhbGciOiJIUzI1NiIsInR5cCI6IkpXVCJ9.eyJleHAiOjE3OTAwNjE3OTMsInN1YiI6InVzZXJfM0hyd216MDhCT09yRTVYQnJhU01xZlNRWHhwIn0.ekds2A0i64EgiApfkj2b47w55gUv5o5qjHKeFhNAjNQ
DECODED PAYLOAD: {'exp': 1790061793, 'sub': 'user_3Hrwmz08BOOrE5XBraSMqfSQXxp'}
GET_CURRENT_USER: user_3Hrwmz08BOOrE5XBraSMqfSQXxp -> <app.models.core.User object at 0x0000025A93D16750>
REQUIRE_ADMIN: user_3Hrwmz08BOOrE5XBraSMqfSQXxp -> admin
GET_CURRENT_USER: user_3Hrwmz08BOOrE5XBraSMqfSQXxp -> <app.models.core.User object at 0x0000025A93D168F0>
REQUIRE_ADMIN: user_3Hrwmz08BOOrE5XBraSMqfSQXxp -> admin
RECEIVED TOKEN: eyJhbGciOiJIUzI1NiIsInR5cCI6IkpXVCJ9.eyJleHAiOjE3OTAwNjE3OTMsInN1YiI6InVzZXJfM0hyd216MDhCT09yRTVYQnJhU01xZlNRWHhwIn0.ekds2A0i64EgiApfkj2b47w55gUv5o5qjHKeFhNAjNQ
DECODED PAYLOAD: {'exp': 1790061793, 'sub': 'user_3Hrwmz08BOOrE5XBraSMqfSQXxp'}
RECEIVED TOKEN: eyJhbGciOiJIUzI1NiIsInR5cCI6IkpXVCJ9.eyJleHAiOjE3OTAwNjE3OTMsInN1YiI6InVzZXJfM0hyd216MDhCT09yRTVYQnJhU01xZlNRWHhwIn0.ekds2A0i64EgiApfkj2b47w55gUv5o5qjHKeFhNAjNQ
DECODED PAYLOAD: {'exp': 1790061793, 'sub': 'user_3Hrwmz08BOOrE5XBraSMqfSQXxp'}
GET_CURRENT_USER: user_3Hrwmz08BOOrE5XBraSMqfSQXxp -> <app.models.core.User object at 0x0000025A93D168F0>
RECEIVED TOKEN: eyJhbGciOiJIUzI1NiIsInR5cCI6IkpXVCJ9.eyJleHAiOjE3OTAwNjE3OTMsInN1YiI6InVzZXJfM0hyd216MDhCT09yRTVYQnJhU01xZlNRWHhwIn0.ekds2A0i64EgiApfkj2b47w55gUv5o5qjHKeFhNAjNQ
DECODED PAYLOAD: {'exp': 1790061793, 'sub': 'user_3Hrwmz08BOOrE5XBraSMqfSQXxp'}
GET_CURRENT_USER: user_3Hrwmz08BOOrE5XBraSMqfSQXxp -> <app.models.core.User object at 0x0000025A93D16340>
REQUIRE_ADMIN: user_3Hrwmz08BOOrE5XBraSMqfSQXxp -> admin
RECEIVED TOKEN: eyJhbGciOiJIUzI1NiIsInR5cCI6IkpXVCJ9.eyJleHAiOjE3OTAwNjE3OTMsInN1YiI6InVzZXJfM0hyd216MDhCT09yRTVYQnJhU01xZlNRWHhwIn0.ekds2A0i64EgiApfkj2b47w55gUv5o5qjHKeFhNAjNQ
DECODED PAYLOAD: {'exp': 1790061793, 'sub': 'user_3Hrwmz08BOOrE5XBraSMqfSQXxp'}
GET_CURRENT_USER: user_3Hrwmz08BOOrE5XBraSMqfSQXxp -> <app.models.core.User object at 0x0000025A929806D0>
REQUIRE_ADMIN: user_3Hrwmz08BOOrE5XBraSMqfSQXxp -> admin
RECEIVED TOKEN: eyJhbGciOiJIUzI1NiIsInR5cCI6IkpXVCJ9.eyJleHAiOjE3OTAwNjE3OTMsInN1YiI6InVzZXJfM0hyd216MDhCT09yRTVYQnJhU01xZlNRWHhwIn0.ekds2A0i64EgiApfkj2b47w55gUv5o5qjHKeFhNAjNQ
DECODED PAYLOAD: {'exp': 1790061793, 'sub': 'user_3Hrwmz08BOOrE5XBraSMqfSQXxp'}
RECEIVED TOKEN: eyJhbGciOiJIUzI1NiIsInR5cCI6IkpXVCJ9.eyJleHAiOjE3OTAwNjE3OTMsInN1YiI6InVzZXJfM0hyd216MDhCT09yRTVYQnJhU01xZlNRWHhwIn0.ekds2A0i64EgiApfkj2b47w55gUv5o5qjHKeFhNAjNQ
DECODED PAYLOAD: {'exp': 1790061793, 'sub': 'user_3Hrwmz08BOOrE5XBraSMqfSQXxp'}
RECEIVED TOKEN: eyJhbGciOiJIUzI1NiIsInR5cCI6IkpXVCJ9.eyJleHAiOjE3OTAwNjE3OTMsInN1YiI6InVzZXJfM0hyd216MDhCT09yRTVYQnJhU01xZlNRWHhwIn0.ekds2A0i64EgiApfkj2b47w55gUv5o5qjHKeFhNAjNQ
DECODED PAYLOAD: {'exp': 1790061793, 'sub': 'user_3Hrwmz08BOOrE5XBraSMqfSQXxp'}
GET_CURRENT_USER: user_3Hrwmz08BOOrE5XBraSMqfSQXxp -> <app.models.core.User object at 0x0000025A93D14050>
GET_CURRENT_USER: user_3Hrwmz08BOOrE5XBraSMqfSQXxp -> <app.models.core.User object at 0x0000025A93D14BB0>
REQUIRE_ADMIN: user_3Hrwmz08BOOrE5XBraSMqfSQXxp -> admin
RECEIVED TOKEN: eyJhbGciOiJIUzI1NiIsInR5cCI6IkpXVCJ9.eyJleHAiOjE3OTAwNjE3OTMsInN1YiI6InVzZXJfM0hyd216MDhCT09yRTVYQnJhU01xZlNRWHhwIn0.ekds2A0i64EgiApfkj2b47w55gUv5o5qjHKeFhNAjNQ
DECODED PAYLOAD: {'exp': 1790061793, 'sub': 'user_3Hrwmz08BOOrE5XBraSMqfSQXxp'}
RECEIVED TOKEN: eyJhbGciOiJIUzI1NiIsInR5cCI6IkpXVCJ9.eyJleHAiOjE3OTAwNjE3OTMsInN1YiI6InVzZXJfM0hyd216MDhCT09yRTVYQnJhU01xZlNRWHhwIn0.ekds2A0i64EgiApfkj2b47w55gUv5o5qjHKeFhNAjNQ
DECODED PAYLOAD: {'exp': 1790061793, 'sub': 'user_3Hrwmz08BOOrE5XBraSMqfSQXxp'}
RECEIVED TOKEN: eyJhbGciOiJIUzI1NiIsInR5cCI6IkpXVCJ9.eyJleHAiOjE3OTAwNjE3OTMsInN1YiI6InVzZXJfM0hyd216MDhCT09yRTVYQnJhU01xZlNRWHhwIn0.ekds2A0i64EgiApfkj2b47w55gUv5o5qjHKeFhNAjNQ
DECODED PAYLOAD: {'exp': 1790061793, 'sub': 'user_3Hrwmz08BOOrE5XBraSMqfSQXxp'}
GET_CURRENT_USER: user_3Hrwmz08BOOrE5XBraSMqfSQXxp -> <app.models.core.User object at 0x0000025A93D15BF0>
REQUIRE_ADMIN: user_3Hrwmz08BOOrE5XBraSMqfSQXxp -> admin
GET_CURRENT_USER: user_3Hrwmz08BOOrE5XBraSMqfSQXxp -> <app.models.core.User object at 0x0000025A92983C70>
RECEIVED TOKEN: eyJhbGciOiJIUzI1NiIsInR5cCI6IkpXVCJ9.eyJleHAiOjE3OTAwNjE3OTMsInN1YiI6InVzZXJfM0hyd216MDhCT09yRTVYQnJhU01xZlNRWHhwIn0.ekds2A0i64EgiApfkj2b47w55gUv5o5qjHKeFhNAjNQ
DECODED PAYLOAD: {'exp': 1790061793, 'sub': 'user_3Hrwmz08BOOrE5XBraSMqfSQXxp'}
RECEIVED TOKEN: eyJhbGciOiJIUzI1NiIsInR5cCI6IkpXVCJ9.eyJleHAiOjE3OTAwNjE3OTMsInN1YiI6InVzZXJfM0hyd216MDhCT09yRTVYQnJhU01xZlNRWHhwIn0.ekds2A0i64EgiApfkj2b47w55gUv5o5qjHKeFhNAjNQ
DECODED PAYLOAD: {'exp': 1790061793, 'sub': 'user_3Hrwmz08BOOrE5XBraSMqfSQXxp'}
GET_CURRENT_USER: user_3Hrwmz08BOOrE5XBraSMqfSQXxp -> <app.models.core.User object at 0x0000025A93E0EB60>
REQUIRE_ADMIN: user_3Hrwmz08BOOrE5XBraSMqfSQXxp -> admin
GET_CURRENT_USER: user_3Hrwmz08BOOrE5XBraSMqfSQXxp -> <app.models.core.User object at 0x0000025A93E0F450>
REQUIRE_ADMIN: user_3Hrwmz08BOOrE5XBraSMqfSQXxp -> admin
RECEIVED TOKEN: eyJhbGciOiJIUzI1NiIsInR5cCI6IkpXVCJ9.eyJleHAiOjE3OTAwNjE3OTMsInN1YiI6InVzZXJfM0hyd216MDhCT09yRTVYQnJhU01xZlNRWHhwIn0.ekds2A0i64EgiApfkj2b47w55gUv5o5qjHKeFhNAjNQ
DECODED PAYLOAD: {'exp': 1790061793, 'sub': 'user_3Hrwmz08BOOrE5XBraSMqfSQXxp'}
RECEIVED TOKEN: eyJhbGciOiJIUzI1NiIsInR5cCI6IkpXVCJ9.eyJleHAiOjE3OTAwNjE3OTMsInN1YiI6InVzZXJfM0hyd216MDhCT09yRTVYQnJhU01xZlNRWHhwIn0.ekds2A0i64EgiApfkj2b47w55gUv5o5qjHKeFhNAjNQ
DECODED PAYLOAD: {'exp': 1790061793, 'sub': 'user_3Hrwmz08BOOrE5XBraSMqfSQXxp'}
GET_CURRENT_USER: user_3Hrwmz08BOOrE5XBraSMqfSQXxp -> <app.models.core.User object at 0x0000025A92983520>
REQUIRE_ADMIN: user_3Hrwmz08BOOrE5XBraSMqfSQXxp -> admin
GET_CURRENT_USER: user_3Hrwmz08BOOrE5XBraSMqfSQXxp -> <app.models.core.User object at 0x0000025A93D14530>
REQUIRE_ADMIN: user_3Hrwmz08BOOrE5XBraSMqfSQXxp -> admin
RECEIVED TOKEN: eyJhbGciOiJIUzI1NiIsInR5cCI6IkpXVCJ9.eyJleHAiOjE3OTAwNjE3OTMsInN1YiI6InVzZXJfM0hyd216MDhCT09yRTVYQnJhU01xZlNRWHhwIn0.ekds2A0i64EgiApfkj2b47w55gUv5o5qjHKeFhNAjNQ
DECODED PAYLOAD: {'exp': 1790061793, 'sub': 'user_3Hrwmz08BOOrE5XBraSMqfSQXxp'}
RECEIVED TOKEN: eyJhbGciOiJIUzI1NiIsInR5cCI6IkpXVCJ9.eyJleHAiOjE3OTAwNjE3OTMsInN1YiI6InVzZXJfM0hyd216MDhCT09yRTVYQnJhU01xZlNRWHhwIn0.ekds2A0i64EgiApfkj2b47w55gUv5o5qjHKeFhNAjNQ
DECODED PAYLOAD: {'exp': 1790061793, 'sub': 'user_3Hrwmz08BOOrE5XBraSMqfSQXxp'}
GET_CURRENT_USER: user_3Hrwmz08BOOrE5XBraSMqfSQXxp -> <app.models.core.User object at 0x0000025A93E0EDD0>
RECEIVED TOKEN: eyJhbGciOiJIUzI1NiIsInR5cCI6IkpXVCJ9.eyJleHAiOjE3OTAwNjE3OTMsInN1YiI6InVzZXJfM0hyd216MDhCT09yRTVYQnJhU01xZlNRWHhwIn0.ekds2A0i64EgiApfkj2b47w55gUv5o5qjHKeFhNAjNQ
DECODED PAYLOAD: {'exp': 1790061793, 'sub': 'user_3Hrwmz08BOOrE5XBraSMqfSQXxp'}
GET_CURRENT_USER: user_3Hrwmz08BOOrE5XBraSMqfSQXxp -> <app.models.core.User object at 0x0000025A93D16EA0>
REQUIRE_ADMIN: user_3Hrwmz08BOOrE5XBraSMqfSQXxp -> admin
RECEIVED TOKEN: eyJhbGciOiJIUzI1NiIsInR5cCI6IkpXVCJ9.eyJleHAiOjE3OTAwNjE3OTMsInN1YiI6InVzZXJfM0hyd216MDhCT09yRTVYQnJhU01xZlNRWHhwIn0.ekds2A0i64EgiApfkj2b47w55gUv5o5qjHKeFhNAjNQ
DECODED PAYLOAD: {'exp': 1790061793, 'sub': 'user_3Hrwmz08BOOrE5XBraSMqfSQXxp'}
GET_CURRENT_USER: user_3Hrwmz08BOOrE5XBraSMqfSQXxp -> <app.models.core.User object at 0x0000025A92983E10>
REQUIRE_ADMIN: user_3Hrwmz08BOOrE5XBraSMqfSQXxp -> admin
RECEIVED TOKEN: eyJhbGciOiJIUzI1NiIsInR5cCI6IkpXVCJ9.eyJleHAiOjE3OTAwNjE3OTMsInN1YiI6InVzZXJfM0hyd216MDhCT09yRTVYQnJhU01xZlNRWHhwIn0.ekds2A0i64EgiApfkj2b47w55gUv5o5qjHKeFhNAjNQ
DECODED PAYLOAD: {'exp': 1790061793, 'sub': 'user_3Hrwmz08BOOrE5XBraSMqfSQXxp'}
GET_CURRENT_USER: user_3Hrwmz08BOOrE5XBraSMqfSQXxp -> <app.models.core.User object at 0x0000025A93D16EA0>
REQUIRE_ADMIN: user_3Hrwmz08BOOrE5XBraSMqfSQXxp -> admin
RECEIVED TOKEN: eyJhbGciOiJIUzI1NiIsInR5cCI6IkpXVCJ9.eyJleHAiOjE3OTAwNjE3OTMsInN1YiI6InVzZXJfM0hyd216MDhCT09yRTVYQnJhU01xZlNRWHhwIn0.ekds2A0i64EgiApfkj2b47w55gUv5o5qjHKeFhNAjNQ
DECODED PAYLOAD: {'exp': 1790061793, 'sub': 'user_3Hrwmz08BOOrE5XBraSMqfSQXxp'}
GET_CURRENT_USER: user_3Hrwmz08BOOrE5XBraSMqfSQXxp -> <app.models.core.User object at 0x0000025A92980BB0>
REQUIRE_ADMIN: user_3Hrwmz08BOOrE5XBraSMqfSQXxp -> admin
RECEIVED TOKEN: eyJhbGciOiJIUzI1NiIsInR5cCI6IkpXVCJ9.eyJleHAiOjE3OTAwNjE3OTMsInN1YiI6InVzZXJfM0hyd216MDhCT09yRTVYQnJhU01xZlNRWHhwIn0.ekds2A0i64EgiApfkj2b47w55gUv5o5qjHKeFhNAjNQ
DECODED PAYLOAD: {'exp': 1790061793, 'sub': 'user_3Hrwmz08BOOrE5XBraSMqfSQXxp'}
GET_CURRENT_USER: user_3Hrwmz08BOOrE5XBraSMqfSQXxp -> <app.models.core.User object at 0x000001A13F2DBE00>
RECEIVED TOKEN: eyJhbGciOiJIUzI1NiIsInR5cCI6IkpXVCJ9.eyJleHAiOjE3OTAwNjE3OTMsInN1YiI6InVzZXJfM0hyd216MDhCT09yRTVYQnJhU01xZlNRWHhwIn0.ekds2A0i64EgiApfkj2b47w55gUv5o5qjHKeFhNAjNQ
DECODED PAYLOAD: {'exp': 1790061793, 'sub': 'user_3Hrwmz08BOOrE5XBraSMqfSQXxp'}
RECEIVED TOKEN: eyJhbGciOiJIUzI1NiIsInR5cCI6IkpXVCJ9.eyJleHAiOjE3OTAwNjE3OTMsInN1YiI6InVzZXJfM0hyd216MDhCT09yRTVYQnJhU01xZlNRWHhwIn0.ekds2A0i64EgiApfkj2b47w55gUv5o5qjHKeFhNAjNQ
DECODED PAYLOAD: {'exp': 1790061793, 'sub': 'user_3Hrwmz08BOOrE5XBraSMqfSQXxp'}
RECEIVED TOKEN: eyJhbGciOiJIUzI1NiIsInR5cCI6IkpXVCJ9.eyJleHAiOjE3OTAwNjE3OTMsInN1YiI6InVzZXJfM0hyd216MDhCT09yRTVYQnJhU01xZlNRWHhwIn0.ekds2A0i64EgiApfkj2b47w55gUv5o5qjHKeFhNAjNQ
DECODED PAYLOAD: {'exp': 1790061793, 'sub': 'user_3Hrwmz08BOOrE5XBraSMqfSQXxp'}
GET_CURRENT_USER: user_3Hrwmz08BOOrE5XBraSMqfSQXxp -> <app.models.core.User object at 0x000001A140670A10>
GET_CURRENT_USER: user_3Hrwmz08BOOrE5XBraSMqfSQXxp -> <app.models.core.User object at 0x000001A140672410>
REQUIRE_ADMIN: user_3Hrwmz08BOOrE5XBraSMqfSQXxp -> admin
RECEIVED TOKEN: eyJhbGciOiJIUzI1NiIsInR5cCI6IkpXVCJ9.eyJleHAiOjE3OTAwNjE3OTMsInN1YiI6InVzZXJfM0hyd216MDhCT09yRTVYQnJhU01xZlNRWHhwIn0.ekds2A0i64EgiApfkj2b47w55gUv5o5qjHKeFhNAjNQ
DECODED PAYLOAD: {'exp': 1790061793, 'sub': 'user_3Hrwmz08BOOrE5XBraSMqfSQXxp'}
GET_CURRENT_USER: user_3Hrwmz08BOOrE5XBraSMqfSQXxp -> <app.models.core.User object at 0x000001A1406729C0>
RECEIVED TOKEN: eyJhbGciOiJIUzI1NiIsInR5cCI6IkpXVCJ9.eyJleHAiOjE3OTAwNjE3OTMsInN1YiI6InVzZXJfM0hyd216MDhCT09yRTVYQnJhU01xZlNRWHhwIn0.ekds2A0i64EgiApfkj2b47w55gUv5o5qjHKeFhNAjNQ
DECODED PAYLOAD: {'exp': 1790061793, 'sub': 'user_3Hrwmz08BOOrE5XBraSMqfSQXxp'}
GET_CURRENT_USER: user_3Hrwmz08BOOrE5XBraSMqfSQXxp -> <app.models.core.User object at 0x000001A1406729C0>
REQUIRE_ADMIN: user_3Hrwmz08BOOrE5XBraSMqfSQXxp -> admin
RECEIVED TOKEN: eyJhbGciOiJIUzI1NiIsInR5cCI6IkpXVCJ9.eyJleHAiOjE3OTAwNjE3OTMsInN1YiI6InVzZXJfM0hyd216MDhCT09yRTVYQnJhU01xZlNRWHhwIn0.ekds2A0i64EgiApfkj2b47w55gUv5o5qjHKeFhNAjNQ
DECODED PAYLOAD: {'exp': 1790061793, 'sub': 'user_3Hrwmz08BOOrE5XBraSMqfSQXxp'}
RECEIVED TOKEN: eyJhbGciOiJIUzI1NiIsInR5cCI6IkpXVCJ9.eyJleHAiOjE3OTAwNjE3OTMsInN1YiI6InVzZXJfM0hyd216MDhCT09yRTVYQnJhU01xZlNRWHhwIn0.ekds2A0i64EgiApfkj2b47w55gUv5o5qjHKeFhNAjNQ
DECODED PAYLOAD: {'exp': 1790061793, 'sub': 'user_3Hrwmz08BOOrE5XBraSMqfSQXxp'}
RECEIVED TOKEN: eyJhbGciOiJIUzI1NiIsInR5cCI6IkpXVCJ9.eyJleHAiOjE3OTAwNjE3OTMsInN1YiI6InVzZXJfM0hyd216MDhCT09yRTVYQnJhU01xZlNRWHhwIn0.ekds2A0i64EgiApfkj2b47w55gUv5o5qjHKeFhNAjNQ
DECODED PAYLOAD: {'exp': 1790061793, 'sub': 'user_3Hrwmz08BOOrE5XBraSMqfSQXxp'}
GET_CURRENT_USER: user_3Hrwmz08BOOrE5XBraSMqfSQXxp -> <app.models.core.User object at 0x000001A1406702C0>
GET_CURRENT_USER: user_3Hrwmz08BOOrE5XBraSMqfSQXxp -> <app.models.core.User object at 0x000001A140671CC0>
REQUIRE_ADMIN: user_3Hrwmz08BOOrE5XBraSMqfSQXxp -> admin
RECEIVED TOKEN: eyJhbGciOiJIUzI1NiIsInR5cCI6IkpXVCJ9.eyJleHAiOjE3OTAwNjE3OTMsInN1YiI6InVzZXJfM0hyd216MDhCT09yRTVYQnJhU01xZlNRWHhwIn0.ekds2A0i64EgiApfkj2b47w55gUv5o5qjHKeFhNAjNQ
DECODED PAYLOAD: {'exp': 1790061793, 'sub': 'user_3Hrwmz08BOOrE5XBraSMqfSQXxp'}
RECEIVED TOKEN: eyJhbGciOiJIUzI1NiIsInR5cCI6IkpXVCJ9.eyJleHAiOjE3OTAwNjE3OTMsInN1YiI6InVzZXJfM0hyd216MDhCT09yRTVYQnJhU01xZlNRWHhwIn0.ekds2A0i64EgiApfkj2b47w55gUv5o5qjHKeFhNAjNQ
DECODED PAYLOAD: {'exp': 1790061793, 'sub': 'user_3Hrwmz08BOOrE5XBraSMqfSQXxp'}
RECEIVED TOKEN: eyJhbGciOiJIUzI1NiIsInR5cCI6IkpXVCJ9.eyJleHAiOjE3OTAwNjE3OTMsInN1YiI6InVzZXJfM0hyd216MDhCT09yRTVYQnJhU01xZlNRWHhwIn0.ekds2A0i64EgiApfkj2b47w55gUv5o5qjHKeFhNAjNQ
DECODED PAYLOAD: {'exp': 1790061793, 'sub': 'user_3Hrwmz08BOOrE5XBraSMqfSQXxp'}
GET_CURRENT_USER: user_3Hrwmz08BOOrE5XBraSMqfSQXxp -> <app.models.core.User object at 0x000001A140670FC0>
GET_CURRENT_USER: user_3Hrwmz08BOOrE5XBraSMqfSQXxp -> <app.models.core.User object at 0x000001A1406729C0>
REQUIRE_ADMIN: user_3Hrwmz08BOOrE5XBraSMqfSQXxp -> admin
RECEIVED TOKEN: invalid_token
JWT ERROR: Not enough segments
RECEIVED TOKEN: eyJhbGciOiJIUzI1NiIsInR5cCI6IkpXVCJ9.eyJleHAiOjE3OTAxODEwOTIsInN1YiI6InVzZXJfM0hyd216MDhCT09yRTVYQnJhU01xZlNRWHhwIn0.AGg2jPigJXs6Bw0yVqRC9Nt1NCb77vKYWiNJ7z4x3RM
DECODED PAYLOAD: {'exp': 1790181092, 'sub': 'user_3Hrwmz08BOOrE5XBraSMqfSQXxp'}
RECEIVED TOKEN: eyJhbGciOiJIUzI1NiIsInR5cCI6IkpXVCJ9.eyJleHAiOjE3OTAxODEwOTIsInN1YiI6InVzZXJfM0hyd216MDhCT09yRTVYQnJhU01xZlNRWHhwIn0.AGg2jPigJXs6Bw0yVqRC9Nt1NCb77vKYWiNJ7z4x3RM
DECODED PAYLOAD: {'exp': 1790181092, 'sub': 'user_3Hrwmz08BOOrE5XBraSMqfSQXxp'}
RECEIVED TOKEN: eyJhbGciOiJIUzI1NiIsInR5cCI6IkpXVCJ9.eyJleHAiOjE3OTAxODEwOTIsInN1YiI6InVzZXJfM0hyd216MDhCT09yRTVYQnJhU01xZlNRWHhwIn0.AGg2jPigJXs6Bw0yVqRC9Nt1NCb77vKYWiNJ7z4x3RM
DECODED PAYLOAD: {'exp': 1790181092, 'sub': 'user_3Hrwmz08BOOrE5XBraSMqfSQXxp'}
GET_CURRENT_USER: user_3Hrwmz08BOOrE5XBraSMqfSQXxp -> <app.models.core.User object at 0x000001A1406720D0>
RECEIVED TOKEN: eyJhbGciOiJIUzI1NiIsInR5cCI6IkpXVCJ9.eyJleHAiOjE3OTAxODEwOTIsInN1YiI6InVzZXJfM0hyd216MDhCT09yRTVYQnJhU01xZlNRWHhwIn0.AGg2jPigJXs6Bw0yVqRC9Nt1NCb77vKYWiNJ7z4x3RM
DECODED PAYLOAD: {'exp': 1790181092, 'sub': 'user_3Hrwmz08BOOrE5XBraSMqfSQXxp'}
GET_CURRENT_USER: user_3Hrwmz08BOOrE5XBraSMqfSQXxp -> <app.models.core.User object at 0x000001A13F557C70>
RECEIVED TOKEN: eyJhbGciOiJIUzI1NiIsInR5cCI6IkpXVCJ9.eyJleHAiOjE3OTAxODEwOTIsInN1YiI6InVzZXJfM0hyd216MDhCT09yRTVYQnJhU01xZlNRWHhwIn0.AGg2jPigJXs6Bw0yVqRC9Nt1NCb77vKYWiNJ7z4x3RM
DECODED PAYLOAD: {'exp': 1790181092, 'sub': 'user_3Hrwmz08BOOrE5XBraSMqfSQXxp'}
GET_CURRENT_USER: user_3Hrwmz08BOOrE5XBraSMqfSQXxp -> <app.models.core.User object at 0x000001A1406736C0>
REQUIRE_ADMIN: user_3Hrwmz08BOOrE5XBraSMqfSQXxp -> admin
RECEIVED TOKEN: eyJhbGciOiJIUzI1NiIsInR5cCI6IkpXVCJ9.eyJleHAiOjE3OTAxODEwOTIsInN1YiI6InVzZXJfM0hyd216MDhCT09yRTVYQnJhU01xZlNRWHhwIn0.AGg2jPigJXs6Bw0yVqRC9Nt1NCb77vKYWiNJ7z4x3RM
DECODED PAYLOAD: {'exp': 1790181092, 'sub': 'user_3Hrwmz08BOOrE5XBraSMqfSQXxp'}
GET_CURRENT_USER: user_3Hrwmz08BOOrE5XBraSMqfSQXxp -> <app.models.core.User object at 0x000001A13F555230>
REQUIRE_ADMIN: user_3Hrwmz08BOOrE5XBraSMqfSQXxp -> admin
RECEIVED TOKEN: eyJhbGciOiJIUzI1NiIsInR5cCI6IkpXVCJ9.eyJleHAiOjE3OTAxODEwOTIsInN1YiI6InVzZXJfM0hyd216MDhCT09yRTVYQnJhU01xZlNRWHhwIn0.AGg2jPigJXs6Bw0yVqRC9Nt1NCb77vKYWiNJ7z4x3RM
DECODED PAYLOAD: {'exp': 1790181092, 'sub': 'user_3Hrwmz08BOOrE5XBraSMqfSQXxp'}
RECEIVED TOKEN: eyJhbGciOiJIUzI1NiIsInR5cCI6IkpXVCJ9.eyJleHAiOjE3OTAxODEwOTIsInN1YiI6InVzZXJfM0hyd216MDhCT09yRTVYQnJhU01xZlNRWHhwIn0.AGg2jPigJXs6Bw0yVqRC9Nt1NCb77vKYWiNJ7z4x3RM
DECODED PAYLOAD: {'exp': 1790181092, 'sub': 'user_3Hrwmz08BOOrE5XBraSMqfSQXxp'}
GET_CURRENT_USER: user_3Hrwmz08BOOrE5XBraSMqfSQXxp -> <app.models.core.User object at 0x000001A13F557C70>
RECEIVED TOKEN: eyJhbGciOiJIUzI1NiIsInR5cCI6IkpXVCJ9.eyJleHAiOjE3OTAxODEwOTIsInN1YiI6InVzZXJfM0hyd216MDhCT09yRTVYQnJhU01xZlNRWHhwIn0.AGg2jPigJXs6Bw0yVqRC9Nt1NCb77vKYWiNJ7z4x3RM
DECODED PAYLOAD: {'exp': 1790181092, 'sub': 'user_3Hrwmz08BOOrE5XBraSMqfSQXxp'}
RECEIVED TOKEN: eyJhbGciOiJIUzI1NiIsInR5cCI6IkpXVCJ9.eyJleHAiOjE3OTAxODEwOTIsInN1YiI6InVzZXJfM0hyd216MDhCT09yRTVYQnJhU01xZlNRWHhwIn0.AGg2jPigJXs6Bw0yVqRC9Nt1NCb77vKYWiNJ7z4x3RM
DECODED PAYLOAD: {'exp': 1790181092, 'sub': 'user_3Hrwmz08BOOrE5XBraSMqfSQXxp'}
GET_CURRENT_USER: user_3Hrwmz08BOOrE5XBraSMqfSQXxp -> <app.models.core.User object at 0x000001A1406713D0>
RECEIVED TOKEN: eyJhbGciOiJIUzI1NiIsInR5cCI6IkpXVCJ9.eyJleHAiOjE3OTAxODEwOTIsInN1YiI6InVzZXJfM0hyd216MDhCT09yRTVYQnJhU01xZlNRWHhwIn0.AGg2jPigJXs6Bw0yVqRC9Nt1NCb77vKYWiNJ7z4x3RM
DECODED PAYLOAD: {'exp': 1790181092, 'sub': 'user_3Hrwmz08BOOrE5XBraSMqfSQXxp'}
GET_CURRENT_USER: user_3Hrwmz08BOOrE5XBraSMqfSQXxp -> <app.models.core.User object at 0x00000209D2127CB0>
RECEIVED TOKEN: eyJhbGciOiJIUzI1NiIsInR5cCI6IkpXVCJ9.eyJleHAiOjE3OTAxODEwOTIsInN1YiI6InVzZXJfM0hyd216MDhCT09yRTVYQnJhU01xZlNRWHhwIn0.AGg2jPigJXs6Bw0yVqRC9Nt1NCb77vKYWiNJ7z4x3RM
DECODED PAYLOAD: {'exp': 1790181092, 'sub': 'user_3Hrwmz08BOOrE5XBraSMqfSQXxp'}
RECEIVED TOKEN: eyJhbGciOiJIUzI1NiIsInR5cCI6IkpXVCJ9.eyJleHAiOjE3OTAxODEwOTIsInN1YiI6InVzZXJfM0hyd216MDhCT09yRTVYQnJhU01xZlNRWHhwIn0.AGg2jPigJXs6Bw0yVqRC9Nt1NCb77vKYWiNJ7z4x3RM
DECODED PAYLOAD: {'exp': 1790181092, 'sub': 'user_3Hrwmz08BOOrE5XBraSMqfSQXxp'}
RECEIVED TOKEN: eyJhbGciOiJIUzI1NiIsInR5cCI6IkpXVCJ9.eyJleHAiOjE3OTAxODEwOTIsInN1YiI6InVzZXJfM0hyd216MDhCT09yRTVYQnJhU01xZlNRWHhwIn0.AGg2jPigJXs6Bw0yVqRC9Nt1NCb77vKYWiNJ7z4x3RM
DECODED PAYLOAD: {'exp': 1790181092, 'sub': 'user_3Hrwmz08BOOrE5XBraSMqfSQXxp'}
GET_CURRENT_USER: user_3Hrwmz08BOOrE5XBraSMqfSQXxp -> <app.models.core.User object at 0x00000209D2183380>
GET_CURRENT_USER: user_3Hrwmz08BOOrE5XBraSMqfSQXxp -> <app.models.core.User object at 0x00000209D21806D0>
REQUIRE_ADMIN: user_3Hrwmz08BOOrE5XBraSMqfSQXxp -> admin
RECEIVED TOKEN: eyJhbGciOiJIUzI1NiIsInR5cCI6IkpXVCJ9.eyJleHAiOjE3OTAxODEwOTIsInN1YiI6InVzZXJfM0hyd216MDhCT09yRTVYQnJhU01xZlNRWHhwIn0.AGg2jPigJXs6Bw0yVqRC9Nt1NCb77vKYWiNJ7z4x3RM
DECODED PAYLOAD: {'exp': 1790181092, 'sub': 'user_3Hrwmz08BOOrE5XBraSMqfSQXxp'}
RECEIVED TOKEN: eyJhbGciOiJIUzI1NiIsInR5cCI6IkpXVCJ9.eyJleHAiOjE3OTAxODEwOTIsInN1YiI6InVzZXJfM0hyd216MDhCT09yRTVYQnJhU01xZlNRWHhwIn0.AGg2jPigJXs6Bw0yVqRC9Nt1NCb77vKYWiNJ7z4x3RM
DECODED PAYLOAD: {'exp': 1790181092, 'sub': 'user_3Hrwmz08BOOrE5XBraSMqfSQXxp'}
RECEIVED TOKEN: eyJhbGciOiJIUzI1NiIsInR5cCI6IkpXVCJ9.eyJleHAiOjE3OTAxODEwOTIsInN1YiI6InVzZXJfM0hyd216MDhCT09yRTVYQnJhU01xZlNRWHhwIn0.AGg2jPigJXs6Bw0yVqRC9Nt1NCb77vKYWiNJ7z4x3RM
DECODED PAYLOAD: {'exp': 1790181092, 'sub': 'user_3Hrwmz08BOOrE5XBraSMqfSQXxp'}
GET_CURRENT_USER: user_3Hrwmz08BOOrE5XBraSMqfSQXxp -> <app.models.core.User object at 0x00000209D34E6410>
REQUIRE_ADMIN: user_3Hrwmz08BOOrE5XBraSMqfSQXxp -> admin
GET_CURRENT_USER: user_3Hrwmz08BOOrE5XBraSMqfSQXxp -> <app.models.core.User object at 0x00000209D34E6750>
RECEIVED TOKEN: eyJhbGciOiJIUzI1NiIsInR5cCI6IkpXVCJ9.eyJleHAiOjE3OTAxODEwOTIsInN1YiI6InVzZXJfM0hyd216MDhCT09yRTVYQnJhU01xZlNRWHhwIn0.AGg2jPigJXs6Bw0yVqRC9Nt1NCb77vKYWiNJ7z4x3RM
DECODED PAYLOAD: {'exp': 1790181092, 'sub': 'user_3Hrwmz08BOOrE5XBraSMqfSQXxp'}
GET_CURRENT_USER: user_3Hrwmz08BOOrE5XBraSMqfSQXxp -> <app.models.core.User object at 0x00000179F92A6470>
RECEIVED TOKEN: eyJhbGciOiJIUzI1NiIsInR5cCI6IkpXVCJ9.eyJleHAiOjE3OTAxODEwOTIsInN1YiI6InVzZXJfM0hyd216MDhCT09yRTVYQnJhU01xZlNRWHhwIn0.AGg2jPigJXs6Bw0yVqRC9Nt1NCb77vKYWiNJ7z4x3RM
DECODED PAYLOAD: {'exp': 1790181092, 'sub': 'user_3Hrwmz08BOOrE5XBraSMqfSQXxp'}
RECEIVED TOKEN: eyJhbGciOiJIUzI1NiIsInR5cCI6IkpXVCJ9.eyJleHAiOjE3OTAxODEwOTIsInN1YiI6InVzZXJfM0hyd216MDhCT09yRTVYQnJhU01xZlNRWHhwIn0.AGg2jPigJXs6Bw0yVqRC9Nt1NCb77vKYWiNJ7z4x3RM
DECODED PAYLOAD: {'exp': 1790181092, 'sub': 'user_3Hrwmz08BOOrE5XBraSMqfSQXxp'}
GET_CURRENT_USER: user_3Hrwmz08BOOrE5XBraSMqfSQXxp -> <app.models.core.User object at 0x00000179F9321160>
RECEIVED TOKEN: eyJhbGciOiJIUzI1NiIsInR5cCI6IkpXVCJ9.eyJleHAiOjE3OTAxODEwOTIsInN1YiI6InVzZXJfM0hyd216MDhCT09yRTVYQnJhU01xZlNRWHhwIn0.AGg2jPigJXs6Bw0yVqRC9Nt1NCb77vKYWiNJ7z4x3RM
DECODED PAYLOAD: {'exp': 1790181092, 'sub': 'user_3Hrwmz08BOOrE5XBraSMqfSQXxp'}
RECEIVED TOKEN: eyJhbGciOiJIUzI1NiIsInR5cCI6IkpXVCJ9.eyJleHAiOjE3OTAxODEwOTIsInN1YiI6InVzZXJfM0hyd216MDhCT09yRTVYQnJhU01xZlNRWHhwIn0.AGg2jPigJXs6Bw0yVqRC9Nt1NCb77vKYWiNJ7z4x3RM
DECODED PAYLOAD: {'exp': 1790181092, 'sub': 'user_3Hrwmz08BOOrE5XBraSMqfSQXxp'}
GET_CURRENT_USER: user_3Hrwmz08BOOrE5XBraSMqfSQXxp -> <app.models.core.User object at 0x00000179F96894A0>
RECEIVED TOKEN: eyJhbGciOiJIUzI1NiIsInR5cCI6IkpXVCJ9.eyJleHAiOjE3OTAxODEwOTIsInN1YiI6InVzZXJfM0hyd216MDhCT09yRTVYQnJhU01xZlNRWHhwIn0.AGg2jPigJXs6Bw0yVqRC9Nt1NCb77vKYWiNJ7z4x3RM
DECODED PAYLOAD: {'exp': 1790181092, 'sub': 'user_3Hrwmz08BOOrE5XBraSMqfSQXxp'}
RECEIVED TOKEN: eyJhbGciOiJIUzI1NiIsInR5cCI6IkpXVCJ9.eyJleHAiOjE3OTAxODEwOTIsInN1YiI6InVzZXJfM0hyd216MDhCT09yRTVYQnJhU01xZlNRWHhwIn0.AGg2jPigJXs6Bw0yVqRC9Nt1NCb77vKYWiNJ7z4x3RM
DECODED PAYLOAD: {'exp': 1790181092, 'sub': 'user_3Hrwmz08BOOrE5XBraSMqfSQXxp'}
GET_CURRENT_USER: user_3Hrwmz08BOOrE5XBraSMqfSQXxp -> <app.models.core.User object at 0x0000015CB3E20A50>
RECEIVED TOKEN: eyJhbGciOiJIUzI1NiIsInR5cCI6IkpXVCJ9.eyJleHAiOjE3OTAxODEwOTIsInN1YiI6InVzZXJfM0hyd216MDhCT09yRTVYQnJhU01xZlNRWHhwIn0.AGg2jPigJXs6Bw0yVqRC9Nt1NCb77vKYWiNJ7z4x3RM
DECODED PAYLOAD: {'exp': 1790181092, 'sub': 'user_3Hrwmz08BOOrE5XBraSMqfSQXxp'}
GET_CURRENT_USER: user_3Hrwmz08BOOrE5XBraSMqfSQXxp -> <app.models.core.User object at 0x0000015CB3B43D90>
REQUIRE_ADMIN: user_3Hrwmz08BOOrE5XBraSMqfSQXxp -> admin
RECEIVED TOKEN: eyJhbGciOiJIUzI1NiIsInR5cCI6IkpXVCJ9.eyJleHAiOjE3OTAxODEwOTIsInN1YiI6InVzZXJfM0hyd216MDhCT09yRTVYQnJhU01xZlNRWHhwIn0.AGg2jPigJXs6Bw0yVqRC9Nt1NCb77vKYWiNJ7z4x3RM
DECODED PAYLOAD: {'exp': 1790181092, 'sub': 'user_3Hrwmz08BOOrE5XBraSMqfSQXxp'}
GET_CURRENT_USER: user_3Hrwmz08BOOrE5XBraSMqfSQXxp -> <app.models.core.User object at 0x0000015CB3B35220>
REQUIRE_ADMIN: user_3Hrwmz08BOOrE5XBraSMqfSQXxp -> admin
RECEIVED TOKEN: eyJhbGciOiJIUzI1NiIsInR5cCI6IkpXVCJ9.eyJleHAiOjE3OTAxODEwOTIsInN1YiI6InVzZXJfM0hyd216MDhCT09yRTVYQnJhU01xZlNRWHhwIn0.AGg2jPigJXs6Bw0yVqRC9Nt1NCb77vKYWiNJ7z4x3RM
DECODED PAYLOAD: {'exp': 1790181092, 'sub': 'user_3Hrwmz08BOOrE5XBraSMqfSQXxp'}
GET_CURRENT_USER: user_3Hrwmz08BOOrE5XBraSMqfSQXxp -> <app.models.core.User object at 0x0000015CB3E2FCE0>
REQUIRE_ADMIN: user_3Hrwmz08BOOrE5XBraSMqfSQXxp -> admin
RECEIVED TOKEN: eyJhbGciOiJIUzI1NiIsInR5cCI6IkpXVCJ9.eyJleHAiOjE3OTAxODEwOTIsInN1YiI6InVzZXJfM0hyd216MDhCT09yRTVYQnJhU01xZlNRWHhwIn0.AGg2jPigJXs6Bw0yVqRC9Nt1NCb77vKYWiNJ7z4x3RM
DECODED PAYLOAD: {'exp': 1790181092, 'sub': 'user_3Hrwmz08BOOrE5XBraSMqfSQXxp'}
GET_CURRENT_USER: user_3Hrwmz08BOOrE5XBraSMqfSQXxp -> <app.models.core.User object at 0x0000015CB3E48050>
REQUIRE_ADMIN: user_3Hrwmz08BOOrE5XBraSMqfSQXxp -> admin
RECEIVED TOKEN: eyJhbGciOiJIUzI1NiIsInR5cCI6IkpXVCJ9.eyJleHAiOjE3OTAxODEwOTIsInN1YiI6InVzZXJfM0hyd216MDhCT09yRTVYQnJhU01xZlNRWHhwIn0.AGg2jPigJXs6Bw0yVqRC9Nt1NCb77vKYWiNJ7z4x3RM
DECODED PAYLOAD: {'exp': 1790181092, 'sub': 'user_3Hrwmz08BOOrE5XBraSMqfSQXxp'}
RECEIVED TOKEN: eyJhbGciOiJIUzI1NiIsInR5cCI6IkpXVCJ9.eyJleHAiOjE3OTAxODEwOTIsInN1YiI6InVzZXJfM0hyd216MDhCT09yRTVYQnJhU01xZlNRWHhwIn0.AGg2jPigJXs6Bw0yVqRC9Nt1NCb77vKYWiNJ7z4x3RM
DECODED PAYLOAD: {'exp': 1790181092, 'sub': 'user_3Hrwmz08BOOrE5XBraSMqfSQXxp'}
GET_CURRENT_USER: user_3Hrwmz08BOOrE5XBraSMqfSQXxp -> <app.models.core.User object at 0x0000015CB3E51150>
REQUIRE_ADMIN: user_3Hrwmz08BOOrE5XBraSMqfSQXxp -> admin
GET_CURRENT_USER: user_3Hrwmz08BOOrE5XBraSMqfSQXxp -> <app.models.core.User object at 0x0000015CB3E50C00>
REQUIRE_ADMIN: user_3Hrwmz08BOOrE5XBraSMqfSQXxp -> admin
RECEIVED TOKEN: eyJhbGciOiJIUzI1NiIsInR5cCI6IkpXVCJ9.eyJleHAiOjE3OTAxODEwOTIsInN1YiI6InVzZXJfM0hyd216MDhCT09yRTVYQnJhU01xZlNRWHhwIn0.AGg2jPigJXs6Bw0yVqRC9Nt1NCb77vKYWiNJ7z4x3RM
DECODED PAYLOAD: {'exp': 1790181092, 'sub': 'user_3Hrwmz08BOOrE5XBraSMqfSQXxp'}
RECEIVED TOKEN: eyJhbGciOiJIUzI1NiIsInR5cCI6IkpXVCJ9.eyJleHAiOjE3OTAxODEwOTIsInN1YiI6InVzZXJfM0hyd216MDhCT09yRTVYQnJhU01xZlNRWHhwIn0.AGg2jPigJXs6Bw0yVqRC9Nt1NCb77vKYWiNJ7z4x3RM
DECODED PAYLOAD: {'exp': 1790181092, 'sub': 'user_3Hrwmz08BOOrE5XBraSMqfSQXxp'}
GET_CURRENT_USER: user_3Hrwmz08BOOrE5XBraSMqfSQXxp -> <app.models.core.User object at 0x0000015CB38E7200>
REQUIRE_ADMIN: user_3Hrwmz08BOOrE5XBraSMqfSQXxp -> admin
GET_CURRENT_USER: user_3Hrwmz08BOOrE5XBraSMqfSQXxp -> <app.models.core.User object at 0x0000015CB4EDB930>
REQUIRE_ADMIN: user_3Hrwmz08BOOrE5XBraSMqfSQXxp -> admin
RECEIVED TOKEN: eyJhbGciOiJIUzI1NiIsInR5cCI6IkpXVCJ9.eyJleHAiOjE3OTAxODEwOTIsInN1YiI6InVzZXJfM0hyd216MDhCT09yRTVYQnJhU01xZlNRWHhwIn0.AGg2jPigJXs6Bw0yVqRC9Nt1NCb77vKYWiNJ7z4x3RM
DECODED PAYLOAD: {'exp': 1790181092, 'sub': 'user_3Hrwmz08BOOrE5XBraSMqfSQXxp'}
RECEIVED TOKEN: eyJhbGciOiJIUzI1NiIsInR5cCI6IkpXVCJ9.eyJleHAiOjE3OTAxODEwOTIsInN1YiI6InVzZXJfM0hyd216MDhCT09yRTVYQnJhU01xZlNRWHhwIn0.AGg2jPigJXs6Bw0yVqRC9Nt1NCb77vKYWiNJ7z4x3RM
DECODED PAYLOAD: {'exp': 1790181092, 'sub': 'user_3Hrwmz08BOOrE5XBraSMqfSQXxp'}
GET_CURRENT_USER: user_3Hrwmz08BOOrE5XBraSMqfSQXxp -> <app.models.core.User object at 0x0000015CB3B4FEE0>
RECEIVED TOKEN: eyJhbGciOiJIUzI1NiIsInR5cCI6IkpXVCJ9.eyJleHAiOjE3OTAxODEwOTIsInN1YiI6InVzZXJfM0hyd216MDhCT09yRTVYQnJhU01xZlNRWHhwIn0.AGg2jPigJXs6Bw0yVqRC9Nt1NCb77vKYWiNJ7z4x3RM
DECODED PAYLOAD: {'exp': 1790181092, 'sub': 'user_3Hrwmz08BOOrE5XBraSMqfSQXxp'}
RECEIVED TOKEN: eyJhbGciOiJIUzI1NiIsInR5cCI6IkpXVCJ9.eyJleHAiOjE3OTAxODEwOTIsInN1YiI6InVzZXJfM0hyd216MDhCT09yRTVYQnJhU01xZlNRWHhwIn0.AGg2jPigJXs6Bw0yVqRC9Nt1NCb77vKYWiNJ7z4x3RM
DECODED PAYLOAD: {'exp': 1790181092, 'sub': 'user_3Hrwmz08BOOrE5XBraSMqfSQXxp'}
GET_CURRENT_USER: user_3Hrwmz08BOOrE5XBraSMqfSQXxp -> <app.models.core.User object at 0x0000015CB4EC0870>
RECEIVED TOKEN: eyJhbGciOiJIUzI1NiIsInR5cCI6IkpXVCJ9.eyJleHAiOjE3OTAxODEwOTIsInN1YiI6InVzZXJfM0hyd216MDhCT09yRTVYQnJhU01xZlNRWHhwIn0.AGg2jPigJXs6Bw0yVqRC9Nt1NCb77vKYWiNJ7z4x3RM
DECODED PAYLOAD: {'exp': 1790181092, 'sub': 'user_3Hrwmz08BOOrE5XBraSMqfSQXxp'}
GET_CURRENT_USER: user_3Hrwmz08BOOrE5XBraSMqfSQXxp -> <app.models.core.User object at 0x0000015CB4EC0600>
REQUIRE_ADMIN: user_3Hrwmz08BOOrE5XBraSMqfSQXxp -> admin
RECEIVED TOKEN: eyJhbGciOiJIUzI1NiIsInR5cCI6IkpXVCJ9.eyJleHAiOjE3OTAxODEwOTIsInN1YiI6InVzZXJfM0hyd216MDhCT09yRTVYQnJhU01xZlNRWHhwIn0.AGg2jPigJXs6Bw0yVqRC9Nt1NCb77vKYWiNJ7z4x3RM
DECODED PAYLOAD: {'exp': 1790181092, 'sub': 'user_3Hrwmz08BOOrE5XBraSMqfSQXxp'}
GET_CURRENT_USER: user_3Hrwmz08BOOrE5XBraSMqfSQXxp -> <app.models.core.User object at 0x0000015CB4EC28F0>
REQUIRE_ADMIN: user_3Hrwmz08BOOrE5XBraSMqfSQXxp -> admin
RECEIVED TOKEN: eyJhbGciOiJIUzI1NiIsInR5cCI6IkpXVCJ9.eyJleHAiOjE3OTAxODEwOTIsInN1YiI6InVzZXJfM0hyd216MDhCT09yRTVYQnJhU01xZlNRWHhwIn0.AGg2jPigJXs6Bw0yVqRC9Nt1NCb77vKYWiNJ7z4x3RM
DECODED PAYLOAD: {'exp': 1790181092, 'sub': 'user_3Hrwmz08BOOrE5XBraSMqfSQXxp'}
RECEIVED TOKEN: eyJhbGciOiJIUzI1NiIsInR5cCI6IkpXVCJ9.eyJleHAiOjE3OTAxODEwOTIsInN1YiI6InVzZXJfM0hyd216MDhCT09yRTVYQnJhU01xZlNRWHhwIn0.AGg2jPigJXs6Bw0yVqRC9Nt1NCb77vKYWiNJ7z4x3RM
DECODED PAYLOAD: {'exp': 1790181092, 'sub': 'user_3Hrwmz08BOOrE5XBraSMqfSQXxp'}
GET_CURRENT_USER: user_3Hrwmz08BOOrE5XBraSMqfSQXxp -> <app.models.core.User object at 0x0000015CB5277E10>
RECEIVED TOKEN: eyJhbGciOiJIUzI1NiIsInR5cCI6IkpXVCJ9.eyJleHAiOjE3OTAxODEwOTIsInN1YiI6InVzZXJfM0hyd216MDhCT09yRTVYQnJhU01xZlNRWHhwIn0.AGg2jPigJXs6Bw0yVqRC9Nt1NCb77vKYWiNJ7z4x3RM
DECODED PAYLOAD: {'exp': 1790181092, 'sub': 'user_3Hrwmz08BOOrE5XBraSMqfSQXxp'}
GET_CURRENT_USER: user_3Hrwmz08BOOrE5XBraSMqfSQXxp -> <app.models.core.User object at 0x0000015CB58AD8B0>
REQUIRE_ADMIN: user_3Hrwmz08BOOrE5XBraSMqfSQXxp -> admin
RECEIVED TOKEN: eyJhbGciOiJIUzI1NiIsInR5cCI6IkpXVCJ9.eyJleHAiOjE3OTAxODEwOTIsInN1YiI6InVzZXJfM0hyd216MDhCT09yRTVYQnJhU01xZlNRWHhwIn0.AGg2jPigJXs6Bw0yVqRC9Nt1NCb77vKYWiNJ7z4x3RM
DECODED PAYLOAD: {'exp': 1790181092, 'sub': 'user_3Hrwmz08BOOrE5XBraSMqfSQXxp'}
GET_CURRENT_USER: user_3Hrwmz08BOOrE5XBraSMqfSQXxp -> <app.models.core.User object at 0x0000015CB4EC2DD0>
REQUIRE_ADMIN: user_3Hrwmz08BOOrE5XBraSMqfSQXxp -> admin
RECEIVED TOKEN: eyJhbGciOiJIUzI1NiIsInR5cCI6IkpXVCJ9.eyJleHAiOjE3OTAxODEwOTIsInN1YiI6InVzZXJfM0hyd216MDhCT09yRTVYQnJhU01xZlNRWHhwIn0.AGg2jPigJXs6Bw0yVqRC9Nt1NCb77vKYWiNJ7z4x3RM
DECODED PAYLOAD: {'exp': 1790181092, 'sub': 'user_3Hrwmz08BOOrE5XBraSMqfSQXxp'}
RECEIVED TOKEN: eyJhbGciOiJIUzI1NiIsInR5cCI6IkpXVCJ9.eyJleHAiOjE3OTAxODEwOTIsInN1YiI6InVzZXJfM0hyd216MDhCT09yRTVYQnJhU01xZlNRWHhwIn0.AGg2jPigJXs6Bw0yVqRC9Nt1NCb77vKYWiNJ7z4x3RM
DECODED PAYLOAD: {'exp': 1790181092, 'sub': 'user_3Hrwmz08BOOrE5XBraSMqfSQXxp'}
GET_CURRENT_USER: user_3Hrwmz08BOOrE5XBraSMqfSQXxp -> <app.models.core.User object at 0x0000015CB58AD8B0>
REQUIRE_ADMIN: user_3Hrwmz08BOOrE5XBraSMqfSQXxp -> admin
GET_CURRENT_USER: user_3Hrwmz08BOOrE5XBraSMqfSQXxp -> <app.models.core.User object at 0x0000015CB58ACE20>
REQUIRE_ADMIN: user_3Hrwmz08BOOrE5XBraSMqfSQXxp -> admin
RECEIVED TOKEN: eyJhbGciOiJIUzI1NiIsInR5cCI6IkpXVCJ9.eyJleHAiOjE3OTAxODEwOTIsInN1YiI6InVzZXJfM0hyd216MDhCT09yRTVYQnJhU01xZlNRWHhwIn0.AGg2jPigJXs6Bw0yVqRC9Nt1NCb77vKYWiNJ7z4x3RM
DECODED PAYLOAD: {'exp': 1790181092, 'sub': 'user_3Hrwmz08BOOrE5XBraSMqfSQXxp'}
RECEIVED TOKEN: eyJhbGciOiJIUzI1NiIsInR5cCI6IkpXVCJ9.eyJleHAiOjE3OTAxODEwOTIsInN1YiI6InVzZXJfM0hyd216MDhCT09yRTVYQnJhU01xZlNRWHhwIn0.AGg2jPigJXs6Bw0yVqRC9Nt1NCb77vKYWiNJ7z4x3RM
DECODED PAYLOAD: {'exp': 1790181092, 'sub': 'user_3Hrwmz08BOOrE5XBraSMqfSQXxp'}
GET_CURRENT_USER: user_3Hrwmz08BOOrE5XBraSMqfSQXxp -> <app.models.core.User object at 0x0000015CB3B4F930>
REQUIRE_ADMIN: user_3Hrwmz08BOOrE5XBraSMqfSQXxp -> admin
GET_CURRENT_USER: user_3Hrwmz08BOOrE5XBraSMqfSQXxp -> <app.models.core.User object at 0x0000015CB4EC25B0>
REQUIRE_ADMIN: user_3Hrwmz08BOOrE5XBraSMqfSQXxp -> admin
RECEIVED TOKEN: eyJhbGciOiJIUzI1NiIsInR5cCI6IkpXVCJ9.eyJleHAiOjE3OTAxODEwOTIsInN1YiI6InVzZXJfM0hyd216MDhCT09yRTVYQnJhU01xZlNRWHhwIn0.AGg2jPigJXs6Bw0yVqRC9Nt1NCb77vKYWiNJ7z4x3RM
DECODED PAYLOAD: {'exp': 1790181092, 'sub': 'user_3Hrwmz08BOOrE5XBraSMqfSQXxp'}
RECEIVED TOKEN: eyJhbGciOiJIUzI1NiIsInR5cCI6IkpXVCJ9.eyJleHAiOjE3OTAxODEwOTIsInN1YiI6InVzZXJfM0hyd216MDhCT09yRTVYQnJhU01xZlNRWHhwIn0.AGg2jPigJXs6Bw0yVqRC9Nt1NCb77vKYWiNJ7z4x3RM
DECODED PAYLOAD: {'exp': 1790181092, 'sub': 'user_3Hrwmz08BOOrE5XBraSMqfSQXxp'}
GET_CURRENT_USER: user_3Hrwmz08BOOrE5XBraSMqfSQXxp -> <app.models.core.User object at 0x0000015CB58ACFC0>
REQUIRE_ADMIN: user_3Hrwmz08BOOrE5XBraSMqfSQXxp -> admin
GET_CURRENT_USER: user_3Hrwmz08BOOrE5XBraSMqfSQXxp -> <app.models.core.User object at 0x0000015CB58AD4A0>
REQUIRE_ADMIN: user_3Hrwmz08BOOrE5XBraSMqfSQXxp -> admin
RECEIVED TOKEN: eyJhbGciOiJIUzI1NiIsInR5cCI6IkpXVCJ9.eyJleHAiOjE3OTAxODEwOTIsInN1YiI6InVzZXJfM0hyd216MDhCT09yRTVYQnJhU01xZlNRWHhwIn0.AGg2jPigJXs6Bw0yVqRC9Nt1NCb77vKYWiNJ7z4x3RM
DECODED PAYLOAD: {'exp': 1790181092, 'sub': 'user_3Hrwmz08BOOrE5XBraSMqfSQXxp'}
RECEIVED TOKEN: eyJhbGciOiJIUzI1NiIsInR5cCI6IkpXVCJ9.eyJleHAiOjE3OTAxODEwOTIsInN1YiI6InVzZXJfM0hyd216MDhCT09yRTVYQnJhU01xZlNRWHhwIn0.AGg2jPigJXs6Bw0yVqRC9Nt1NCb77vKYWiNJ7z4x3RM
DECODED PAYLOAD: {'exp': 1790181092, 'sub': 'user_3Hrwmz08BOOrE5XBraSMqfSQXxp'}
GET_CURRENT_USER: user_3Hrwmz08BOOrE5XBraSMqfSQXxp -> <app.models.core.User object at 0x0000015CB4EC25B0>
REQUIRE_ADMIN: user_3Hrwmz08BOOrE5XBraSMqfSQXxp -> admin
GET_CURRENT_USER: user_3Hrwmz08BOOrE5XBraSMqfSQXxp -> <app.models.core.User object at 0x0000015CB4EC1B20>
REQUIRE_ADMIN: user_3Hrwmz08BOOrE5XBraSMqfSQXxp -> admin
RECEIVED TOKEN: eyJhbGciOiJIUzI1NiIsInR5cCI6IkpXVCJ9.eyJleHAiOjE3OTAxODEwOTIsInN1YiI6InVzZXJfM0hyd216MDhCT09yRTVYQnJhU01xZlNRWHhwIn0.AGg2jPigJXs6Bw0yVqRC9Nt1NCb77vKYWiNJ7z4x3RM
DECODED PAYLOAD: {'exp': 1790181092, 'sub': 'user_3Hrwmz08BOOrE5XBraSMqfSQXxp'}
RECEIVED TOKEN: eyJhbGciOiJIUzI1NiIsInR5cCI6IkpXVCJ9.eyJleHAiOjE3OTAxODEwOTIsInN1YiI6InVzZXJfM0hyd216MDhCT09yRTVYQnJhU01xZlNRWHhwIn0.AGg2jPigJXs6Bw0yVqRC9Nt1NCb77vKYWiNJ7z4x3RM
DECODED PAYLOAD: {'exp': 1790181092, 'sub': 'user_3Hrwmz08BOOrE5XBraSMqfSQXxp'}
RECEIVED TOKEN: eyJhbGciOiJIUzI1NiIsInR5cCI6IkpXVCJ9.eyJleHAiOjE3OTAxODEwOTIsInN1YiI6InVzZXJfM0hyd216MDhCT09yRTVYQnJhU01xZlNRWHhwIn0.AGg2jPigJXs6Bw0yVqRC9Nt1NCb77vKYWiNJ7z4x3RM
DECODED PAYLOAD: {'exp': 1790181092, 'sub': 'user_3Hrwmz08BOOrE5XBraSMqfSQXxp'}
RECEIVED TOKEN: eyJhbGciOiJIUzI1NiIsInR5cCI6IkpXVCJ9.eyJleHAiOjE3OTAxODEwOTIsInN1YiI6InVzZXJfM0hyd216MDhCT09yRTVYQnJhU01xZlNRWHhwIn0.AGg2jPigJXs6Bw0yVqRC9Nt1NCb77vKYWiNJ7z4x3RM
DECODED PAYLOAD: {'exp': 1790181092, 'sub': 'user_3Hrwmz08BOOrE5XBraSMqfSQXxp'}
GET_CURRENT_USER: user_3Hrwmz08BOOrE5XBraSMqfSQXxp -> <app.models.core.User object at 0x0000015CB58ACEF0>
REQUIRE_ADMIN: user_3Hrwmz08BOOrE5XBraSMqfSQXxp -> admin
GET_CURRENT_USER: user_3Hrwmz08BOOrE5XBraSMqfSQXxp -> <app.models.core.User object at 0x0000015CB58ACFC0>
REQUIRE_ADMIN: user_3Hrwmz08BOOrE5XBraSMqfSQXxp -> admin
GET_CURRENT_USER: user_3Hrwmz08BOOrE5XBraSMqfSQXxp -> <app.models.core.User object at 0x0000015CB3B4F930>
RECEIVED TOKEN: eyJhbGciOiJIUzI1NiIsInR5cCI6IkpXVCJ9.eyJleHAiOjE3OTAxODEwOTIsInN1YiI6InVzZXJfM0hyd216MDhCT09yRTVYQnJhU01xZlNRWHhwIn0.AGg2jPigJXs6Bw0yVqRC9Nt1NCb77vKYWiNJ7z4x3RM
DECODED PAYLOAD: {'exp': 1790181092, 'sub': 'user_3Hrwmz08BOOrE5XBraSMqfSQXxp'}
GET_CURRENT_USER: user_3Hrwmz08BOOrE5XBraSMqfSQXxp -> <app.models.core.User object at 0x0000015CB4EC14A0>
REQUIRE_ADMIN: user_3Hrwmz08BOOrE5XBraSMqfSQXxp -> admin
RECEIVED TOKEN: eyJhbGciOiJIUzI1NiIsInR5cCI6IkpXVCJ9.eyJleHAiOjE3OTAxODEwOTIsInN1YiI6InVzZXJfM0hyd216MDhCT09yRTVYQnJhU01xZlNRWHhwIn0.AGg2jPigJXs6Bw0yVqRC9Nt1NCb77vKYWiNJ7z4x3RM
DECODED PAYLOAD: {'exp': 1790181092, 'sub': 'user_3Hrwmz08BOOrE5XBraSMqfSQXxp'}
GET_CURRENT_USER: user_3Hrwmz08BOOrE5XBraSMqfSQXxp -> <app.models.core.User object at 0x0000015CB4EC14A0>
REQUIRE_ADMIN: user_3Hrwmz08BOOrE5XBraSMqfSQXxp -> admin
RECEIVED TOKEN: eyJhbGciOiJIUzI1NiIsInR5cCI6IkpXVCJ9.eyJleHAiOjE3OTAxODEwOTIsInN1YiI6InVzZXJfM0hyd216MDhCT09yRTVYQnJhU01xZlNRWHhwIn0.AGg2jPigJXs6Bw0yVqRC9Nt1NCb77vKYWiNJ7z4x3RM
DECODED PAYLOAD: {'exp': 1790181092, 'sub': 'user_3Hrwmz08BOOrE5XBraSMqfSQXxp'}
RECEIVED TOKEN: eyJhbGciOiJIUzI1NiIsInR5cCI6IkpXVCJ9.eyJleHAiOjE3OTAxODEwOTIsInN1YiI6InVzZXJfM0hyd216MDhCT09yRTVYQnJhU01xZlNRWHhwIn0.AGg2jPigJXs6Bw0yVqRC9Nt1NCb77vKYWiNJ7z4x3RM
DECODED PAYLOAD: {'exp': 1790181092, 'sub': 'user_3Hrwmz08BOOrE5XBraSMqfSQXxp'}
GET_CURRENT_USER: user_3Hrwmz08BOOrE5XBraSMqfSQXxp -> <app.models.core.User object at 0x0000015CB58AD160>
REQUIRE_ADMIN: user_3Hrwmz08BOOrE5XBraSMqfSQXxp -> admin
GET_CURRENT_USER: user_3Hrwmz08BOOrE5XBraSMqfSQXxp -> <app.models.core.User object at 0x0000015CB58AD710>
REQUIRE_ADMIN: user_3Hrwmz08BOOrE5XBraSMqfSQXxp -> admin
RECEIVED TOKEN: eyJhbGciOiJIUzI1NiIsInR5cCI6IkpXVCJ9.eyJleHAiOjE3OTAxODEwOTIsInN1YiI6InVzZXJfM0hyd216MDhCT09yRTVYQnJhU01xZlNRWHhwIn0.AGg2jPigJXs6Bw0yVqRC9Nt1NCb77vKYWiNJ7z4x3RM
DECODED PAYLOAD: {'exp': 1790181092, 'sub': 'user_3Hrwmz08BOOrE5XBraSMqfSQXxp'}
RECEIVED TOKEN: eyJhbGciOiJIUzI1NiIsInR5cCI6IkpXVCJ9.eyJleHAiOjE3OTAxODEwOTIsInN1YiI6InVzZXJfM0hyd216MDhCT09yRTVYQnJhU01xZlNRWHhwIn0.AGg2jPigJXs6Bw0yVqRC9Nt1NCb77vKYWiNJ7z4x3RM
DECODED PAYLOAD: {'exp': 1790181092, 'sub': 'user_3Hrwmz08BOOrE5XBraSMqfSQXxp'}
GET_CURRENT_USER: user_3Hrwmz08BOOrE5XBraSMqfSQXxp -> <app.models.core.User object at 0x0000015CB58AD300>
REQUIRE_ADMIN: user_3Hrwmz08BOOrE5XBraSMqfSQXxp -> admin
GET_CURRENT_USER: user_3Hrwmz08BOOrE5XBraSMqfSQXxp -> <app.models.core.User object at 0x0000015CB58ACEF0>
REQUIRE_ADMIN: user_3Hrwmz08BOOrE5XBraSMqfSQXxp -> admin
RECEIVED TOKEN: eyJhbGciOiJIUzI1NiIsInR5cCI6IkpXVCJ9.eyJleHAiOjE3OTAxODEwOTIsInN1YiI6InVzZXJfM0hyd216MDhCT09yRTVYQnJhU01xZlNRWHhwIn0.AGg2jPigJXs6Bw0yVqRC9Nt1NCb77vKYWiNJ7z4x3RM
DECODED PAYLOAD: {'exp': 1790181092, 'sub': 'user_3Hrwmz08BOOrE5XBraSMqfSQXxp'}
RECEIVED TOKEN: eyJhbGciOiJIUzI1NiIsInR5cCI6IkpXVCJ9.eyJleHAiOjE3OTAxODEwOTIsInN1YiI6InVzZXJfM0hyd216MDhCT09yRTVYQnJhU01xZlNRWHhwIn0.AGg2jPigJXs6Bw0yVqRC9Nt1NCb77vKYWiNJ7z4x3RM
DECODED PAYLOAD: {'exp': 1790181092, 'sub': 'user_3Hrwmz08BOOrE5XBraSMqfSQXxp'}
RECEIVED TOKEN: eyJhbGciOiJIUzI1NiIsInR5cCI6IkpXVCJ9.eyJleHAiOjE3OTAxODEwOTIsInN1YiI6InVzZXJfM0hyd216MDhCT09yRTVYQnJhU01xZlNRWHhwIn0.AGg2jPigJXs6Bw0yVqRC9Nt1NCb77vKYWiNJ7z4x3RM
DECODED PAYLOAD: {'exp': 1790181092, 'sub': 'user_3Hrwmz08BOOrE5XBraSMqfSQXxp'}
RECEIVED TOKEN: eyJhbGciOiJIUzI1NiIsInR5cCI6IkpXVCJ9.eyJleHAiOjE3OTAxODEwOTIsInN1YiI6InVzZXJfM0hyd216MDhCT09yRTVYQnJhU01xZlNRWHhwIn0.AGg2jPigJXs6Bw0yVqRC9Nt1NCb77vKYWiNJ7z4x3RM
DECODED PAYLOAD: {'exp': 1790181092, 'sub': 'user_3Hrwmz08BOOrE5XBraSMqfSQXxp'}
GET_CURRENT_USER: user_3Hrwmz08BOOrE5XBraSMqfSQXxp -> <app.models.core.User object at 0x0000015CB58ADE60>
REQUIRE_ADMIN: user_3Hrwmz08BOOrE5XBraSMqfSQXxp -> admin
GET_CURRENT_USER: user_3Hrwmz08BOOrE5XBraSMqfSQXxp -> <app.models.core.User object at 0x0000015CB58AD300>
GET_CURRENT_USER: user_3Hrwmz08BOOrE5XBraSMqfSQXxp -> <app.models.core.User object at 0x0000015CB58AD3D0>
REQUIRE_ADMIN: user_3Hrwmz08BOOrE5XBraSMqfSQXxp -> admin
RECEIVED TOKEN: eyJhbGciOiJIUzI1NiIsInR5cCI6IkpXVCJ9.eyJleHAiOjE3OTAxODEwOTIsInN1YiI6InVzZXJfM0hyd216MDhCT09yRTVYQnJhU01xZlNRWHhwIn0.AGg2jPigJXs6Bw0yVqRC9Nt1NCb77vKYWiNJ7z4x3RM
DECODED PAYLOAD: {'exp': 1790181092, 'sub': 'user_3Hrwmz08BOOrE5XBraSMqfSQXxp'}
GET_CURRENT_USER: user_3Hrwmz08BOOrE5XBraSMqfSQXxp -> <app.models.core.User object at 0x0000015CB58AD300>
REQUIRE_ADMIN: user_3Hrwmz08BOOrE5XBraSMqfSQXxp -> admin
RECEIVED TOKEN: eyJhbGciOiJIUzI1NiIsInR5cCI6IkpXVCJ9.eyJleHAiOjE3OTAxODEwOTIsInN1YiI6InVzZXJfM0hyd216MDhCT09yRTVYQnJhU01xZlNRWHhwIn0.AGg2jPigJXs6Bw0yVqRC9Nt1NCb77vKYWiNJ7z4x3RM
DECODED PAYLOAD: {'exp': 1790181092, 'sub': 'user_3Hrwmz08BOOrE5XBraSMqfSQXxp'}
GET_CURRENT_USER: user_3Hrwmz08BOOrE5XBraSMqfSQXxp -> <app.models.core.User object at 0x0000015CB58ACEF0>
REQUIRE_ADMIN: user_3Hrwmz08BOOrE5XBraSMqfSQXxp -> admin
RECEIVED TOKEN: eyJhbGciOiJIUzI1NiIsInR5cCI6IkpXVCJ9.eyJleHAiOjE3OTAxODEwOTIsInN1YiI6InVzZXJfM0hyd216MDhCT09yRTVYQnJhU01xZlNRWHhwIn0.AGg2jPigJXs6Bw0yVqRC9Nt1NCb77vKYWiNJ7z4x3RM
DECODED PAYLOAD: {'exp': 1790181092, 'sub': 'user_3Hrwmz08BOOrE5XBraSMqfSQXxp'}
RECEIVED TOKEN: eyJhbGciOiJIUzI1NiIsInR5cCI6IkpXVCJ9.eyJleHAiOjE3OTAxODEwOTIsInN1YiI6InVzZXJfM0hyd216MDhCT09yRTVYQnJhU01xZlNRWHhwIn0.AGg2jPigJXs6Bw0yVqRC9Nt1NCb77vKYWiNJ7z4x3RM
DECODED PAYLOAD: {'exp': 1790181092, 'sub': 'user_3Hrwmz08BOOrE5XBraSMqfSQXxp'}
GET_CURRENT_USER: user_3Hrwmz08BOOrE5XBraSMqfSQXxp -> <app.models.core.User object at 0x0000015CB58AE000>
REQUIRE_ADMIN: user_3Hrwmz08BOOrE5XBraSMqfSQXxp -> admin
GET_CURRENT_USER: user_3Hrwmz08BOOrE5XBraSMqfSQXxp -> <app.models.core.User object at 0x0000015CB58AD3D0>
REQUIRE_ADMIN: user_3Hrwmz08BOOrE5XBraSMqfSQXxp -> admin
RECEIVED TOKEN: eyJhbGciOiJIUzI1NiIsInR5cCI6IkpXVCJ9.eyJleHAiOjE3OTAxODEwOTIsInN1YiI6InVzZXJfM0hyd216MDhCT09yRTVYQnJhU01xZlNRWHhwIn0.AGg2jPigJXs6Bw0yVqRC9Nt1NCb77vKYWiNJ7z4x3RM
DECODED PAYLOAD: {'exp': 1790181092, 'sub': 'user_3Hrwmz08BOOrE5XBraSMqfSQXxp'}
RECEIVED TOKEN: eyJhbGciOiJIUzI1NiIsInR5cCI6IkpXVCJ9.eyJleHAiOjE3OTAxODEwOTIsInN1YiI6InVzZXJfM0hyd216MDhCT09yRTVYQnJhU01xZlNRWHhwIn0.AGg2jPigJXs6Bw0yVqRC9Nt1NCb77vKYWiNJ7z4x3RM
DECODED PAYLOAD: {'exp': 1790181092, 'sub': 'user_3Hrwmz08BOOrE5XBraSMqfSQXxp'}
GET_CURRENT_USER: user_3Hrwmz08BOOrE5XBraSMqfSQXxp -> <app.models.core.User object at 0x0000015CB4EC2DD0>
REQUIRE_ADMIN: user_3Hrwmz08BOOrE5XBraSMqfSQXxp -> admin
GET_CURRENT_USER: user_3Hrwmz08BOOrE5XBraSMqfSQXxp -> <app.models.core.User object at 0x0000015CB58ADCC0>
REQUIRE_ADMIN: user_3Hrwmz08BOOrE5XBraSMqfSQXxp -> admin
RECEIVED TOKEN: eyJhbGciOiJIUzI1NiIsInR5cCI6IkpXVCJ9.eyJleHAiOjE3OTAxODEwOTIsInN1YiI6InVzZXJfM0hyd216MDhCT09yRTVYQnJhU01xZlNRWHhwIn0.AGg2jPigJXs6Bw0yVqRC9Nt1NCb77vKYWiNJ7z4x3RM
DECODED PAYLOAD: {'exp': 1790181092, 'sub': 'user_3Hrwmz08BOOrE5XBraSMqfSQXxp'}
GET_CURRENT_USER: user_3Hrwmz08BOOrE5XBraSMqfSQXxp -> <app.models.core.User object at 0x0000015CB58ADCC0>
REQUIRE_ADMIN: user_3Hrwmz08BOOrE5XBraSMqfSQXxp -> admin
RECEIVED TOKEN: eyJhbGciOiJIUzI1NiIsInR5cCI6IkpXVCJ9.eyJleHAiOjE3OTAxODEwOTIsInN1YiI6InVzZXJfM0hyd216MDhCT09yRTVYQnJhU01xZlNRWHhwIn0.AGg2jPigJXs6Bw0yVqRC9Nt1NCb77vKYWiNJ7z4x3RM
DECODED PAYLOAD: {'exp': 1790181092, 'sub': 'user_3Hrwmz08BOOrE5XBraSMqfSQXxp'}
GET_CURRENT_USER: user_3Hrwmz08BOOrE5XBraSMqfSQXxp -> <app.models.core.User object at 0x0000015CB58AE1A0>
REQUIRE_ADMIN: user_3Hrwmz08BOOrE5XBraSMqfSQXxp -> admin
RECEIVED TOKEN: eyJhbGciOiJIUzI1NiIsInR5cCI6IkpXVCJ9.eyJleHAiOjE3OTAxODEwOTIsInN1YiI6InVzZXJfM0hyd216MDhCT09yRTVYQnJhU01xZlNRWHhwIn0.AGg2jPigJXs6Bw0yVqRC9Nt1NCb77vKYWiNJ7z4x3RM
DECODED PAYLOAD: {'exp': 1790181092, 'sub': 'user_3Hrwmz08BOOrE5XBraSMqfSQXxp'}
RECEIVED TOKEN: eyJhbGciOiJIUzI1NiIsInR5cCI6IkpXVCJ9.eyJleHAiOjE3OTAxODEwOTIsInN1YiI6InVzZXJfM0hyd216MDhCT09yRTVYQnJhU01xZlNRWHhwIn0.AGg2jPigJXs6Bw0yVqRC9Nt1NCb77vKYWiNJ7z4x3RM
DECODED PAYLOAD: {'exp': 1790181092, 'sub': 'user_3Hrwmz08BOOrE5XBraSMqfSQXxp'}
GET_CURRENT_USER: user_3Hrwmz08BOOrE5XBraSMqfSQXxp -> <app.models.core.User object at 0x0000015CB58ACC80>
REQUIRE_ADMIN: user_3Hrwmz08BOOrE5XBraSMqfSQXxp -> admin
GET_CURRENT_USER: user_3Hrwmz08BOOrE5XBraSMqfSQXxp -> <app.models.core.User object at 0x0000015CB58ADF30>
REQUIRE_ADMIN: user_3Hrwmz08BOOrE5XBraSMqfSQXxp -> admin
RECEIVED TOKEN: eyJhbGciOiJIUzI1NiIsInR5cCI6IkpXVCJ9.eyJleHAiOjE3OTAxODEwOTIsInN1YiI6InVzZXJfM0hyd216MDhCT09yRTVYQnJhU01xZlNRWHhwIn0.AGg2jPigJXs6Bw0yVqRC9Nt1NCb77vKYWiNJ7z4x3RM
DECODED PAYLOAD: {'exp': 1790181092, 'sub': 'user_3Hrwmz08BOOrE5XBraSMqfSQXxp'}
RECEIVED TOKEN: eyJhbGciOiJIUzI1NiIsInR5cCI6IkpXVCJ9.eyJleHAiOjE3OTAxODEwOTIsInN1YiI6InVzZXJfM0hyd216MDhCT09yRTVYQnJhU01xZlNRWHhwIn0.AGg2jPigJXs6Bw0yVqRC9Nt1NCb77vKYWiNJ7z4x3RM
DECODED PAYLOAD: {'exp': 1790181092, 'sub': 'user_3Hrwmz08BOOrE5XBraSMqfSQXxp'}
GET_CURRENT_USER: user_3Hrwmz08BOOrE5XBraSMqfSQXxp -> <app.models.core.User object at 0x0000015CB58ADF30>
REQUIRE_ADMIN: user_3Hrwmz08BOOrE5XBraSMqfSQXxp -> admin
GET_CURRENT_USER: user_3Hrwmz08BOOrE5XBraSMqfSQXxp -> <app.models.core.User object at 0x0000015CB58AE340>
REQUIRE_ADMIN: user_3Hrwmz08BOOrE5XBraSMqfSQXxp -> admin
RECEIVED TOKEN: eyJhbGciOiJIUzI1NiIsInR5cCI6IkpXVCJ9.eyJleHAiOjE3OTAxODEwOTIsInN1YiI6InVzZXJfM0hyd216MDhCT09yRTVYQnJhU01xZlNRWHhwIn0.AGg2jPigJXs6Bw0yVqRC9Nt1NCb77vKYWiNJ7z4x3RM
DECODED PAYLOAD: {'exp': 1790181092, 'sub': 'user_3Hrwmz08BOOrE5XBraSMqfSQXxp'}
RECEIVED TOKEN: eyJhbGciOiJIUzI1NiIsInR5cCI6IkpXVCJ9.eyJleHAiOjE3OTAxODEwOTIsInN1YiI6InVzZXJfM0hyd216MDhCT09yRTVYQnJhU01xZlNRWHhwIn0.AGg2jPigJXs6Bw0yVqRC9Nt1NCb77vKYWiNJ7z4x3RM
DECODED PAYLOAD: {'exp': 1790181092, 'sub': 'user_3Hrwmz08BOOrE5XBraSMqfSQXxp'}
RECEIVED TOKEN: eyJhbGciOiJIUzI1NiIsInR5cCI6IkpXVCJ9.eyJleHAiOjE3OTAxODEwOTIsInN1YiI6InVzZXJfM0hyd216MDhCT09yRTVYQnJhU01xZlNRWHhwIn0.AGg2jPigJXs6Bw0yVqRC9Nt1NCb77vKYWiNJ7z4x3RM
DECODED PAYLOAD: {'exp': 1790181092, 'sub': 'user_3Hrwmz08BOOrE5XBraSMqfSQXxp'}
RECEIVED TOKEN: eyJhbGciOiJIUzI1NiIsInR5cCI6IkpXVCJ9.eyJleHAiOjE3OTAxODEwOTIsInN1YiI6InVzZXJfM0hyd216MDhCT09yRTVYQnJhU01xZlNRWHhwIn0.AGg2jPigJXs6Bw0yVqRC9Nt1NCb77vKYWiNJ7z4x3RM
DECODED PAYLOAD: {'exp': 1790181092, 'sub': 'user_3Hrwmz08BOOrE5XBraSMqfSQXxp'}
GET_CURRENT_USER: user_3Hrwmz08BOOrE5XBraSMqfSQXxp -> <app.models.core.User object at 0x0000017FFCEB0550>
REQUIRE_ADMIN: user_3Hrwmz08BOOrE5XBraSMqfSQXxp -> admin
GET_CURRENT_USER: user_3Hrwmz08BOOrE5XBraSMqfSQXxp -> <app.models.core.User object at 0x0000017FFCBC4050>
REQUIRE_ADMIN: user_3Hrwmz08BOOrE5XBraSMqfSQXxp -> admin
GET_CURRENT_USER: user_3Hrwmz08BOOrE5XBraSMqfSQXxp -> <app.models.core.User object at 0x0000017FFCEC8830>
RECEIVED TOKEN: eyJhbGciOiJIUzI1NiIsInR5cCI6IkpXVCJ9.eyJleHAiOjE3OTAxODEwOTIsInN1YiI6InVzZXJfM0hyd216MDhCT09yRTVYQnJhU01xZlNRWHhwIn0.AGg2jPigJXs6Bw0yVqRC9Nt1NCb77vKYWiNJ7z4x3RM
DECODED PAYLOAD: {'exp': 1790181092, 'sub': 'user_3Hrwmz08BOOrE5XBraSMqfSQXxp'}
GET_CURRENT_USER: user_3Hrwmz08BOOrE5XBraSMqfSQXxp -> <app.models.core.User object at 0x0000020A58387E00>
RECEIVED TOKEN: eyJhbGciOiJIUzI1NiIsInR5cCI6IkpXVCJ9.eyJleHAiOjE3OTAxODEwOTIsInN1YiI6InVzZXJfM0hyd216MDhCT09yRTVYQnJhU01xZlNRWHhwIn0.AGg2jPigJXs6Bw0yVqRC9Nt1NCb77vKYWiNJ7z4x3RM
DECODED PAYLOAD: {'exp': 1790181092, 'sub': 'user_3Hrwmz08BOOrE5XBraSMqfSQXxp'}
RECEIVED TOKEN: eyJhbGciOiJIUzI1NiIsInR5cCI6IkpXVCJ9.eyJleHAiOjE3OTAxODEwOTIsInN1YiI6InVzZXJfM0hyd216MDhCT09yRTVYQnJhU01xZlNRWHhwIn0.AGg2jPigJXs6Bw0yVqRC9Nt1NCb77vKYWiNJ7z4x3RM
DECODED PAYLOAD: {'exp': 1790181092, 'sub': 'user_3Hrwmz08BOOrE5XBraSMqfSQXxp'}
GET_CURRENT_USER: user_3Hrwmz08BOOrE5XBraSMqfSQXxp -> <app.models.core.User object at 0x0000020A59721BF0>
RECEIVED TOKEN: eyJhbGciOiJIUzI1NiIsInR5cCI6IkpXVCJ9.eyJleHAiOjE3OTAxODEwOTIsInN1YiI6InVzZXJfM0hyd216MDhCT09yRTVYQnJhU01xZlNRWHhwIn0.AGg2jPigJXs6Bw0yVqRC9Nt1NCb77vKYWiNJ7z4x3RM
DECODED PAYLOAD: {'exp': 1790181092, 'sub': 'user_3Hrwmz08BOOrE5XBraSMqfSQXxp'}
RECEIVED TOKEN: eyJhbGciOiJIUzI1NiIsInR5cCI6IkpXVCJ9.eyJleHAiOjE3OTAxODEwOTIsInN1YiI6InVzZXJfM0hyd216MDhCT09yRTVYQnJhU01xZlNRWHhwIn0.AGg2jPigJXs6Bw0yVqRC9Nt1NCb77vKYWiNJ7z4x3RM
DECODED PAYLOAD: {'exp': 1790181092, 'sub': 'user_3Hrwmz08BOOrE5XBraSMqfSQXxp'}
RECEIVED TOKEN: eyJhbGciOiJIUzI1NiIsInR5cCI6IkpXVCJ9.eyJleHAiOjE3OTAxODEwOTIsInN1YiI6InVzZXJfM0hyd216MDhCT09yRTVYQnJhU01xZlNRWHhwIn0.AGg2jPigJXs6Bw0yVqRC9Nt1NCb77vKYWiNJ7z4x3RM
DECODED PAYLOAD: {'exp': 1790181092, 'sub': 'user_3Hrwmz08BOOrE5XBraSMqfSQXxp'}
RECEIVED TOKEN: eyJhbGciOiJIUzI1NiIsInR5cCI6IkpXVCJ9.eyJleHAiOjE3OTAxODEwOTIsInN1YiI6InVzZXJfM0hyd216MDhCT09yRTVYQnJhU01xZlNRWHhwIn0.AGg2jPigJXs6Bw0yVqRC9Nt1NCb77vKYWiNJ7z4x3RM
DECODED PAYLOAD: {'exp': 1790181092, 'sub': 'user_3Hrwmz08BOOrE5XBraSMqfSQXxp'}
GET_CURRENT_USER: user_3Hrwmz08BOOrE5XBraSMqfSQXxp -> <app.models.core.User object at 0x0000020A597231E0>
GET_CURRENT_USER: user_3Hrwmz08BOOrE5XBraSMqfSQXxp -> <app.models.core.User object at 0x0000020A59723380>
REQUIRE_ADMIN: user_3Hrwmz08BOOrE5XBraSMqfSQXxp -> admin
GET_CURRENT_USER: user_3Hrwmz08BOOrE5XBraSMqfSQXxp -> <app.models.core.User object at 0x0000020A582FA000>
REQUIRE_ADMIN: user_3Hrwmz08BOOrE5XBraSMqfSQXxp -> admin
RECEIVED TOKEN: eyJhbGciOiJIUzI1NiIsInR5cCI6IkpXVCJ9.eyJleHAiOjE3OTAxODEwOTIsInN1YiI6InVzZXJfM0hyd216MDhCT09yRTVYQnJhU01xZlNRWHhwIn0.AGg2jPigJXs6Bw0yVqRC9Nt1NCb77vKYWiNJ7z4x3RM
DECODED PAYLOAD: {'exp': 1790181092, 'sub': 'user_3Hrwmz08BOOrE5XBraSMqfSQXxp'}
GET_CURRENT_USER: user_3Hrwmz08BOOrE5XBraSMqfSQXxp -> <app.models.core.User object at 0x0000020A597231E0>
RECEIVED TOKEN: eyJhbGciOiJIUzI1NiIsInR5cCI6IkpXVCJ9.eyJleHAiOjE3OTAxODEwOTIsInN1YiI6InVzZXJfM0hyd216MDhCT09yRTVYQnJhU01xZlNRWHhwIn0.AGg2jPigJXs6Bw0yVqRC9Nt1NCb77vKYWiNJ7z4x3RM
DECODED PAYLOAD: {'exp': 1790181092, 'sub': 'user_3Hrwmz08BOOrE5XBraSMqfSQXxp'}
RECEIVED TOKEN: eyJhbGciOiJIUzI1NiIsInR5cCI6IkpXVCJ9.eyJleHAiOjE3OTAxODEwOTIsInN1YiI6InVzZXJfM0hyd216MDhCT09yRTVYQnJhU01xZlNRWHhwIn0.AGg2jPigJXs6Bw0yVqRC9Nt1NCb77vKYWiNJ7z4x3RM
DECODED PAYLOAD: {'exp': 1790181092, 'sub': 'user_3Hrwmz08BOOrE5XBraSMqfSQXxp'}
GET_CURRENT_USER: user_3Hrwmz08BOOrE5XBraSMqfSQXxp -> <app.models.core.User object at 0x0000020A5838D300>
REQUIRE_ADMIN: user_3Hrwmz08BOOrE5XBraSMqfSQXxp -> admin
GET_CURRENT_USER: user_3Hrwmz08BOOrE5XBraSMqfSQXxp -> <app.models.core.User object at 0x0000020A5838D300>
REQUIRE_ADMIN: user_3Hrwmz08BOOrE5XBraSMqfSQXxp -> admin
RECEIVED TOKEN: eyJhbGciOiJIUzI1NiIsInR5cCI6IkpXVCJ9.eyJleHAiOjE3OTAxODEwOTIsInN1YiI6InVzZXJfM0hyd216MDhCT09yRTVYQnJhU01xZlNRWHhwIn0.AGg2jPigJXs6Bw0yVqRC9Nt1NCb77vKYWiNJ7z4x3RM
DECODED PAYLOAD: {'exp': 1790181092, 'sub': 'user_3Hrwmz08BOOrE5XBraSMqfSQXxp'}
RECEIVED TOKEN: eyJhbGciOiJIUzI1NiIsInR5cCI6IkpXVCJ9.eyJleHAiOjE3OTAxODEwOTIsInN1YiI6InVzZXJfM0hyd216MDhCT09yRTVYQnJhU01xZlNRWHhwIn0.AGg2jPigJXs6Bw0yVqRC9Nt1NCb77vKYWiNJ7z4x3RM
DECODED PAYLOAD: {'exp': 1790181092, 'sub': 'user_3Hrwmz08BOOrE5XBraSMqfSQXxp'}
RECEIVED TOKEN: eyJhbGciOiJIUzI1NiIsInR5cCI6IkpXVCJ9.eyJleHAiOjE3OTAxODEwOTIsInN1YiI6InVzZXJfM0hyd216MDhCT09yRTVYQnJhU01xZlNRWHhwIn0.AGg2jPigJXs6Bw0yVqRC9Nt1NCb77vKYWiNJ7z4x3RM
DECODED PAYLOAD: {'exp': 1790181092, 'sub': 'user_3Hrwmz08BOOrE5XBraSMqfSQXxp'}
RECEIVED TOKEN: eyJhbGciOiJIUzI1NiIsInR5cCI6IkpXVCJ9.eyJleHAiOjE3OTAxODEwOTIsInN1YiI6InVzZXJfM0hyd216MDhCT09yRTVYQnJhU01xZlNRWHhwIn0.AGg2jPigJXs6Bw0yVqRC9Nt1NCb77vKYWiNJ7z4x3RM
DECODED PAYLOAD: {'exp': 1790181092, 'sub': 'user_3Hrwmz08BOOrE5XBraSMqfSQXxp'}
GET_CURRENT_USER: user_3Hrwmz08BOOrE5XBraSMqfSQXxp -> <app.models.core.User object at 0x0000020A59723040>
REQUIRE_ADMIN: user_3Hrwmz08BOOrE5XBraSMqfSQXxp -> admin
GET_CURRENT_USER: user_3Hrwmz08BOOrE5XBraSMqfSQXxp -> <app.models.core.User object at 0x0000020A59721710>
REQUIRE_ADMIN: user_3Hrwmz08BOOrE5XBraSMqfSQXxp -> admin
GET_CURRENT_USER: user_3Hrwmz08BOOrE5XBraSMqfSQXxp -> <app.models.core.User object at 0x0000020A59722F70>
RECEIVED TOKEN: eyJhbGciOiJIUzI1NiIsInR5cCI6IkpXVCJ9.eyJleHAiOjE3OTAxODEwOTIsInN1YiI6InVzZXJfM0hyd216MDhCT09yRTVYQnJhU01xZlNRWHhwIn0.AGg2jPigJXs6Bw0yVqRC9Nt1NCb77vKYWiNJ7z4x3RM
DECODED PAYLOAD: {'exp': 1790181092, 'sub': 'user_3Hrwmz08BOOrE5XBraSMqfSQXxp'}
RECEIVED TOKEN: eyJhbGciOiJIUzI1NiIsInR5cCI6IkpXVCJ9.eyJleHAiOjE3OTAxODEwOTIsInN1YiI6InVzZXJfM0hyd216MDhCT09yRTVYQnJhU01xZlNRWHhwIn0.AGg2jPigJXs6Bw0yVqRC9Nt1NCb77vKYWiNJ7z4x3RM
DECODED PAYLOAD: {'exp': 1790181092, 'sub': 'user_3Hrwmz08BOOrE5XBraSMqfSQXxp'}
RECEIVED TOKEN: eyJhbGciOiJIUzI1NiIsInR5cCI6IkpXVCJ9.eyJleHAiOjE3OTAxODEwOTIsInN1YiI6InVzZXJfM0hyd216MDhCT09yRTVYQnJhU01xZlNRWHhwIn0.AGg2jPigJXs6Bw0yVqRC9Nt1NCb77vKYWiNJ7z4x3RM
DECODED PAYLOAD: {'exp': 1790181092, 'sub': 'user_3Hrwmz08BOOrE5XBraSMqfSQXxp'}
RECEIVED TOKEN: eyJhbGciOiJIUzI1NiIsInR5cCI6IkpXVCJ9.eyJleHAiOjE3OTAxODEwOTIsInN1YiI6InVzZXJfM0hyd216MDhCT09yRTVYQnJhU01xZlNRWHhwIn0.AGg2jPigJXs6Bw0yVqRC9Nt1NCb77vKYWiNJ7z4x3RM
DECODED PAYLOAD: {'exp': 1790181092, 'sub': 'user_3Hrwmz08BOOrE5XBraSMqfSQXxp'}
GET_CURRENT_USER: user_3Hrwmz08BOOrE5XBraSMqfSQXxp -> <app.models.core.User object at 0x0000020A59722DD0>
REQUIRE_ADMIN: user_3Hrwmz08BOOrE5XBraSMqfSQXxp -> admin
GET_CURRENT_USER: user_3Hrwmz08BOOrE5XBraSMqfSQXxp -> <app.models.core.User object at 0x0000020A59720FC0>
REQUIRE_ADMIN: user_3Hrwmz08BOOrE5XBraSMqfSQXxp -> admin
GET_CURRENT_USER: user_3Hrwmz08BOOrE5XBraSMqfSQXxp -> <app.models.core.User object at 0x0000020A597231E0>
RECEIVED TOKEN: eyJhbGciOiJIUzI1NiIsInR5cCI6IkpXVCJ9.eyJleHAiOjE3OTAxODEwOTIsInN1YiI6InVzZXJfM0hyd216MDhCT09yRTVYQnJhU01xZlNRWHhwIn0.AGg2jPigJXs6Bw0yVqRC9Nt1NCb77vKYWiNJ7z4x3RM
DECODED PAYLOAD: {'exp': 1790181092, 'sub': 'user_3Hrwmz08BOOrE5XBraSMqfSQXxp'}
GET_CURRENT_USER: user_3Hrwmz08BOOrE5XBraSMqfSQXxp -> <app.models.core.User object at 0x000002142A652660>
RECEIVED TOKEN: eyJhbGciOiJIUzI1NiIsInR5cCI6IkpXVCJ9.eyJleHAiOjE3OTAxODEwOTIsInN1YiI6InVzZXJfM0hyd216MDhCT09yRTVYQnJhU01xZlNRWHhwIn0.AGg2jPigJXs6Bw0yVqRC9Nt1NCb77vKYWiNJ7z4x3RM
DECODED PAYLOAD: {'exp': 1790181092, 'sub': 'user_3Hrwmz08BOOrE5XBraSMqfSQXxp'}
GET_CURRENT_USER: user_3Hrwmz08BOOrE5XBraSMqfSQXxp -> <app.models.core.User object at 0x000002142A7D6A50>
RECEIVED TOKEN: eyJhbGciOiJIUzI1NiIsInR5cCI6IkpXVCJ9.eyJleHAiOjE3OTAxODEwOTIsInN1YiI6InVzZXJfM0hyd216MDhCT09yRTVYQnJhU01xZlNRWHhwIn0.AGg2jPigJXs6Bw0yVqRC9Nt1NCb77vKYWiNJ7z4x3RM
DECODED PAYLOAD: {'exp': 1790181092, 'sub': 'user_3Hrwmz08BOOrE5XBraSMqfSQXxp'}
RECEIVED TOKEN: eyJhbGciOiJIUzI1NiIsInR5cCI6IkpXVCJ9.eyJleHAiOjE3OTAxODEwOTIsInN1YiI6InVzZXJfM0hyd216MDhCT09yRTVYQnJhU01xZlNRWHhwIn0.AGg2jPigJXs6Bw0yVqRC9Nt1NCb77vKYWiNJ7z4x3RM
DECODED PAYLOAD: {'exp': 1790181092, 'sub': 'user_3Hrwmz08BOOrE5XBraSMqfSQXxp'}
GET_CURRENT_USER: user_3Hrwmz08BOOrE5XBraSMqfSQXxp -> <app.models.core.User object at 0x000002142B9B5B20>
RECEIVED TOKEN: eyJhbGciOiJIUzI1NiIsInR5cCI6IkpXVCJ9.eyJleHAiOjE3OTAxODEwOTIsInN1YiI6InVzZXJfM0hyd216MDhCT09yRTVYQnJhU01xZlNRWHhwIn0.AGg2jPigJXs6Bw0yVqRC9Nt1NCb77vKYWiNJ7z4x3RM
DECODED PAYLOAD: {'exp': 1790181092, 'sub': 'user_3Hrwmz08BOOrE5XBraSMqfSQXxp'}
GET_CURRENT_USER: user_3Hrwmz08BOOrE5XBraSMqfSQXxp -> <app.models.core.User object at 0x000002142A6324E0>
RECEIVED TOKEN: eyJhbGciOiJIUzI1NiIsInR5cCI6IkpXVCJ9.eyJleHAiOjE3OTAxODEwOTIsInN1YiI6InVzZXJfM0hyd216MDhCT09yRTVYQnJhU01xZlNRWHhwIn0.AGg2jPigJXs6Bw0yVqRC9Nt1NCb77vKYWiNJ7z4x3RM
DECODED PAYLOAD: {'exp': 1790181092, 'sub': 'user_3Hrwmz08BOOrE5XBraSMqfSQXxp'}
RECEIVED TOKEN: eyJhbGciOiJIUzI1NiIsInR5cCI6IkpXVCJ9.eyJleHAiOjE3OTAxODEwOTIsInN1YiI6InVzZXJfM0hyd216MDhCT09yRTVYQnJhU01xZlNRWHhwIn0.AGg2jPigJXs6Bw0yVqRC9Nt1NCb77vKYWiNJ7z4x3RM
DECODED PAYLOAD: {'exp': 1790181092, 'sub': 'user_3Hrwmz08BOOrE5XBraSMqfSQXxp'}
GET_CURRENT_USER: user_3Hrwmz08BOOrE5XBraSMqfSQXxp -> <app.models.core.User object at 0x000002142B9B4A10>
REQUIRE_ADMIN: user_3Hrwmz08BOOrE5XBraSMqfSQXxp -> admin
GET_CURRENT_USER: user_3Hrwmz08BOOrE5XBraSMqfSQXxp -> <app.models.core.User object at 0x000002142B9B4FC0>
REQUIRE_ADMIN: user_3Hrwmz08BOOrE5XBraSMqfSQXxp -> admin
RECEIVED TOKEN: eyJhbGciOiJIUzI1NiIsInR5cCI6IkpXVCJ9.eyJleHAiOjE3OTAxODEwOTIsInN1YiI6InVzZXJfM0hyd216MDhCT09yRTVYQnJhU01xZlNRWHhwIn0.AGg2jPigJXs6Bw0yVqRC9Nt1NCb77vKYWiNJ7z4x3RM
DECODED PAYLOAD: {'exp': 1790181092, 'sub': 'user_3Hrwmz08BOOrE5XBraSMqfSQXxp'}
RECEIVED TOKEN: eyJhbGciOiJIUzI1NiIsInR5cCI6IkpXVCJ9.eyJleHAiOjE3OTAxODEwOTIsInN1YiI6InVzZXJfM0hyd216MDhCT09yRTVYQnJhU01xZlNRWHhwIn0.AGg2jPigJXs6Bw0yVqRC9Nt1NCb77vKYWiNJ7z4x3RM
DECODED PAYLOAD: {'exp': 1790181092, 'sub': 'user_3Hrwmz08BOOrE5XBraSMqfSQXxp'}
GET_CURRENT_USER: user_3Hrwmz08BOOrE5XBraSMqfSQXxp -> <app.models.core.User object at 0x000002142A5B3D40>
REQUIRE_ADMIN: user_3Hrwmz08BOOrE5XBraSMqfSQXxp -> admin
GET_CURRENT_USER: user_3Hrwmz08BOOrE5XBraSMqfSQXxp -> <app.models.core.User object at 0x000002142B9B6410>
REQUIRE_ADMIN: user_3Hrwmz08BOOrE5XBraSMqfSQXxp -> admin
RECEIVED TOKEN: eyJhbGciOiJIUzI1NiIsInR5cCI6IkpXVCJ9.eyJleHAiOjE3OTAxODEwOTIsInN1YiI6InVzZXJfM0hyd216MDhCT09yRTVYQnJhU01xZlNRWHhwIn0.AGg2jPigJXs6Bw0yVqRC9Nt1NCb77vKYWiNJ7z4x3RM
DECODED PAYLOAD: {'exp': 1790181092, 'sub': 'user_3Hrwmz08BOOrE5XBraSMqfSQXxp'}
RECEIVED TOKEN: eyJhbGciOiJIUzI1NiIsInR5cCI6IkpXVCJ9.eyJleHAiOjE3OTAxODEwOTIsInN1YiI6InVzZXJfM0hyd216MDhCT09yRTVYQnJhU01xZlNRWHhwIn0.AGg2jPigJXs6Bw0yVqRC9Nt1NCb77vKYWiNJ7z4x3RM
DECODED PAYLOAD: {'exp': 1790181092, 'sub': 'user_3Hrwmz08BOOrE5XBraSMqfSQXxp'}
RECEIVED TOKEN: eyJhbGciOiJIUzI1NiIsInR5cCI6IkpXVCJ9.eyJleHAiOjE3OTAxODEwOTIsInN1YiI6InVzZXJfM0hyd216MDhCT09yRTVYQnJhU01xZlNRWHhwIn0.AGg2jPigJXs6Bw0yVqRC9Nt1NCb77vKYWiNJ7z4x3RM
DECODED PAYLOAD: {'exp': 1790181092, 'sub': 'user_3Hrwmz08BOOrE5XBraSMqfSQXxp'}
RECEIVED TOKEN: eyJhbGciOiJIUzI1NiIsInR5cCI6IkpXVCJ9.eyJleHAiOjE3OTAxODEwOTIsInN1YiI6InVzZXJfM0hyd216MDhCT09yRTVYQnJhU01xZlNRWHhwIn0.AGg2jPigJXs6Bw0yVqRC9Nt1NCb77vKYWiNJ7z4x3RM
DECODED PAYLOAD: {'exp': 1790181092, 'sub': 'user_3Hrwmz08BOOrE5XBraSMqfSQXxp'}
GET_CURRENT_USER: user_3Hrwmz08BOOrE5XBraSMqfSQXxp -> <app.models.core.User object at 0x000002142B9B6340>
REQUIRE_ADMIN: user_3Hrwmz08BOOrE5XBraSMqfSQXxp -> admin
GET_CURRENT_USER: user_3Hrwmz08BOOrE5XBraSMqfSQXxp -> <app.models.core.User object at 0x000002142B9B4FC0>
REQUIRE_ADMIN: user_3Hrwmz08BOOrE5XBraSMqfSQXxp -> admin
GET_CURRENT_USER: user_3Hrwmz08BOOrE5XBraSMqfSQXxp -> <app.models.core.User object at 0x000002142B9B5A50>
RECEIVED TOKEN: eyJhbGciOiJIUzI1NiIsInR5cCI6IkpXVCJ9.eyJleHAiOjE3OTAxODEwOTIsInN1YiI6InVzZXJfM0hyd216MDhCT09yRTVYQnJhU01xZlNRWHhwIn0.AGg2jPigJXs6Bw0yVqRC9Nt1NCb77vKYWiNJ7z4x3RM
DECODED PAYLOAD: {'exp': 1790181092, 'sub': 'user_3Hrwmz08BOOrE5XBraSMqfSQXxp'}
RECEIVED TOKEN: eyJhbGciOiJIUzI1NiIsInR5cCI6IkpXVCJ9.eyJleHAiOjE3OTAxODEwOTIsInN1YiI6InVzZXJfM0hyd216MDhCT09yRTVYQnJhU01xZlNRWHhwIn0.AGg2jPigJXs6Bw0yVqRC9Nt1NCb77vKYWiNJ7z4x3RM
DECODED PAYLOAD: {'exp': 1790181092, 'sub': 'user_3Hrwmz08BOOrE5XBraSMqfSQXxp'}
RECEIVED TOKEN: eyJhbGciOiJIUzI1NiIsInR5cCI6IkpXVCJ9.eyJleHAiOjE3OTAxODEwOTIsInN1YiI6InVzZXJfM0hyd216MDhCT09yRTVYQnJhU01xZlNRWHhwIn0.AGg2jPigJXs6Bw0yVqRC9Nt1NCb77vKYWiNJ7z4x3RM
DECODED PAYLOAD: {'exp': 1790181092, 'sub': 'user_3Hrwmz08BOOrE5XBraSMqfSQXxp'}
RECEIVED TOKEN: eyJhbGciOiJIUzI1NiIsInR5cCI6IkpXVCJ9.eyJleHAiOjE3OTAxODEwOTIsInN1YiI6InVzZXJfM0hyd216MDhCT09yRTVYQnJhU01xZlNRWHhwIn0.AGg2jPigJXs6Bw0yVqRC9Nt1NCb77vKYWiNJ7z4x3RM
DECODED PAYLOAD: {'exp': 1790181092, 'sub': 'user_3Hrwmz08BOOrE5XBraSMqfSQXxp'}
GET_CURRENT_USER: user_3Hrwmz08BOOrE5XBraSMqfSQXxp -> <app.models.core.User object at 0x000002142B9B5E60>
REQUIRE_ADMIN: user_3Hrwmz08BOOrE5XBraSMqfSQXxp -> admin
GET_CURRENT_USER: user_3Hrwmz08BOOrE5XBraSMqfSQXxp -> <app.models.core.User object at 0x000002142B9B4FC0>
REQUIRE_ADMIN: user_3Hrwmz08BOOrE5XBraSMqfSQXxp -> admin
GET_CURRENT_USER: user_3Hrwmz08BOOrE5XBraSMqfSQXxp -> <app.models.core.User object at 0x000002142B9B5CC0>
RECEIVED TOKEN: eyJhbGciOiJIUzI1NiIsInR5cCI6IkpXVCJ9.eyJleHAiOjE3OTAxODEwOTIsInN1YiI6InVzZXJfM0hyd216MDhCT09yRTVYQnJhU01xZlNRWHhwIn0.AGg2jPigJXs6Bw0yVqRC9Nt1NCb77vKYWiNJ7z4x3RM
DECODED PAYLOAD: {'exp': 1790181092, 'sub': 'user_3Hrwmz08BOOrE5XBraSMqfSQXxp'}
GET_CURRENT_USER: user_3Hrwmz08BOOrE5XBraSMqfSQXxp -> <app.models.core.User object at 0x000002142B9B4A10>
RECEIVED TOKEN: eyJhbGciOiJIUzI1NiIsInR5cCI6IkpXVCJ9.eyJleHAiOjE3OTAxODEwOTIsInN1YiI6InVzZXJfM0hyd216MDhCT09yRTVYQnJhU01xZlNRWHhwIn0.AGg2jPigJXs6Bw0yVqRC9Nt1NCb77vKYWiNJ7z4x3RM
DECODED PAYLOAD: {'exp': 1790181092, 'sub': 'user_3Hrwmz08BOOrE5XBraSMqfSQXxp'}
GET_CURRENT_USER: user_3Hrwmz08BOOrE5XBraSMqfSQXxp -> <app.models.core.User object at 0x000002142B9B5710>
RECEIVED TOKEN: eyJhbGciOiJIUzI1NiIsInR5cCI6IkpXVCJ9.eyJleHAiOjE3OTAxODEwOTIsInN1YiI6InVzZXJfM0hyd216MDhCT09yRTVYQnJhU01xZlNRWHhwIn0.AGg2jPigJXs6Bw0yVqRC9Nt1NCb77vKYWiNJ7z4x3RM
DECODED PAYLOAD: {'exp': 1790181092, 'sub': 'user_3Hrwmz08BOOrE5XBraSMqfSQXxp'}
RECEIVED TOKEN: eyJhbGciOiJIUzI1NiIsInR5cCI6IkpXVCJ9.eyJleHAiOjE3OTAxODEwOTIsInN1YiI6InVzZXJfM0hyd216MDhCT09yRTVYQnJhU01xZlNRWHhwIn0.AGg2jPigJXs6Bw0yVqRC9Nt1NCb77vKYWiNJ7z4x3RM
DECODED PAYLOAD: {'exp': 1790181092, 'sub': 'user_3Hrwmz08BOOrE5XBraSMqfSQXxp'}
RECEIVED TOKEN: eyJhbGciOiJIUzI1NiIsInR5cCI6IkpXVCJ9.eyJleHAiOjE3OTAxODEwOTIsInN1YiI6InVzZXJfM0hyd216MDhCT09yRTVYQnJhU01xZlNRWHhwIn0.AGg2jPigJXs6Bw0yVqRC9Nt1NCb77vKYWiNJ7z4x3RM
DECODED PAYLOAD: {'exp': 1790181092, 'sub': 'user_3Hrwmz08BOOrE5XBraSMqfSQXxp'}
RECEIVED TOKEN: eyJhbGciOiJIUzI1NiIsInR5cCI6IkpXVCJ9.eyJleHAiOjE3OTAxODEwOTIsInN1YiI6InVzZXJfM0hyd216MDhCT09yRTVYQnJhU01xZlNRWHhwIn0.AGg2jPigJXs6Bw0yVqRC9Nt1NCb77vKYWiNJ7z4x3RM
DECODED PAYLOAD: {'exp': 1790181092, 'sub': 'user_3Hrwmz08BOOrE5XBraSMqfSQXxp'}
GET_CURRENT_USER: user_3Hrwmz08BOOrE5XBraSMqfSQXxp -> <app.models.core.User object at 0x000002142B9B7380>
REQUIRE_ADMIN: user_3Hrwmz08BOOrE5XBraSMqfSQXxp -> admin
GET_CURRENT_USER: user_3Hrwmz08BOOrE5XBraSMqfSQXxp -> <app.models.core.User object at 0x000002142B9B69C0>
REQUIRE_ADMIN: user_3Hrwmz08BOOrE5XBraSMqfSQXxp -> admin
GET_CURRENT_USER: user_3Hrwmz08BOOrE5XBraSMqfSQXxp -> <app.models.core.User object at 0x000002142B9B7110>
RECEIVED TOKEN: eyJhbGciOiJIUzI1NiIsInR5cCI6IkpXVCJ9.eyJleHAiOjE3OTAxODEwOTIsInN1YiI6InVzZXJfM0hyd216MDhCT09yRTVYQnJhU01xZlNRWHhwIn0.AGg2jPigJXs6Bw0yVqRC9Nt1NCb77vKYWiNJ7z4x3RM
DECODED PAYLOAD: {'exp': 1790181092, 'sub': 'user_3Hrwmz08BOOrE5XBraSMqfSQXxp'}
RECEIVED TOKEN: eyJhbGciOiJIUzI1NiIsInR5cCI6IkpXVCJ9.eyJleHAiOjE3OTAxODEwOTIsInN1YiI6InVzZXJfM0hyd216MDhCT09yRTVYQnJhU01xZlNRWHhwIn0.AGg2jPigJXs6Bw0yVqRC9Nt1NCb77vKYWiNJ7z4x3RM
DECODED PAYLOAD: {'exp': 1790181092, 'sub': 'user_3Hrwmz08BOOrE5XBraSMqfSQXxp'}
RECEIVED TOKEN: eyJhbGciOiJIUzI1NiIsInR5cCI6IkpXVCJ9.eyJleHAiOjE3OTAxODEwOTIsInN1YiI6InVzZXJfM0hyd216MDhCT09yRTVYQnJhU01xZlNRWHhwIn0.AGg2jPigJXs6Bw0yVqRC9Nt1NCb77vKYWiNJ7z4x3RM
DECODED PAYLOAD: {'exp': 1790181092, 'sub': 'user_3Hrwmz08BOOrE5XBraSMqfSQXxp'}
GET_CURRENT_USER: user_3Hrwmz08BOOrE5XBraSMqfSQXxp -> <app.models.core.User object at 0x000002142B9B7D40>
REQUIRE_ADMIN: user_3Hrwmz08BOOrE5XBraSMqfSQXxp -> admin
GET_CURRENT_USER: user_3Hrwmz08BOOrE5XBraSMqfSQXxp -> <app.models.core.User object at 0x000002142B9B7450>
GET_CURRENT_USER: user_3Hrwmz08BOOrE5XBraSMqfSQXxp -> <app.models.core.User object at 0x000002142B9B7A00>
REQUIRE_ADMIN: user_3Hrwmz08BOOrE5XBraSMqfSQXxp -> admin
RECEIVED TOKEN: eyJhbGciOiJIUzI1NiIsInR5cCI6IkpXVCJ9.eyJleHAiOjE3OTAxODEwOTIsInN1YiI6InVzZXJfM0hyd216MDhCT09yRTVYQnJhU01xZlNRWHhwIn0.AGg2jPigJXs6Bw0yVqRC9Nt1NCb77vKYWiNJ7z4x3RM
DECODED PAYLOAD: {'exp': 1790181092, 'sub': 'user_3Hrwmz08BOOrE5XBraSMqfSQXxp'}
RECEIVED TOKEN: eyJhbGciOiJIUzI1NiIsInR5cCI6IkpXVCJ9.eyJleHAiOjE3OTAxODEwOTIsInN1YiI6InVzZXJfM0hyd216MDhCT09yRTVYQnJhU01xZlNRWHhwIn0.AGg2jPigJXs6Bw0yVqRC9Nt1NCb77vKYWiNJ7z4x3RM
DECODED PAYLOAD: {'exp': 1790181092, 'sub': 'user_3Hrwmz08BOOrE5XBraSMqfSQXxp'}
RECEIVED TOKEN: eyJhbGciOiJIUzI1NiIsInR5cCI6IkpXVCJ9.eyJleHAiOjE3OTAxODEwOTIsInN1YiI6InVzZXJfM0hyd216MDhCT09yRTVYQnJhU01xZlNRWHhwIn0.AGg2jPigJXs6Bw0yVqRC9Nt1NCb77vKYWiNJ7z4x3RM
DECODED PAYLOAD: {'exp': 1790181092, 'sub': 'user_3Hrwmz08BOOrE5XBraSMqfSQXxp'}
RECEIVED TOKEN: eyJhbGciOiJIUzI1NiIsInR5cCI6IkpXVCJ9.eyJleHAiOjE3OTAxODEwOTIsInN1YiI6InVzZXJfM0hyd216MDhCT09yRTVYQnJhU01xZlNRWHhwIn0.AGg2jPigJXs6Bw0yVqRC9Nt1NCb77vKYWiNJ7z4x3RM
DECODED PAYLOAD: {'exp': 1790181092, 'sub': 'user_3Hrwmz08BOOrE5XBraSMqfSQXxp'}
GET_CURRENT_USER: user_3Hrwmz08BOOrE5XBraSMqfSQXxp -> <app.models.core.User object at 0x000002142B9B71E0>
REQUIRE_ADMIN: user_3Hrwmz08BOOrE5XBraSMqfSQXxp -> admin
GET_CURRENT_USER: user_3Hrwmz08BOOrE5XBraSMqfSQXxp -> <app.models.core.User object at 0x000002142B9B7380>
REQUIRE_ADMIN: user_3Hrwmz08BOOrE5XBraSMqfSQXxp -> admin
GET_CURRENT_USER: user_3Hrwmz08BOOrE5XBraSMqfSQXxp -> <app.models.core.User object at 0x000002142B9B6DD0>
RECEIVED TOKEN: eyJhbGciOiJIUzI1NiIsInR5cCI6IkpXVCJ9.eyJleHAiOjE3OTAxODEwOTIsInN1YiI6InVzZXJfM0hyd216MDhCT09yRTVYQnJhU01xZlNRWHhwIn0.AGg2jPigJXs6Bw0yVqRC9Nt1NCb77vKYWiNJ7z4x3RM
DECODED PAYLOAD: {'exp': 1790181092, 'sub': 'user_3Hrwmz08BOOrE5XBraSMqfSQXxp'}
RECEIVED TOKEN: eyJhbGciOiJIUzI1NiIsInR5cCI6IkpXVCJ9.eyJleHAiOjE3OTAxODEwOTIsInN1YiI6InVzZXJfM0hyd216MDhCT09yRTVYQnJhU01xZlNRWHhwIn0.AGg2jPigJXs6Bw0yVqRC9Nt1NCb77vKYWiNJ7z4x3RM
DECODED PAYLOAD: {'exp': 1790181092, 'sub': 'user_3Hrwmz08BOOrE5XBraSMqfSQXxp'}
GET_CURRENT_USER: user_3Hrwmz08BOOrE5XBraSMqfSQXxp -> <app.models.core.User object at 0x000002142B9B6820>
REQUIRE_ADMIN: user_3Hrwmz08BOOrE5XBraSMqfSQXxp -> admin
GET_CURRENT_USER: user_3Hrwmz08BOOrE5XBraSMqfSQXxp -> <app.models.core.User object at 0x000002142B9B6B60>
REQUIRE_ADMIN: user_3Hrwmz08BOOrE5XBraSMqfSQXxp -> admin
RECEIVED TOKEN: eyJhbGciOiJIUzI1NiIsInR5cCI6IkpXVCJ9.eyJleHAiOjE3OTAxODEwOTIsInN1YiI6InVzZXJfM0hyd216MDhCT09yRTVYQnJhU01xZlNRWHhwIn0.AGg2jPigJXs6Bw0yVqRC9Nt1NCb77vKYWiNJ7z4x3RM
DECODED PAYLOAD: {'exp': 1790181092, 'sub': 'user_3Hrwmz08BOOrE5XBraSMqfSQXxp'}
RECEIVED TOKEN: eyJhbGciOiJIUzI1NiIsInR5cCI6IkpXVCJ9.eyJleHAiOjE3OTAxODEwOTIsInN1YiI6InVzZXJfM0hyd216MDhCT09yRTVYQnJhU01xZlNRWHhwIn0.AGg2jPigJXs6Bw0yVqRC9Nt1NCb77vKYWiNJ7z4x3RM
DECODED PAYLOAD: {'exp': 1790181092, 'sub': 'user_3Hrwmz08BOOrE5XBraSMqfSQXxp'}
RECEIVED TOKEN: eyJhbGciOiJIUzI1NiIsInR5cCI6IkpXVCJ9.eyJleHAiOjE3OTAxODEwOTIsInN1YiI6InVzZXJfM0hyd216MDhCT09yRTVYQnJhU01xZlNRWHhwIn0.AGg2jPigJXs6Bw0yVqRC9Nt1NCb77vKYWiNJ7z4x3RM
DECODED PAYLOAD: {'exp': 1790181092, 'sub': 'user_3Hrwmz08BOOrE5XBraSMqfSQXxp'}
RECEIVED TOKEN: eyJhbGciOiJIUzI1NiIsInR5cCI6IkpXVCJ9.eyJleHAiOjE3OTAxODEwOTIsInN1YiI6InVzZXJfM0hyd216MDhCT09yRTVYQnJhU01xZlNRWHhwIn0.AGg2jPigJXs6Bw0yVqRC9Nt1NCb77vKYWiNJ7z4x3RM
DECODED PAYLOAD: {'exp': 1790181092, 'sub': 'user_3Hrwmz08BOOrE5XBraSMqfSQXxp'}
GET_CURRENT_USER: user_3Hrwmz08BOOrE5XBraSMqfSQXxp -> <app.models.core.User object at 0x000002142B9B7EE0>
REQUIRE_ADMIN: user_3Hrwmz08BOOrE5XBraSMqfSQXxp -> admin
GET_CURRENT_USER: user_3Hrwmz08BOOrE5XBraSMqfSQXxp -> <app.models.core.User object at 0x000002142B9B7040>
REQUIRE_ADMIN: user_3Hrwmz08BOOrE5XBraSMqfSQXxp -> admin
GET_CURRENT_USER: user_3Hrwmz08BOOrE5XBraSMqfSQXxp -> <app.models.core.User object at 0x000002142B9B6F70>
REQUIRE_ADMIN: user_3Hrwmz08BOOrE5XBraSMqfSQXxp -> admin
GET_CURRENT_USER: user_3Hrwmz08BOOrE5XBraSMqfSQXxp -> <app.models.core.User object at 0x000002142B9B7C70>
REQUIRE_ADMIN: user_3Hrwmz08BOOrE5XBraSMqfSQXxp -> admin
RECEIVED TOKEN: eyJhbGciOiJIUzI1NiIsInR5cCI6IkpXVCJ9.eyJleHAiOjE3OTAxODEwOTIsInN1YiI6InVzZXJfM0hyd216MDhCT09yRTVYQnJhU01xZlNRWHhwIn0.AGg2jPigJXs6Bw0yVqRC9Nt1NCb77vKYWiNJ7z4x3RM
DECODED PAYLOAD: {'exp': 1790181092, 'sub': 'user_3Hrwmz08BOOrE5XBraSMqfSQXxp'}
RECEIVED TOKEN: eyJhbGciOiJIUzI1NiIsInR5cCI6IkpXVCJ9.eyJleHAiOjE3OTAxODEwOTIsInN1YiI6InVzZXJfM0hyd216MDhCT09yRTVYQnJhU01xZlNRWHhwIn0.AGg2jPigJXs6Bw0yVqRC9Nt1NCb77vKYWiNJ7z4x3RM
DECODED PAYLOAD: {'exp': 1790181092, 'sub': 'user_3Hrwmz08BOOrE5XBraSMqfSQXxp'}
RECEIVED TOKEN: eyJhbGciOiJIUzI1NiIsInR5cCI6IkpXVCJ9.eyJleHAiOjE3OTAxODEwOTIsInN1YiI6InVzZXJfM0hyd216MDhCT09yRTVYQnJhU01xZlNRWHhwIn0.AGg2jPigJXs6Bw0yVqRC9Nt1NCb77vKYWiNJ7z4x3RM
DECODED PAYLOAD: {'exp': 1790181092, 'sub': 'user_3Hrwmz08BOOrE5XBraSMqfSQXxp'}
RECEIVED TOKEN: eyJhbGciOiJIUzI1NiIsInR5cCI6IkpXVCJ9.eyJleHAiOjE3OTAxODEwOTIsInN1YiI6InVzZXJfM0hyd216MDhCT09yRTVYQnJhU01xZlNRWHhwIn0.AGg2jPigJXs6Bw0yVqRC9Nt1NCb77vKYWiNJ7z4x3RM
DECODED PAYLOAD: {'exp': 1790181092, 'sub': 'user_3Hrwmz08BOOrE5XBraSMqfSQXxp'}
GET_CURRENT_USER: user_3Hrwmz08BOOrE5XBraSMqfSQXxp -> <app.models.core.User object at 0x000002142B9B6410>
REQUIRE_ADMIN: user_3Hrwmz08BOOrE5XBraSMqfSQXxp -> admin
GET_CURRENT_USER: user_3Hrwmz08BOOrE5XBraSMqfSQXxp -> <app.models.core.User object at 0x000002142B9B5640>
REQUIRE_ADMIN: user_3Hrwmz08BOOrE5XBraSMqfSQXxp -> admin
GET_CURRENT_USER: user_3Hrwmz08BOOrE5XBraSMqfSQXxp -> <app.models.core.User object at 0x000002142B9B6680>
RECEIVED TOKEN: eyJhbGciOiJIUzI1NiIsInR5cCI6IkpXVCJ9.eyJleHAiOjE3OTAxODEwOTIsInN1YiI6InVzZXJfM0hyd216MDhCT09yRTVYQnJhU01xZlNRWHhwIn0.AGg2jPigJXs6Bw0yVqRC9Nt1NCb77vKYWiNJ7z4x3RM
DECODED PAYLOAD: {'exp': 1790181092, 'sub': 'user_3Hrwmz08BOOrE5XBraSMqfSQXxp'}
GET_CURRENT_USER: user_3Hrwmz08BOOrE5XBraSMqfSQXxp -> <app.models.core.User object at 0x000002142B9B6410>
RECEIVED TOKEN: eyJhbGciOiJIUzI1NiIsInR5cCI6IkpXVCJ9.eyJleHAiOjE3OTAxODEwOTIsInN1YiI6InVzZXJfM0hyd216MDhCT09yRTVYQnJhU01xZlNRWHhwIn0.AGg2jPigJXs6Bw0yVqRC9Nt1NCb77vKYWiNJ7z4x3RM
DECODED PAYLOAD: {'exp': 1790181092, 'sub': 'user_3Hrwmz08BOOrE5XBraSMqfSQXxp'}
GET_CURRENT_USER: user_3Hrwmz08BOOrE5XBraSMqfSQXxp -> <app.models.core.User object at 0x000002142B9B6410>
RECEIVED TOKEN: eyJhbGciOiJIUzI1NiIsInR5cCI6IkpXVCJ9.eyJleHAiOjE3OTAxODEwOTIsInN1YiI6InVzZXJfM0hyd216MDhCT09yRTVYQnJhU01xZlNRWHhwIn0.AGg2jPigJXs6Bw0yVqRC9Nt1NCb77vKYWiNJ7z4x3RM
DECODED PAYLOAD: {'exp': 1790181092, 'sub': 'user_3Hrwmz08BOOrE5XBraSMqfSQXxp'}
GET_CURRENT_USER: user_3Hrwmz08BOOrE5XBraSMqfSQXxp -> <app.models.core.User object at 0x000002142B9B6340>
RECEIVED TOKEN: eyJhbGciOiJIUzI1NiIsInR5cCI6IkpXVCJ9.eyJleHAiOjE3OTAxODEwOTIsInN1YiI6InVzZXJfM0hyd216MDhCT09yRTVYQnJhU01xZlNRWHhwIn0.AGg2jPigJXs6Bw0yVqRC9Nt1NCb77vKYWiNJ7z4x3RM
DECODED PAYLOAD: {'exp': 1790181092, 'sub': 'user_3Hrwmz08BOOrE5XBraSMqfSQXxp'}
RECEIVED TOKEN: eyJhbGciOiJIUzI1NiIsInR5cCI6IkpXVCJ9.eyJleHAiOjE3OTAxODEwOTIsInN1YiI6InVzZXJfM0hyd216MDhCT09yRTVYQnJhU01xZlNRWHhwIn0.AGg2jPigJXs6Bw0yVqRC9Nt1NCb77vKYWiNJ7z4x3RM
DECODED PAYLOAD: {'exp': 1790181092, 'sub': 'user_3Hrwmz08BOOrE5XBraSMqfSQXxp'}
GET_CURRENT_USER: user_3Hrwmz08BOOrE5XBraSMqfSQXxp -> <app.models.core.User object at 0x000002142BAC8EF0>
RECEIVED TOKEN: eyJhbGciOiJIUzI1NiIsInR5cCI6IkpXVCJ9.eyJleHAiOjE3OTAxODEwOTIsInN1YiI6InVzZXJfM0hyd216MDhCT09yRTVYQnJhU01xZlNRWHhwIn0.AGg2jPigJXs6Bw0yVqRC9Nt1NCb77vKYWiNJ7z4x3RM
DECODED PAYLOAD: {'exp': 1790181092, 'sub': 'user_3Hrwmz08BOOrE5XBraSMqfSQXxp'}
GET_CURRENT_USER: user_3Hrwmz08BOOrE5XBraSMqfSQXxp -> <app.models.core.User object at 0x000002142B9B58B0>
RECEIVED TOKEN: eyJhbGciOiJIUzI1NiIsInR5cCI6IkpXVCJ9.eyJleHAiOjE3OTAxODEwOTIsInN1YiI6InVzZXJfM0hyd216MDhCT09yRTVYQnJhU01xZlNRWHhwIn0.AGg2jPigJXs6Bw0yVqRC9Nt1NCb77vKYWiNJ7z4x3RM
DECODED PAYLOAD: {'exp': 1790181092, 'sub': 'user_3Hrwmz08BOOrE5XBraSMqfSQXxp'}
GET_CURRENT_USER: user_3Hrwmz08BOOrE5XBraSMqfSQXxp -> <app.models.core.User object at 0x000002142A5B3D40>
RECEIVED TOKEN: eyJhbGciOiJIUzI1NiIsInR5cCI6IkpXVCJ9.eyJleHAiOjE3OTAxODEwOTIsInN1YiI6InVzZXJfM0hyd216MDhCT09yRTVYQnJhU01xZlNRWHhwIn0.AGg2jPigJXs6Bw0yVqRC9Nt1NCb77vKYWiNJ7z4x3RM
DECODED PAYLOAD: {'exp': 1790181092, 'sub': 'user_3Hrwmz08BOOrE5XBraSMqfSQXxp'}
GET_CURRENT_USER: user_3Hrwmz08BOOrE5XBraSMqfSQXxp -> <app.models.core.User object at 0x000002142A5B3D40>
RECEIVED TOKEN: eyJhbGciOiJIUzI1NiIsInR5cCI6IkpXVCJ9.eyJleHAiOjE3OTAxODEwOTIsInN1YiI6InVzZXJfM0hyd216MDhCT09yRTVYQnJhU01xZlNRWHhwIn0.AGg2jPigJXs6Bw0yVqRC9Nt1NCb77vKYWiNJ7z4x3RM
DECODED PAYLOAD: {'exp': 1790181092, 'sub': 'user_3Hrwmz08BOOrE5XBraSMqfSQXxp'}
GET_CURRENT_USER: user_3Hrwmz08BOOrE5XBraSMqfSQXxp -> <app.models.core.User object at 0x000001B4565BFD50>
RECEIVED TOKEN: eyJhbGciOiJIUzI1NiIsInR5cCI6IkpXVCJ9.eyJleHAiOjE3OTAxODEwOTIsInN1YiI6InVzZXJfM0hyd216MDhCT09yRTVYQnJhU01xZlNRWHhwIn0.AGg2jPigJXs6Bw0yVqRC9Nt1NCb77vKYWiNJ7z4x3RM
DECODED PAYLOAD: {'exp': 1790181092, 'sub': 'user_3Hrwmz08BOOrE5XBraSMqfSQXxp'}
RECEIVED TOKEN: eyJhbGciOiJIUzI1NiIsInR5cCI6IkpXVCJ9.eyJleHAiOjE3OTAxODEwOTIsInN1YiI6InVzZXJfM0hyd216MDhCT09yRTVYQnJhU01xZlNRWHhwIn0.AGg2jPigJXs6Bw0yVqRC9Nt1NCb77vKYWiNJ7z4x3RM
DECODED PAYLOAD: {'exp': 1790181092, 'sub': 'user_3Hrwmz08BOOrE5XBraSMqfSQXxp'}
GET_CURRENT_USER: user_3Hrwmz08BOOrE5XBraSMqfSQXxp -> <app.models.core.User object at 0x000001B4567B0C80>
RECEIVED TOKEN: eyJhbGciOiJIUzI1NiIsInR5cCI6IkpXVCJ9.eyJleHAiOjE3OTAxODEwOTIsInN1YiI6InVzZXJfM0hyd216MDhCT09yRTVYQnJhU01xZlNRWHhwIn0.AGg2jPigJXs6Bw0yVqRC9Nt1NCb77vKYWiNJ7z4x3RM
DECODED PAYLOAD: {'exp': 1790181092, 'sub': 'user_3Hrwmz08BOOrE5XBraSMqfSQXxp'}
GET_CURRENT_USER: user_3Hrwmz08BOOrE5XBraSMqfSQXxp -> <app.models.core.User object at 0x000001B4567B0600>
RECEIVED TOKEN: eyJhbGciOiJIUzI1NiIsInR5cCI6IkpXVCJ9.eyJleHAiOjE3OTAxODEwOTIsInN1YiI6InVzZXJfM0hyd216MDhCT09yRTVYQnJhU01xZlNRWHhwIn0.AGg2jPigJXs6Bw0yVqRC9Nt1NCb77vKYWiNJ7z4x3RM
DECODED PAYLOAD: {'exp': 1790181092, 'sub': 'user_3Hrwmz08BOOrE5XBraSMqfSQXxp'}
GET_CURRENT_USER: user_3Hrwmz08BOOrE5XBraSMqfSQXxp -> <app.models.core.User object at 0x000001B45643CE20>
RECEIVED TOKEN: eyJhbGciOiJIUzI1NiIsInR5cCI6IkpXVCJ9.eyJleHAiOjE3OTAxODEwOTIsInN1YiI6InVzZXJfM0hyd216MDhCT09yRTVYQnJhU01xZlNRWHhwIn0.AGg2jPigJXs6Bw0yVqRC9Nt1NCb77vKYWiNJ7z4x3RM
DECODED PAYLOAD: {'exp': 1790181092, 'sub': 'user_3Hrwmz08BOOrE5XBraSMqfSQXxp'}
GET_CURRENT_USER: user_3Hrwmz08BOOrE5XBraSMqfSQXxp -> <app.models.core.User object at 0x000001B45643DD90>
RECEIVED TOKEN: eyJhbGciOiJIUzI1NiIsInR5cCI6IkpXVCJ9.eyJleHAiOjE3OTAxODEwOTIsInN1YiI6InVzZXJfM0hyd216MDhCT09yRTVYQnJhU01xZlNRWHhwIn0.AGg2jPigJXs6Bw0yVqRC9Nt1NCb77vKYWiNJ7z4x3RM
DECODED PAYLOAD: {'exp': 1790181092, 'sub': 'user_3Hrwmz08BOOrE5XBraSMqfSQXxp'}
RECEIVED TOKEN: eyJhbGciOiJIUzI1NiIsInR5cCI6IkpXVCJ9.eyJleHAiOjE3OTAxODEwOTIsInN1YiI6InVzZXJfM0hyd216MDhCT09yRTVYQnJhU01xZlNRWHhwIn0.AGg2jPigJXs6Bw0yVqRC9Nt1NCb77vKYWiNJ7z4x3RM
DECODED PAYLOAD: {'exp': 1790181092, 'sub': 'user_3Hrwmz08BOOrE5XBraSMqfSQXxp'}
GET_CURRENT_USER: user_3Hrwmz08BOOrE5XBraSMqfSQXxp -> <app.models.core.User object at 0x0000022879A496D0>
RECEIVED TOKEN: eyJhbGciOiJIUzI1NiIsInR5cCI6IkpXVCJ9.eyJleHAiOjE3OTAxODEwOTIsInN1YiI6InVzZXJfM0hyd216MDhCT09yRTVYQnJhU01xZlNRWHhwIn0.AGg2jPigJXs6Bw0yVqRC9Nt1NCb77vKYWiNJ7z4x3RM
DECODED PAYLOAD: {'exp': 1790181092, 'sub': 'user_3Hrwmz08BOOrE5XBraSMqfSQXxp'}
RECEIVED TOKEN: eyJhbGciOiJIUzI1NiIsInR5cCI6IkpXVCJ9.eyJleHAiOjE3OTAxODEwOTIsInN1YiI6InVzZXJfM0hyd216MDhCT09yRTVYQnJhU01xZlNRWHhwIn0.AGg2jPigJXs6Bw0yVqRC9Nt1NCb77vKYWiNJ7z4x3RM
DECODED PAYLOAD: {'exp': 1790181092, 'sub': 'user_3Hrwmz08BOOrE5XBraSMqfSQXxp'}
GET_CURRENT_USER: user_3Hrwmz08BOOrE5XBraSMqfSQXxp -> <app.models.core.User object at 0x0000022879743860>
RECEIVED TOKEN: eyJhbGciOiJIUzI1NiIsInR5cCI6IkpXVCJ9.eyJleHAiOjE3OTAxODEwOTIsInN1YiI6InVzZXJfM0hyd216MDhCT09yRTVYQnJhU01xZlNRWHhwIn0.AGg2jPigJXs6Bw0yVqRC9Nt1NCb77vKYWiNJ7z4x3RM
DECODED PAYLOAD: {'exp': 1790181092, 'sub': 'user_3Hrwmz08BOOrE5XBraSMqfSQXxp'}
GET_CURRENT_USER: user_3Hrwmz08BOOrE5XBraSMqfSQXxp -> <app.models.core.User object at 0x000002287AB71E60>
RECEIVED TOKEN: eyJhbGciOiJIUzI1NiIsInR5cCI6IkpXVCJ9.eyJleHAiOjE3OTAxODEwOTIsInN1YiI6InVzZXJfM0hyd216MDhCT09yRTVYQnJhU01xZlNRWHhwIn0.AGg2jPigJXs6Bw0yVqRC9Nt1NCb77vKYWiNJ7z4x3RM
DECODED PAYLOAD: {'exp': 1790181092, 'sub': 'user_3Hrwmz08BOOrE5XBraSMqfSQXxp'}
GET_CURRENT_USER: user_3Hrwmz08BOOrE5XBraSMqfSQXxp -> <app.models.core.User object at 0x000002287AB71B20>
RECEIVED TOKEN: eyJhbGciOiJIUzI1NiIsInR5cCI6IkpXVCJ9.eyJleHAiOjE3OTAxODEwOTIsInN1YiI6InVzZXJfM0hyd216MDhCT09yRTVYQnJhU01xZlNRWHhwIn0.AGg2jPigJXs6Bw0yVqRC9Nt1NCb77vKYWiNJ7z4x3RM
DECODED PAYLOAD: {'exp': 1790181092, 'sub': 'user_3Hrwmz08BOOrE5XBraSMqfSQXxp'}
GET_CURRENT_USER: user_3Hrwmz08BOOrE5XBraSMqfSQXxp -> <app.models.core.User object at 0x00000228797DFC70>
RECEIVED TOKEN: eyJhbGciOiJIUzI1NiIsInR5cCI6IkpXVCJ9.eyJleHAiOjE3OTAxODEwOTIsInN1YiI6InVzZXJfM0hyd216MDhCT09yRTVYQnJhU01xZlNRWHhwIn0.AGg2jPigJXs6Bw0yVqRC9Nt1NCb77vKYWiNJ7z4x3RM
DECODED PAYLOAD: {'exp': 1790181092, 'sub': 'user_3Hrwmz08BOOrE5XBraSMqfSQXxp'}
GET_CURRENT_USER: user_3Hrwmz08BOOrE5XBraSMqfSQXxp -> <app.models.core.User object at 0x000002287AB72000>
RECEIVED TOKEN: eyJhbGciOiJIUzI1NiIsInR5cCI6IkpXVCJ9.eyJleHAiOjE3OTAxODEwOTIsInN1YiI6InVzZXJfM0hyd216MDhCT09yRTVYQnJhU01xZlNRWHhwIn0.AGg2jPigJXs6Bw0yVqRC9Nt1NCb77vKYWiNJ7z4x3RM
DECODED PAYLOAD: {'exp': 1790181092, 'sub': 'user_3Hrwmz08BOOrE5XBraSMqfSQXxp'}
RECEIVED TOKEN: eyJhbGciOiJIUzI1NiIsInR5cCI6IkpXVCJ9.eyJleHAiOjE3OTAxODEwOTIsInN1YiI6InVzZXJfM0hyd216MDhCT09yRTVYQnJhU01xZlNRWHhwIn0.AGg2jPigJXs6Bw0yVqRC9Nt1NCb77vKYWiNJ7z4x3RM
DECODED PAYLOAD: {'exp': 1790181092, 'sub': 'user_3Hrwmz08BOOrE5XBraSMqfSQXxp'}
GET_CURRENT_USER: user_3Hrwmz08BOOrE5XBraSMqfSQXxp -> <app.models.core.User object at 0x000002287AB71CC0>
RECEIVED TOKEN: eyJhbGciOiJIUzI1NiIsInR5cCI6IkpXVCJ9.eyJleHAiOjE3OTAxODEwOTIsInN1YiI6InVzZXJfM0hyd216MDhCT09yRTVYQnJhU01xZlNRWHhwIn0.AGg2jPigJXs6Bw0yVqRC9Nt1NCb77vKYWiNJ7z4x3RM
DECODED PAYLOAD: {'exp': 1790181092, 'sub': 'user_3Hrwmz08BOOrE5XBraSMqfSQXxp'}
GET_CURRENT_USER: user_3Hrwmz08BOOrE5XBraSMqfSQXxp -> <app.models.core.User object at 0x000002287AB71B20>
RECEIVED TOKEN: eyJhbGciOiJIUzI1NiIsInR5cCI6IkpXVCJ9.eyJleHAiOjE3OTAxODEwOTIsInN1YiI6InVzZXJfM0hyd216MDhCT09yRTVYQnJhU01xZlNRWHhwIn0.AGg2jPigJXs6Bw0yVqRC9Nt1NCb77vKYWiNJ7z4x3RM
DECODED PAYLOAD: {'exp': 1790181092, 'sub': 'user_3Hrwmz08BOOrE5XBraSMqfSQXxp'}
RECEIVED TOKEN: eyJhbGciOiJIUzI1NiIsInR5cCI6IkpXVCJ9.eyJleHAiOjE3OTAxODEwOTIsInN1YiI6InVzZXJfM0hyd216MDhCT09yRTVYQnJhU01xZlNRWHhwIn0.AGg2jPigJXs6Bw0yVqRC9Nt1NCb77vKYWiNJ7z4x3RM
DECODED PAYLOAD: {'exp': 1790181092, 'sub': 'user_3Hrwmz08BOOrE5XBraSMqfSQXxp'}
RECEIVED TOKEN: eyJhbGciOiJIUzI1NiIsInR5cCI6IkpXVCJ9.eyJleHAiOjE3OTAxODEwOTIsInN1YiI6InVzZXJfM0hyd216MDhCT09yRTVYQnJhU01xZlNRWHhwIn0.AGg2jPigJXs6Bw0yVqRC9Nt1NCb77vKYWiNJ7z4x3RM
DECODED PAYLOAD: {'exp': 1790181092, 'sub': 'user_3Hrwmz08BOOrE5XBraSMqfSQXxp'}
GET_CURRENT_USER: user_3Hrwmz08BOOrE5XBraSMqfSQXxp -> <app.models.core.User object at 0x000002287AB70C80>
RECEIVED TOKEN: eyJhbGciOiJIUzI1NiIsInR5cCI6IkpXVCJ9.eyJleHAiOjE3OTAxODEwOTIsInN1YiI6InVzZXJfM0hyd216MDhCT09yRTVYQnJhU01xZlNRWHhwIn0.AGg2jPigJXs6Bw0yVqRC9Nt1NCb77vKYWiNJ7z4x3RM
DECODED PAYLOAD: {'exp': 1790181092, 'sub': 'user_3Hrwmz08BOOrE5XBraSMqfSQXxp'}
GET_CURRENT_USER: user_3Hrwmz08BOOrE5XBraSMqfSQXxp -> <app.models.core.User object at 0x000002287AB729C0>
RECEIVED TOKEN: eyJhbGciOiJIUzI1NiIsInR5cCI6IkpXVCJ9.eyJleHAiOjE3OTAxODEwOTIsInN1YiI6InVzZXJfM0hyd216MDhCT09yRTVYQnJhU01xZlNRWHhwIn0.AGg2jPigJXs6Bw0yVqRC9Nt1NCb77vKYWiNJ7z4x3RM
DECODED PAYLOAD: {'exp': 1790181092, 'sub': 'user_3Hrwmz08BOOrE5XBraSMqfSQXxp'}
RECEIVED TOKEN: eyJhbGciOiJIUzI1NiIsInR5cCI6IkpXVCJ9.eyJleHAiOjE3OTAxODEwOTIsInN1YiI6InVzZXJfM0hyd216MDhCT09yRTVYQnJhU01xZlNRWHhwIn0.AGg2jPigJXs6Bw0yVqRC9Nt1NCb77vKYWiNJ7z4x3RM
DECODED PAYLOAD: {'exp': 1790181092, 'sub': 'user_3Hrwmz08BOOrE5XBraSMqfSQXxp'}
GET_CURRENT_USER: user_3Hrwmz08BOOrE5XBraSMqfSQXxp -> <app.models.core.User object at 0x0000018A3F6E4B90>
RECEIVED TOKEN: eyJhbGciOiJIUzI1NiIsInR5cCI6IkpXVCJ9.eyJleHAiOjE3OTAxODEwOTIsInN1YiI6InVzZXJfM0hyd216MDhCT09yRTVYQnJhU01xZlNRWHhwIn0.AGg2jPigJXs6Bw0yVqRC9Nt1NCb77vKYWiNJ7z4x3RM
DECODED PAYLOAD: {'exp': 1790181092, 'sub': 'user_3Hrwmz08BOOrE5XBraSMqfSQXxp'}
RECEIVED TOKEN: eyJhbGciOiJIUzI1NiIsInR5cCI6IkpXVCJ9.eyJleHAiOjE3OTAxODEwOTIsInN1YiI6InVzZXJfM0hyd216MDhCT09yRTVYQnJhU01xZlNRWHhwIn0.AGg2jPigJXs6Bw0yVqRC9Nt1NCb77vKYWiNJ7z4x3RM
DECODED PAYLOAD: {'exp': 1790181092, 'sub': 'user_3Hrwmz08BOOrE5XBraSMqfSQXxp'}
GET_CURRENT_USER: user_3Hrwmz08BOOrE5XBraSMqfSQXxp -> <app.models.core.User object at 0x0000018A3F6FC050>
RECEIVED TOKEN: eyJhbGciOiJIUzI1NiIsInR5cCI6IkpXVCJ9.eyJleHAiOjE3OTAxODEwOTIsInN1YiI6InVzZXJfM0hyd216MDhCT09yRTVYQnJhU01xZlNRWHhwIn0.AGg2jPigJXs6Bw0yVqRC9Nt1NCb77vKYWiNJ7z4x3RM
DECODED PAYLOAD: {'exp': 1790181092, 'sub': 'user_3Hrwmz08BOOrE5XBraSMqfSQXxp'}
RECEIVED TOKEN: eyJhbGciOiJIUzI1NiIsInR5cCI6IkpXVCJ9.eyJleHAiOjE3OTAxODEwOTIsInN1YiI6InVzZXJfM0hyd216MDhCT09yRTVYQnJhU01xZlNRWHhwIn0.AGg2jPigJXs6Bw0yVqRC9Nt1NCb77vKYWiNJ7z4x3RM
DECODED PAYLOAD: {'exp': 1790181092, 'sub': 'user_3Hrwmz08BOOrE5XBraSMqfSQXxp'}
RECEIVED TOKEN: eyJhbGciOiJIUzI1NiIsInR5cCI6IkpXVCJ9.eyJleHAiOjE3OTAxODEwOTIsInN1YiI6InVzZXJfM0hyd216MDhCT09yRTVYQnJhU01xZlNRWHhwIn0.AGg2jPigJXs6Bw0yVqRC9Nt1NCb77vKYWiNJ7z4x3RM
DECODED PAYLOAD: {'exp': 1790181092, 'sub': 'user_3Hrwmz08BOOrE5XBraSMqfSQXxp'}
GET_CURRENT_USER: user_3Hrwmz08BOOrE5XBraSMqfSQXxp -> <app.models.core.User object at 0x0000018A3F7045A0>
RECEIVED TOKEN: eyJhbGciOiJIUzI1NiIsInR5cCI6IkpXVCJ9.eyJleHAiOjE3OTAxODEwOTIsInN1YiI6InVzZXJfM0hyd216MDhCT09yRTVYQnJhU01xZlNRWHhwIn0.AGg2jPigJXs6Bw0yVqRC9Nt1NCb77vKYWiNJ7z4x3RM
DECODED PAYLOAD: {'exp': 1790181092, 'sub': 'user_3Hrwmz08BOOrE5XBraSMqfSQXxp'}
RECEIVED TOKEN: eyJhbGciOiJIUzI1NiIsInR5cCI6IkpXVCJ9.eyJleHAiOjE3OTAxODEwOTIsInN1YiI6InVzZXJfM0hyd216MDhCT09yRTVYQnJhU01xZlNRWHhwIn0.AGg2jPigJXs6Bw0yVqRC9Nt1NCb77vKYWiNJ7z4x3RM
DECODED PAYLOAD: {'exp': 1790181092, 'sub': 'user_3Hrwmz08BOOrE5XBraSMqfSQXxp'}
GET_CURRENT_USER: user_3Hrwmz08BOOrE5XBraSMqfSQXxp -> <app.models.core.User object at 0x0000018A3F1BA6C0>
RECEIVED TOKEN: eyJhbGciOiJIUzI1NiIsInR5cCI6IkpXVCJ9.eyJleHAiOjE3OTAxODEwOTIsInN1YiI6InVzZXJfM0hyd216MDhCT09yRTVYQnJhU01xZlNRWHhwIn0.AGg2jPigJXs6Bw0yVqRC9Nt1NCb77vKYWiNJ7z4x3RM
DECODED PAYLOAD: {'exp': 1790181092, 'sub': 'user_3Hrwmz08BOOrE5XBraSMqfSQXxp'}
GET_CURRENT_USER: user_3Hrwmz08BOOrE5XBraSMqfSQXxp -> <app.models.core.User object at 0x0000018A3F76EC60>
RECEIVED TOKEN: eyJhbGciOiJIUzI1NiIsInR5cCI6IkpXVCJ9.eyJleHAiOjE3OTAxODEwOTIsInN1YiI6InVzZXJfM0hyd216MDhCT09yRTVYQnJhU01xZlNRWHhwIn0.AGg2jPigJXs6Bw0yVqRC9Nt1NCb77vKYWiNJ7z4x3RM
DECODED PAYLOAD: {'exp': 1790181092, 'sub': 'user_3Hrwmz08BOOrE5XBraSMqfSQXxp'}
GET_CURRENT_USER: user_3Hrwmz08BOOrE5XBraSMqfSQXxp -> <app.models.core.User object at 0x0000018A3F745F30>
RECEIVED TOKEN: eyJhbGciOiJIUzI1NiIsInR5cCI6IkpXVCJ9.eyJleHAiOjE3OTAxODEwOTIsInN1YiI6InVzZXJfM0hyd216MDhCT09yRTVYQnJhU01xZlNRWHhwIn0.AGg2jPigJXs6Bw0yVqRC9Nt1NCb77vKYWiNJ7z4x3RM
DECODED PAYLOAD: {'exp': 1790181092, 'sub': 'user_3Hrwmz08BOOrE5XBraSMqfSQXxp'}
GET_CURRENT_USER: user_3Hrwmz08BOOrE5XBraSMqfSQXxp -> <app.models.core.User object at 0x0000018A3F745160>
RECEIVED TOKEN: eyJhbGciOiJIUzI1NiIsInR5cCI6IkpXVCJ9.eyJleHAiOjE3OTAxODEwOTIsInN1YiI6InVzZXJfM0hyd216MDhCT09yRTVYQnJhU01xZlNRWHhwIn0.AGg2jPigJXs6Bw0yVqRC9Nt1NCb77vKYWiNJ7z4x3RM
DECODED PAYLOAD: {'exp': 1790181092, 'sub': 'user_3Hrwmz08BOOrE5XBraSMqfSQXxp'}
RECEIVED TOKEN: eyJhbGciOiJIUzI1NiIsInR5cCI6IkpXVCJ9.eyJleHAiOjE3OTAxODEwOTIsInN1YiI6InVzZXJfM0hyd216MDhCT09yRTVYQnJhU01xZlNRWHhwIn0.AGg2jPigJXs6Bw0yVqRC9Nt1NCb77vKYWiNJ7z4x3RM
DECODED PAYLOAD: {'exp': 1790181092, 'sub': 'user_3Hrwmz08BOOrE5XBraSMqfSQXxp'}
GET_CURRENT_USER: user_3Hrwmz08BOOrE5XBraSMqfSQXxp -> <app.models.core.User object at 0x0000018A3F747790>
RECEIVED TOKEN: eyJhbGciOiJIUzI1NiIsInR5cCI6IkpXVCJ9.eyJleHAiOjE3OTAxODEwOTIsInN1YiI6InVzZXJfM0hyd216MDhCT09yRTVYQnJhU01xZlNRWHhwIn0.AGg2jPigJXs6Bw0yVqRC9Nt1NCb77vKYWiNJ7z4x3RM
DECODED PAYLOAD: {'exp': 1790181092, 'sub': 'user_3Hrwmz08BOOrE5XBraSMqfSQXxp'}
GET_CURRENT_USER: user_3Hrwmz08BOOrE5XBraSMqfSQXxp -> <app.models.core.User object at 0x0000018A3F745710>
RECEIVED TOKEN: eyJhbGciOiJIUzI1NiIsInR5cCI6IkpXVCJ9.eyJleHAiOjE3OTAxODEwOTIsInN1YiI6InVzZXJfM0hyd216MDhCT09yRTVYQnJhU01xZlNRWHhwIn0.AGg2jPigJXs6Bw0yVqRC9Nt1NCb77vKYWiNJ7z4x3RM
DECODED PAYLOAD: {'exp': 1790181092, 'sub': 'user_3Hrwmz08BOOrE5XBraSMqfSQXxp'}
GET_CURRENT_USER: user_3Hrwmz08BOOrE5XBraSMqfSQXxp -> <app.models.core.User object at 0x0000018A409097E0>
RECEIVED TOKEN: eyJhbGciOiJIUzI1NiIsInR5cCI6IkpXVCJ9.eyJleHAiOjE3OTAxODEwOTIsInN1YiI6InVzZXJfM0hyd216MDhCT09yRTVYQnJhU01xZlNRWHhwIn0.AGg2jPigJXs6Bw0yVqRC9Nt1NCb77vKYWiNJ7z4x3RM
DECODED PAYLOAD: {'exp': 1790181092, 'sub': 'user_3Hrwmz08BOOrE5XBraSMqfSQXxp'}
GET_CURRENT_USER: user_3Hrwmz08BOOrE5XBraSMqfSQXxp -> <app.models.core.User object at 0x0000018A3F744050>
RECEIVED TOKEN: eyJhbGciOiJIUzI1NiIsInR5cCI6IkpXVCJ9.eyJleHAiOjE3OTAxODEwOTIsInN1YiI6InVzZXJfM0hyd216MDhCT09yRTVYQnJhU01xZlNRWHhwIn0.AGg2jPigJXs6Bw0yVqRC9Nt1NCb77vKYWiNJ7z4x3RM
JWT ERROR: Signature has expired.
RECEIVED TOKEN: eyJhbGciOiJIUzI1NiIsInR5cCI6IkpXVCJ9.eyJleHAiOjE3OTAxODEwOTIsInN1YiI6InVzZXJfM0hyd216MDhCT09yRTVYQnJhU01xZlNRWHhwIn0.AGg2jPigJXs6Bw0yVqRC9Nt1NCb77vKYWiNJ7z4x3RM
JWT ERROR: Signature has expired.
RECEIVED TOKEN: eyJhbGciOiJIUzI1NiIsInR5cCI6IkpXVCJ9.eyJleHAiOjE3OTAxODEwOTIsInN1YiI6InVzZXJfM0hyd216MDhCT09yRTVYQnJhU01xZlNRWHhwIn0.AGg2jPigJXs6Bw0yVqRC9Nt1NCb77vKYWiNJ7z4x3RM
JWT ERROR: Signature has expired.
RECEIVED TOKEN: eyJhbGciOiJIUzI1NiIsInR5cCI6IkpXVCJ9.eyJleHAiOjE3OTAxODEwOTIsInN1YiI6InVzZXJfM0hyd216MDhCT09yRTVYQnJhU01xZlNRWHhwIn0.AGg2jPigJXs6Bw0yVqRC9Nt1NCb77vKYWiNJ7z4x3RM
JWT ERROR: Signature has expired.
RECEIVED TOKEN: eyJhbGciOiJIUzI1NiIsInR5cCI6IkpXVCJ9.eyJleHAiOjE3OTAxODEwOTIsInN1YiI6InVzZXJfM0hyd216MDhCT09yRTVYQnJhU01xZlNRWHhwIn0.AGg2jPigJXs6Bw0yVqRC9Nt1NCb77vKYWiNJ7z4x3RM
JWT ERROR: Signature has expired.
RECEIVED TOKEN: eyJhbGciOiJIUzI1NiIsInR5cCI6IkpXVCJ9.eyJleHAiOjE3OTAxODEwOTIsInN1YiI6InVzZXJfM0hyd216MDhCT09yRTVYQnJhU01xZlNRWHhwIn0.AGg2jPigJXs6Bw0yVqRC9Nt1NCb77vKYWiNJ7z4x3RM
JWT ERROR: Signature has expired.
RECEIVED TOKEN: eyJhbGciOiJIUzI1NiIsInR5cCI6IkpXVCJ9.eyJleHAiOjE3OTAxODEwOTIsInN1YiI6InVzZXJfM0hyd216MDhCT09yRTVYQnJhU01xZlNRWHhwIn0.AGg2jPigJXs6Bw0yVqRC9Nt1NCb77vKYWiNJ7z4x3RM
JWT ERROR: Signature has expired.
RECEIVED TOKEN: eyJhbGciOiJIUzI1NiIsInR5cCI6IkpXVCJ9.eyJleHAiOjE3OTAxODEwOTIsInN1YiI6InVzZXJfM0hyd216MDhCT09yRTVYQnJhU01xZlNRWHhwIn0.AGg2jPigJXs6Bw0yVqRC9Nt1NCb77vKYWiNJ7z4x3RM
JWT ERROR: Signature has expired.
RECEIVED TOKEN: eyJhbGciOiJIUzI1NiIsInR5cCI6IkpXVCJ9.eyJleHAiOjE3OTAxODEwOTIsInN1YiI6InVzZXJfM0hyd216MDhCT09yRTVYQnJhU01xZlNRWHhwIn0.AGg2jPigJXs6Bw0yVqRC9Nt1NCb77vKYWiNJ7z4x3RM
JWT ERROR: Signature has expired.
RECEIVED TOKEN: eyJhbGciOiJIUzI1NiIsInR5cCI6IkpXVCJ9.eyJleHAiOjE3OTAxODEwOTIsInN1YiI6InVzZXJfM0hyd216MDhCT09yRTVYQnJhU01xZlNRWHhwIn0.AGg2jPigJXs6Bw0yVqRC9Nt1NCb77vKYWiNJ7z4x3RM
JWT ERROR: Signature has expired.
RECEIVED TOKEN: eyJhbGciOiJIUzI1NiIsInR5cCI6IkpXVCJ9.eyJleHAiOjE3OTAxODEwOTIsInN1YiI6InVzZXJfM0hyd216MDhCT09yRTVYQnJhU01xZlNRWHhwIn0.AGg2jPigJXs6Bw0yVqRC9Nt1NCb77vKYWiNJ7z4x3RM
JWT ERROR: Signature has expired.
RECEIVED TOKEN: eyJhbGciOiJIUzI1NiIsInR5cCI6IkpXVCJ9.eyJleHAiOjE3OTAxODEwOTIsInN1YiI6InVzZXJfM0hyd216MDhCT09yRTVYQnJhU01xZlNRWHhwIn0.AGg2jPigJXs6Bw0yVqRC9Nt1NCb77vKYWiNJ7z4x3RM
JWT ERROR: Signature has expired.
RECEIVED TOKEN: eyJhbGciOiJIUzI1NiIsInR5cCI6IkpXVCJ9.eyJleHAiOjE3OTAxODEwOTIsInN1YiI6InVzZXJfM0hyd216MDhCT09yRTVYQnJhU01xZlNRWHhwIn0.AGg2jPigJXs6Bw0yVqRC9Nt1NCb77vKYWiNJ7z4x3RM
JWT ERROR: Signature has expired.
RECEIVED TOKEN: eyJhbGciOiJIUzI1NiIsInR5cCI6IkpXVCJ9.eyJleHAiOjE3OTAxODEwOTIsInN1YiI6InVzZXJfM0hyd216MDhCT09yRTVYQnJhU01xZlNRWHhwIn0.AGg2jPigJXs6Bw0yVqRC9Nt1NCb77vKYWiNJ7z4x3RM
JWT ERROR: Signature has expired.
RECEIVED TOKEN: eyJhbGciOiJIUzI1NiIsInR5cCI6IkpXVCJ9.eyJleHAiOjE3OTAxODEwOTIsInN1YiI6InVzZXJfM0hyd216MDhCT09yRTVYQnJhU01xZlNRWHhwIn0.AGg2jPigJXs6Bw0yVqRC9Nt1NCb77vKYWiNJ7z4x3RM
JWT ERROR: Signature has expired.
RECEIVED TOKEN: eyJhbGciOiJIUzI1NiIsInR5cCI6IkpXVCJ9.eyJleHAiOjE3OTAxODEwOTIsInN1YiI6InVzZXJfM0hyd216MDhCT09yRTVYQnJhU01xZlNRWHhwIn0.AGg2jPigJXs6Bw0yVqRC9Nt1NCb77vKYWiNJ7z4x3RM
JWT ERROR: Signature has expired.
RECEIVED TOKEN: eyJhbGciOiJIUzI1NiIsInR5cCI6IkpXVCJ9.eyJleHAiOjE3OTAxODEwOTIsInN1YiI6InVzZXJfM0hyd216MDhCT09yRTVYQnJhU01xZlNRWHhwIn0.AGg2jPigJXs6Bw0yVqRC9Nt1NCb77vKYWiNJ7z4x3RM
JWT ERROR: Signature has expired.
RECEIVED TOKEN: eyJhbGciOiJIUzI1NiIsInR5cCI6IkpXVCJ9.eyJleHAiOjE3OTAxODEwOTIsInN1YiI6InVzZXJfM0hyd216MDhCT09yRTVYQnJhU01xZlNRWHhwIn0.AGg2jPigJXs6Bw0yVqRC9Nt1NCb77vKYWiNJ7z4x3RM
JWT ERROR: Signature has expired.
RECEIVED TOKEN: eyJhbGciOiJIUzI1NiIsInR5cCI6IkpXVCJ9.eyJleHAiOjE3OTAxODEwOTIsInN1YiI6InVzZXJfM0hyd216MDhCT09yRTVYQnJhU01xZlNRWHhwIn0.AGg2jPigJXs6Bw0yVqRC9Nt1NCb77vKYWiNJ7z4x3RM
JWT ERROR: Signature has expired.
RECEIVED TOKEN: eyJhbGciOiJIUzI1NiIsInR5cCI6IkpXVCJ9.eyJleHAiOjE3OTAxODEwOTIsInN1YiI6InVzZXJfM0hyd216MDhCT09yRTVYQnJhU01xZlNRWHhwIn0.AGg2jPigJXs6Bw0yVqRC9Nt1NCb77vKYWiNJ7z4x3RM
JWT ERROR: Signature has expired.
RECEIVED TOKEN: eyJhbGciOiJIUzI1NiIsInR5cCI6IkpXVCJ9.eyJleHAiOjE3OTAxODEwOTIsInN1YiI6InVzZXJfM0hyd216MDhCT09yRTVYQnJhU01xZlNRWHhwIn0.AGg2jPigJXs6Bw0yVqRC9Nt1NCb77vKYWiNJ7z4x3RM
JWT ERROR: Signature has expired.
RECEIVED TOKEN: eyJhbGciOiJIUzI1NiIsInR5cCI6IkpXVCJ9.eyJleHAiOjE3OTAxODEwOTIsInN1YiI6InVzZXJfM0hyd216MDhCT09yRTVYQnJhU01xZlNRWHhwIn0.AGg2jPigJXs6Bw0yVqRC9Nt1NCb77vKYWiNJ7z4x3RM
JWT ERROR: Signature has expired.
RECEIVED TOKEN: eyJhbGciOiJIUzI1NiIsInR5cCI6IkpXVCJ9.eyJleHAiOjE3OTAxODEwOTIsInN1YiI6InVzZXJfM0hyd216MDhCT09yRTVYQnJhU01xZlNRWHhwIn0.AGg2jPigJXs6Bw0yVqRC9Nt1NCb77vKYWiNJ7z4x3RM
JWT ERROR: Signature has expired.
RECEIVED TOKEN: eyJhbGciOiJIUzI1NiIsInR5cCI6IkpXVCJ9.eyJleHAiOjE3OTAxODEwOTIsInN1YiI6InVzZXJfM0hyd216MDhCT09yRTVYQnJhU01xZlNRWHhwIn0.AGg2jPigJXs6Bw0yVqRC9Nt1NCb77vKYWiNJ7z4x3RM
JWT ERROR: Signature has expired.
RECEIVED TOKEN: eyJhbGciOiJIUzI1NiIsInR5cCI6IkpXVCJ9.eyJleHAiOjE3OTAxODEwOTIsInN1YiI6InVzZXJfM0hyd216MDhCT09yRTVYQnJhU01xZlNRWHhwIn0.AGg2jPigJXs6Bw0yVqRC9Nt1NCb77vKYWiNJ7z4x3RM
JWT ERROR: Signature has expired.
RECEIVED TOKEN: eyJhbGciOiJIUzI1NiIsInR5cCI6IkpXVCJ9.eyJleHAiOjE3OTAxODEwOTIsInN1YiI6InVzZXJfM0hyd216MDhCT09yRTVYQnJhU01xZlNRWHhwIn0.AGg2jPigJXs6Bw0yVqRC9Nt1NCb77vKYWiNJ7z4x3RM
JWT ERROR: Signature has expired.
RECEIVED TOKEN: eyJhbGciOiJIUzI1NiIsInR5cCI6IkpXVCJ9.eyJleHAiOjE3OTAxODEwOTIsInN1YiI6InVzZXJfM0hyd216MDhCT09yRTVYQnJhU01xZlNRWHhwIn0.AGg2jPigJXs6Bw0yVqRC9Nt1NCb77vKYWiNJ7z4x3RM
JWT ERROR: Signature has expired.
RECEIVED TOKEN: eyJhbGciOiJIUzI1NiIsInR5cCI6IkpXVCJ9.eyJleHAiOjE3OTAxODEwOTIsInN1YiI6InVzZXJfM0hyd216MDhCT09yRTVYQnJhU01xZlNRWHhwIn0.AGg2jPigJXs6Bw0yVqRC9Nt1NCb77vKYWiNJ7z4x3RM
JWT ERROR: Signature has expired.
RECEIVED TOKEN: eyJhbGciOiJIUzI1NiIsInR5cCI6IkpXVCJ9.eyJleHAiOjE3OTAxODEwOTIsInN1YiI6InVzZXJfM0hyd216MDhCT09yRTVYQnJhU01xZlNRWHhwIn0.AGg2jPigJXs6Bw0yVqRC9Nt1NCb77vKYWiNJ7z4x3RM
JWT ERROR: Signature has expired.
RECEIVED TOKEN: eyJhbGciOiJIUzI1NiIsInR5cCI6IkpXVCJ9.eyJleHAiOjE3OTAxODEwOTIsInN1YiI6InVzZXJfM0hyd216MDhCT09yRTVYQnJhU01xZlNRWHhwIn0.AGg2jPigJXs6Bw0yVqRC9Nt1NCb77vKYWiNJ7z4x3RM
JWT ERROR: Signature has expired.
RECEIVED TOKEN: eyJhbGciOiJIUzI1NiIsInR5cCI6IkpXVCJ9.eyJleHAiOjE3OTAxODEwOTIsInN1YiI6InVzZXJfM0hyd216MDhCT09yRTVYQnJhU01xZlNRWHhwIn0.AGg2jPigJXs6Bw0yVqRC9Nt1NCb77vKYWiNJ7z4x3RM
JWT ERROR: Signature has expired.
RECEIVED TOKEN: eyJhbGciOiJIUzI1NiIsInR5cCI6IkpXVCJ9.eyJleHAiOjE3OTAxODEwOTIsInN1YiI6InVzZXJfM0hyd216MDhCT09yRTVYQnJhU01xZlNRWHhwIn0.AGg2jPigJXs6Bw0yVqRC9Nt1NCb77vKYWiNJ7z4x3RM
JWT ERROR: Signature has expired.
RECEIVED TOKEN: eyJhbGciOiJIUzI1NiIsInR5cCI6IkpXVCJ9.eyJleHAiOjE3OTAxODEwOTIsInN1YiI6InVzZXJfM0hyd216MDhCT09yRTVYQnJhU01xZlNRWHhwIn0.AGg2jPigJXs6Bw0yVqRC9Nt1NCb77vKYWiNJ7z4x3RM
JWT ERROR: Signature has expired.
RECEIVED TOKEN: eyJhbGciOiJIUzI1NiIsInR5cCI6IkpXVCJ9.eyJleHAiOjE3OTAxODEwOTIsInN1YiI6InVzZXJfM0hyd216MDhCT09yRTVYQnJhU01xZlNRWHhwIn0.AGg2jPigJXs6Bw0yVqRC9Nt1NCb77vKYWiNJ7z4x3RM
JWT ERROR: Signature has expired.
RECEIVED TOKEN: eyJhbGciOiJIUzI1NiIsInR5cCI6IkpXVCJ9.eyJleHAiOjE3OTAxODEwOTIsInN1YiI6InVzZXJfM0hyd216MDhCT09yRTVYQnJhU01xZlNRWHhwIn0.AGg2jPigJXs6Bw0yVqRC9Nt1NCb77vKYWiNJ7z4x3RM
JWT ERROR: Signature has expired.
RECEIVED TOKEN: eyJhbGciOiJIUzI1NiIsInR5cCI6IkpXVCJ9.eyJleHAiOjE3OTAxODEwOTIsInN1YiI6InVzZXJfM0hyd216MDhCT09yRTVYQnJhU01xZlNRWHhwIn0.AGg2jPigJXs6Bw0yVqRC9Nt1NCb77vKYWiNJ7z4x3RM
JWT ERROR: Signature has expired.
RECEIVED TOKEN: eyJhbGciOiJIUzI1NiIsInR5cCI6IkpXVCJ9.eyJleHAiOjE3OTAxODEwOTIsInN1YiI6InVzZXJfM0hyd216MDhCT09yRTVYQnJhU01xZlNRWHhwIn0.AGg2jPigJXs6Bw0yVqRC9Nt1NCb77vKYWiNJ7z4x3RM
JWT ERROR: Signature has expired.
RECEIVED TOKEN: eyJhbGciOiJIUzI1NiIsInR5cCI6IkpXVCJ9.eyJleHAiOjE3OTAxODEwOTIsInN1YiI6InVzZXJfM0hyd216MDhCT09yRTVYQnJhU01xZlNRWHhwIn0.AGg2jPigJXs6Bw0yVqRC9Nt1NCb77vKYWiNJ7z4x3RM
JWT ERROR: Signature has expired.
RECEIVED TOKEN: eyJhbGciOiJIUzI1NiIsInR5cCI6IkpXVCJ9.eyJleHAiOjE3OTAxODEwOTIsInN1YiI6InVzZXJfM0hyd216MDhCT09yRTVYQnJhU01xZlNRWHhwIn0.AGg2jPigJXs6Bw0yVqRC9Nt1NCb77vKYWiNJ7z4x3RM
JWT ERROR: Signature has expired.
RECEIVED TOKEN: eyJhbGciOiJIUzI1NiIsInR5cCI6IkpXVCJ9.eyJleHAiOjE3OTAxODEwOTIsInN1YiI6InVzZXJfM0hyd216MDhCT09yRTVYQnJhU01xZlNRWHhwIn0.AGg2jPigJXs6Bw0yVqRC9Nt1NCb77vKYWiNJ7z4x3RM
JWT ERROR: Signature has expired.
RECEIVED TOKEN: eyJhbGciOiJIUzI1NiIsInR5cCI6IkpXVCJ9.eyJleHAiOjE3OTAxODEwOTIsInN1YiI6InVzZXJfM0hyd216MDhCT09yRTVYQnJhU01xZlNRWHhwIn0.AGg2jPigJXs6Bw0yVqRC9Nt1NCb77vKYWiNJ7z4x3RM
JWT ERROR: Signature has expired.
RECEIVED TOKEN: eyJhbGciOiJIUzI1NiIsInR5cCI6IkpXVCJ9.eyJleHAiOjE3OTAxODEwOTIsInN1YiI6InVzZXJfM0hyd216MDhCT09yRTVYQnJhU01xZlNRWHhwIn0.AGg2jPigJXs6Bw0yVqRC9Nt1NCb77vKYWiNJ7z4x3RM
JWT ERROR: Signature has expired.
RECEIVED TOKEN: eyJhbGciOiJIUzI1NiIsInR5cCI6IkpXVCJ9.eyJleHAiOjE3OTAxODEwOTIsInN1YiI6InVzZXJfM0hyd216MDhCT09yRTVYQnJhU01xZlNRWHhwIn0.AGg2jPigJXs6Bw0yVqRC9Nt1NCb77vKYWiNJ7z4x3RM
JWT ERROR: Signature has expired.
RECEIVED TOKEN: eyJhbGciOiJIUzI1NiIsInR5cCI6IkpXVCJ9.eyJleHAiOjE3OTAxODEwOTIsInN1YiI6InVzZXJfM0hyd216MDhCT09yRTVYQnJhU01xZlNRWHhwIn0.AGg2jPigJXs6Bw0yVqRC9Nt1NCb77vKYWiNJ7z4x3RM
JWT ERROR: Signature has expired.
RECEIVED TOKEN: eyJhbGciOiJIUzI1NiIsInR5cCI6IkpXVCJ9.eyJleHAiOjE3OTAxODEwOTIsInN1YiI6InVzZXJfM0hyd216MDhCT09yRTVYQnJhU01xZlNRWHhwIn0.AGg2jPigJXs6Bw0yVqRC9Nt1NCb77vKYWiNJ7z4x3RM
JWT ERROR: Signature has expired.
RECEIVED TOKEN: eyJhbGciOiJIUzI1NiIsInR5cCI6IkpXVCJ9.eyJleHAiOjE3OTAxODEwOTIsInN1YiI6InVzZXJfM0hyd216MDhCT09yRTVYQnJhU01xZlNRWHhwIn0.AGg2jPigJXs6Bw0yVqRC9Nt1NCb77vKYWiNJ7z4x3RM
JWT ERROR: Signature has expired.
RECEIVED TOKEN: eyJhbGciOiJIUzI1NiIsInR5cCI6IkpXVCJ9.eyJleHAiOjE3OTAxODEwOTIsInN1YiI6InVzZXJfM0hyd216MDhCT09yRTVYQnJhU01xZlNRWHhwIn0.AGg2jPigJXs6Bw0yVqRC9Nt1NCb77vKYWiNJ7z4x3RM
JWT ERROR: Signature has expired.
RECEIVED TOKEN: eyJhbGciOiJIUzI1NiIsInR5cCI6IkpXVCJ9.eyJleHAiOjE3OTAxODEwOTIsInN1YiI6InVzZXJfM0hyd216MDhCT09yRTVYQnJhU01xZlNRWHhwIn0.AGg2jPigJXs6Bw0yVqRC9Nt1NCb77vKYWiNJ7z4x3RM
JWT ERROR: Signature has expired.
RECEIVED TOKEN: eyJhbGciOiJIUzI1NiIsInR5cCI6IkpXVCJ9.eyJleHAiOjE3OTAxODEwOTIsInN1YiI6InVzZXJfM0hyd216MDhCT09yRTVYQnJhU01xZlNRWHhwIn0.AGg2jPigJXs6Bw0yVqRC9Nt1NCb77vKYWiNJ7z4x3RM
JWT ERROR: Signature has expired.
RECEIVED TOKEN: eyJhbGciOiJIUzI1NiIsInR5cCI6IkpXVCJ9.eyJleHAiOjE3OTAxODEwOTIsInN1YiI6InVzZXJfM0hyd216MDhCT09yRTVYQnJhU01xZlNRWHhwIn0.AGg2jPigJXs6Bw0yVqRC9Nt1NCb77vKYWiNJ7z4x3RM
JWT ERROR: Signature has expired.
RECEIVED TOKEN: eyJhbGciOiJIUzI1NiIsInR5cCI6IkpXVCJ9.eyJleHAiOjE3OTAxODEwOTIsInN1YiI6InVzZXJfM0hyd216MDhCT09yRTVYQnJhU01xZlNRWHhwIn0.AGg2jPigJXs6Bw0yVqRC9Nt1NCb77vKYWiNJ7z4x3RM
JWT ERROR: Signature has expired.
RECEIVED TOKEN: eyJhbGciOiJIUzI1NiIsInR5cCI6IkpXVCJ9.eyJleHAiOjE3OTAxODEwOTIsInN1YiI6InVzZXJfM0hyd216MDhCT09yRTVYQnJhU01xZlNRWHhwIn0.AGg2jPigJXs6Bw0yVqRC9Nt1NCb77vKYWiNJ7z4x3RM
JWT ERROR: Signature has expired.
RECEIVED TOKEN: eyJhbGciOiJIUzI1NiIsInR5cCI6IkpXVCJ9.eyJleHAiOjE3OTAxODEwOTIsInN1YiI6InVzZXJfM0hyd216MDhCT09yRTVYQnJhU01xZlNRWHhwIn0.AGg2jPigJXs6Bw0yVqRC9Nt1NCb77vKYWiNJ7z4x3RM
JWT ERROR: Signature has expired.
RECEIVED TOKEN: eyJhbGciOiJIUzI1NiIsInR5cCI6IkpXVCJ9.eyJleHAiOjE3OTAxODEwOTIsInN1YiI6InVzZXJfM0hyd216MDhCT09yRTVYQnJhU01xZlNRWHhwIn0.AGg2jPigJXs6Bw0yVqRC9Nt1NCb77vKYWiNJ7z4x3RM
JWT ERROR: Signature has expired.
RECEIVED TOKEN: eyJhbGciOiJIUzI1NiIsInR5cCI6IkpXVCJ9.eyJleHAiOjE3OTAxODEwOTIsInN1YiI6InVzZXJfM0hyd216MDhCT09yRTVYQnJhU01xZlNRWHhwIn0.AGg2jPigJXs6Bw0yVqRC9Nt1NCb77vKYWiNJ7z4x3RM
JWT ERROR: Signature has expired.
RECEIVED TOKEN: eyJhbGciOiJIUzI1NiIsInR5cCI6IkpXVCJ9.eyJleHAiOjE3OTAxODEwOTIsInN1YiI6InVzZXJfM0hyd216MDhCT09yRTVYQnJhU01xZlNRWHhwIn0.AGg2jPigJXs6Bw0yVqRC9Nt1NCb77vKYWiNJ7z4x3RM
JWT ERROR: Signature has expired.
RECEIVED TOKEN: eyJhbGciOiJIUzI1NiIsInR5cCI6IkpXVCJ9.eyJleHAiOjE3OTAxODEwOTIsInN1YiI6InVzZXJfM0hyd216MDhCT09yRTVYQnJhU01xZlNRWHhwIn0.AGg2jPigJXs6Bw0yVqRC9Nt1NCb77vKYWiNJ7z4x3RM
JWT ERROR: Signature has expired.
RECEIVED TOKEN: eyJhbGciOiJIUzI1NiIsInR5cCI6IkpXVCJ9.eyJleHAiOjE3OTAxODEwOTIsInN1YiI6InVzZXJfM0hyd216MDhCT09yRTVYQnJhU01xZlNRWHhwIn0.AGg2jPigJXs6Bw0yVqRC9Nt1NCb77vKYWiNJ7z4x3RM
JWT ERROR: Signature has expired.
RECEIVED TOKEN: eyJhbGciOiJIUzI1NiIsInR5cCI6IkpXVCJ9.eyJleHAiOjE3OTAxODEwOTIsInN1YiI6InVzZXJfM0hyd216MDhCT09yRTVYQnJhU01xZlNRWHhwIn0.AGg2jPigJXs6Bw0yVqRC9Nt1NCb77vKYWiNJ7z4x3RM
JWT ERROR: Signature has expired.
RECEIVED TOKEN: eyJhbGciOiJIUzI1NiIsInR5cCI6IkpXVCJ9.eyJleHAiOjE3OTAxODEwOTIsInN1YiI6InVzZXJfM0hyd216MDhCT09yRTVYQnJhU01xZlNRWHhwIn0.AGg2jPigJXs6Bw0yVqRC9Nt1NCb77vKYWiNJ7z4x3RM
JWT ERROR: Signature has expired.
RECEIVED TOKEN: eyJhbGciOiJIUzI1NiIsInR5cCI6IkpXVCJ9.eyJleHAiOjE3OTAxODEwOTIsInN1YiI6InVzZXJfM0hyd216MDhCT09yRTVYQnJhU01xZlNRWHhwIn0.AGg2jPigJXs6Bw0yVqRC9Nt1NCb77vKYWiNJ7z4x3RM
JWT ERROR: Signature has expired.
RECEIVED TOKEN: eyJhbGciOiJIUzI1NiIsInR5cCI6IkpXVCJ9.eyJleHAiOjE3OTAxODEwOTIsInN1YiI6InVzZXJfM0hyd216MDhCT09yRTVYQnJhU01xZlNRWHhwIn0.AGg2jPigJXs6Bw0yVqRC9Nt1NCb77vKYWiNJ7z4x3RM
JWT ERROR: Signature has expired.
RECEIVED TOKEN: eyJhbGciOiJIUzI1NiIsInR5cCI6IkpXVCJ9.eyJleHAiOjE3OTAxODEwOTIsInN1YiI6InVzZXJfM0hyd216MDhCT09yRTVYQnJhU01xZlNRWHhwIn0.AGg2jPigJXs6Bw0yVqRC9Nt1NCb77vKYWiNJ7z4x3RM
JWT ERROR: Signature has expired.
RECEIVED TOKEN: eyJhbGciOiJIUzI1NiIsInR5cCI6IkpXVCJ9.eyJleHAiOjE3OTAxODEwOTIsInN1YiI6InVzZXJfM0hyd216MDhCT09yRTVYQnJhU01xZlNRWHhwIn0.AGg2jPigJXs6Bw0yVqRC9Nt1NCb77vKYWiNJ7z4x3RM
JWT ERROR: Signature has expired.
RECEIVED TOKEN: eyJhbGciOiJIUzI1NiIsInR5cCI6IkpXVCJ9.eyJleHAiOjE3OTAxODEwOTIsInN1YiI6InVzZXJfM0hyd216MDhCT09yRTVYQnJhU01xZlNRWHhwIn0.AGg2jPigJXs6Bw0yVqRC9Nt1NCb77vKYWiNJ7z4x3RM
JWT ERROR: Signature has expired.
RECEIVED TOKEN: eyJhbGciOiJIUzI1NiIsInR5cCI6IkpXVCJ9.eyJleHAiOjE3OTAxODEwOTIsInN1YiI6InVzZXJfM0hyd216MDhCT09yRTVYQnJhU01xZlNRWHhwIn0.AGg2jPigJXs6Bw0yVqRC9Nt1NCb77vKYWiNJ7z4x3RM
JWT ERROR: Signature has expired.
RECEIVED TOKEN: eyJhbGciOiJIUzI1NiIsInR5cCI6IkpXVCJ9.eyJleHAiOjE3OTAxODEwOTIsInN1YiI6InVzZXJfM0hyd216MDhCT09yRTVYQnJhU01xZlNRWHhwIn0.AGg2jPigJXs6Bw0yVqRC9Nt1NCb77vKYWiNJ7z4x3RM
JWT ERROR: Signature has expired.
RECEIVED TOKEN: eyJhbGciOiJIUzI1NiIsInR5cCI6IkpXVCJ9.eyJleHAiOjE3OTAxODEwOTIsInN1YiI6InVzZXJfM0hyd216MDhCT09yRTVYQnJhU01xZlNRWHhwIn0.AGg2jPigJXs6Bw0yVqRC9Nt1NCb77vKYWiNJ7z4x3RM
JWT ERROR: Signature has expired.
RECEIVED TOKEN: eyJhbGciOiJIUzI1NiIsInR5cCI6IkpXVCJ9.eyJleHAiOjE3OTAxODEwOTIsInN1YiI6InVzZXJfM0hyd216MDhCT09yRTVYQnJhU01xZlNRWHhwIn0.AGg2jPigJXs6Bw0yVqRC9Nt1NCb77vKYWiNJ7z4x3RM
JWT ERROR: Signature has expired.
RECEIVED TOKEN: eyJhbGciOiJIUzI1NiIsInR5cCI6IkpXVCJ9.eyJleHAiOjE3OTAxODEwOTIsInN1YiI6InVzZXJfM0hyd216MDhCT09yRTVYQnJhU01xZlNRWHhwIn0.AGg2jPigJXs6Bw0yVqRC9Nt1NCb77vKYWiNJ7z4x3RM
JWT ERROR: Signature has expired.
RECEIVED TOKEN: eyJhbGciOiJIUzI1NiIsInR5cCI6IkpXVCJ9.eyJleHAiOjE3OTAxODEwOTIsInN1YiI6InVzZXJfM0hyd216MDhCT09yRTVYQnJhU01xZlNRWHhwIn0.AGg2jPigJXs6Bw0yVqRC9Nt1NCb77vKYWiNJ7z4x3RM
JWT ERROR: Signature has expired.
RECEIVED TOKEN: eyJhbGciOiJIUzI1NiIsInR5cCI6IkpXVCJ9.eyJleHAiOjE3OTAxODEwOTIsInN1YiI6InVzZXJfM0hyd216MDhCT09yRTVYQnJhU01xZlNRWHhwIn0.AGg2jPigJXs6Bw0yVqRC9Nt1NCb77vKYWiNJ7z4x3RM
JWT ERROR: Signature has expired.
RECEIVED TOKEN: eyJhbGciOiJIUzI1NiIsInR5cCI6IkpXVCJ9.eyJleHAiOjE3OTAxODEwOTIsInN1YiI6InVzZXJfM0hyd216MDhCT09yRTVYQnJhU01xZlNRWHhwIn0.AGg2jPigJXs6Bw0yVqRC9Nt1NCb77vKYWiNJ7z4x3RM
JWT ERROR: Signature has expired.
RECEIVED TOKEN: eyJhbGciOiJIUzI1NiIsInR5cCI6IkpXVCJ9.eyJleHAiOjE3OTAxODEwOTIsInN1YiI6InVzZXJfM0hyd216MDhCT09yRTVYQnJhU01xZlNRWHhwIn0.AGg2jPigJXs6Bw0yVqRC9Nt1NCb77vKYWiNJ7z4x3RM
JWT ERROR: Signature has expired.
RECEIVED TOKEN: eyJhbGciOiJIUzI1NiIsInR5cCI6IkpXVCJ9.eyJleHAiOjE3OTA4NDczMjYsInN1YiI6InVzZXJfM0hyd216MDhCT09yRTVYQnJhU01xZlNRWHhwIn0.khiFzMCbjZLX9freprXaJib6n2axAqT9Y9hdXWTOQRU
DECODED PAYLOAD: {'exp': 1790847326, 'sub': 'user_3Hrwmz08BOOrE5XBraSMqfSQXxp'}
RECEIVED TOKEN: eyJhbGciOiJIUzI1NiIsInR5cCI6IkpXVCJ9.eyJleHAiOjE3OTA4NDczMjYsInN1YiI6InVzZXJfM0hyd216MDhCT09yRTVYQnJhU01xZlNRWHhwIn0.khiFzMCbjZLX9freprXaJib6n2axAqT9Y9hdXWTOQRU
DECODED PAYLOAD: {'exp': 1790847326, 'sub': 'user_3Hrwmz08BOOrE5XBraSMqfSQXxp'}
RECEIVED TOKEN: eyJhbGciOiJIUzI1NiIsInR5cCI6IkpXVCJ9.eyJleHAiOjE3OTA4NDczMjYsInN1YiI6InVzZXJfM0hyd216MDhCT09yRTVYQnJhU01xZlNRWHhwIn0.khiFzMCbjZLX9freprXaJib6n2axAqT9Y9hdXWTOQRU
DECODED PAYLOAD: {'exp': 1790847326, 'sub': 'user_3Hrwmz08BOOrE5XBraSMqfSQXxp'}
GET_CURRENT_USER: user_3Hrwmz08BOOrE5XBraSMqfSQXxp -> <app.models.core.User object at 0x0000024784FB6C30>
RECEIVED TOKEN: eyJhbGciOiJIUzI1NiIsInR5cCI6IkpXVCJ9.eyJleHAiOjE3OTA4NDczMjYsInN1YiI6InVzZXJfM0hyd216MDhCT09yRTVYQnJhU01xZlNRWHhwIn0.khiFzMCbjZLX9freprXaJib6n2axAqT9Y9hdXWTOQRU
DECODED PAYLOAD: {'exp': 1790847326, 'sub': 'user_3Hrwmz08BOOrE5XBraSMqfSQXxp'}
GET_CURRENT_USER: user_3Hrwmz08BOOrE5XBraSMqfSQXxp -> <app.models.core.User object at 0x0000024784FB6C30>
RECEIVED TOKEN: eyJhbGciOiJIUzI1NiIsInR5cCI6IkpXVCJ9.eyJleHAiOjE3OTA4NDczMjYsInN1YiI6InVzZXJfM0hyd216MDhCT09yRTVYQnJhU01xZlNRWHhwIn0.khiFzMCbjZLX9freprXaJib6n2axAqT9Y9hdXWTOQRU
DECODED PAYLOAD: {'exp': 1790847326, 'sub': 'user_3Hrwmz08BOOrE5XBraSMqfSQXxp'}
GET_CURRENT_USER: user_3Hrwmz08BOOrE5XBraSMqfSQXxp -> <app.models.core.User object at 0x0000024784FB72B0>
RECEIVED TOKEN: eyJhbGciOiJIUzI1NiIsInR5cCI6IkpXVCJ9.eyJleHAiOjE3OTA4NDczMjYsInN1YiI6InVzZXJfM0hyd216MDhCT09yRTVYQnJhU01xZlNRWHhwIn0.khiFzMCbjZLX9freprXaJib6n2axAqT9Y9hdXWTOQRU
DECODED PAYLOAD: {'exp': 1790847326, 'sub': 'user_3Hrwmz08BOOrE5XBraSMqfSQXxp'}
GET_CURRENT_USER: user_3Hrwmz08BOOrE5XBraSMqfSQXxp -> <app.models.core.User object at 0x0000024784D682C0>
RECEIVED TOKEN: eyJhbGciOiJIUzI1NiIsInR5cCI6IkpXVCJ9.eyJleHAiOjE3OTA4NDczMjYsInN1YiI6InVzZXJfM0hyd216MDhCT09yRTVYQnJhU01xZlNRWHhwIn0.khiFzMCbjZLX9freprXaJib6n2axAqT9Y9hdXWTOQRU
DECODED PAYLOAD: {'exp': 1790847326, 'sub': 'user_3Hrwmz08BOOrE5XBraSMqfSQXxp'}
GET_CURRENT_USER: user_3Hrwmz08BOOrE5XBraSMqfSQXxp -> <app.models.core.User object at 0x0000024784D68E20>
RECEIVED TOKEN: eyJhbGciOiJIUzI1NiIsInR5cCI6IkpXVCJ9.eyJleHAiOjE3OTA4NDczMjYsInN1YiI6InVzZXJfM0hyd216MDhCT09yRTVYQnJhU01xZlNRWHhwIn0.khiFzMCbjZLX9freprXaJib6n2axAqT9Y9hdXWTOQRU
DECODED PAYLOAD: {'exp': 1790847326, 'sub': 'user_3Hrwmz08BOOrE5XBraSMqfSQXxp'}
RECEIVED TOKEN: eyJhbGciOiJIUzI1NiIsInR5cCI6IkpXVCJ9.eyJleHAiOjE3OTA4NDczMjYsInN1YiI6InVzZXJfM0hyd216MDhCT09yRTVYQnJhU01xZlNRWHhwIn0.khiFzMCbjZLX9freprXaJib6n2axAqT9Y9hdXWTOQRU
DECODED PAYLOAD: {'exp': 1790847326, 'sub': 'user_3Hrwmz08BOOrE5XBraSMqfSQXxp'}
GET_CURRENT_USER: user_3Hrwmz08BOOrE5XBraSMqfSQXxp -> <app.models.core.User object at 0x0000024783C398B0>
RECEIVED TOKEN: eyJhbGciOiJIUzI1NiIsInR5cCI6IkpXVCJ9.eyJleHAiOjE3OTA4NDczMjYsInN1YiI6InVzZXJfM0hyd216MDhCT09yRTVYQnJhU01xZlNRWHhwIn0.khiFzMCbjZLX9freprXaJib6n2axAqT9Y9hdXWTOQRU
DECODED PAYLOAD: {'exp': 1790847326, 'sub': 'user_3Hrwmz08BOOrE5XBraSMqfSQXxp'}
GET_CURRENT_USER: user_3Hrwmz08BOOrE5XBraSMqfSQXxp -> <app.models.core.User object at 0x0000024783C39710>
GET_CURRENT_USER: user_3Hrwmz08BOOrE5XBraSMqfSQXxp -> <app.models.core.User object at 0x0000024784D68940>
RECEIVED TOKEN: eyJhbGciOiJIUzI1NiIsInR5cCI6IkpXVCJ9.eyJleHAiOjE3OTA4NDczMjYsInN1YiI6InVzZXJfM0hyd216MDhCT09yRTVYQnJhU01xZlNRWHhwIn0.khiFzMCbjZLX9freprXaJib6n2axAqT9Y9hdXWTOQRU
DECODED PAYLOAD: {'exp': 1790847326, 'sub': 'user_3Hrwmz08BOOrE5XBraSMqfSQXxp'}
GET_CURRENT_USER: user_3Hrwmz08BOOrE5XBraSMqfSQXxp -> <app.models.core.User object at 0x0000024783C397E0>
RECEIVED TOKEN: eyJhbGciOiJIUzI1NiIsInR5cCI6IkpXVCJ9.eyJleHAiOjE3OTA4NDczMjYsInN1YiI6InVzZXJfM0hyd216MDhCT09yRTVYQnJhU01xZlNRWHhwIn0.khiFzMCbjZLX9freprXaJib6n2axAqT9Y9hdXWTOQRU
DECODED PAYLOAD: {'exp': 1790847326, 'sub': 'user_3Hrwmz08BOOrE5XBraSMqfSQXxp'}
GET_CURRENT_USER: user_3Hrwmz08BOOrE5XBraSMqfSQXxp -> <app.models.core.User object at 0x0000024783C3BC70>
RECEIVED TOKEN: eyJhbGciOiJIUzI1NiIsInR5cCI6IkpXVCJ9.eyJleHAiOjE3OTA4NDczMjYsInN1YiI6InVzZXJfM0hyd216MDhCT09yRTVYQnJhU01xZlNRWHhwIn0.khiFzMCbjZLX9freprXaJib6n2axAqT9Y9hdXWTOQRU
DECODED PAYLOAD: {'exp': 1790847326, 'sub': 'user_3Hrwmz08BOOrE5XBraSMqfSQXxp'}
GET_CURRENT_USER: user_3Hrwmz08BOOrE5XBraSMqfSQXxp -> <app.models.core.User object at 0x0000024783C38D50>
RECEIVED TOKEN: eyJhbGciOiJIUzI1NiIsInR5cCI6IkpXVCJ9.eyJleHAiOjE3OTA4NDczMjYsInN1YiI6InVzZXJfM0hyd216MDhCT09yRTVYQnJhU01xZlNRWHhwIn0.khiFzMCbjZLX9freprXaJib6n2axAqT9Y9hdXWTOQRU
DECODED PAYLOAD: {'exp': 1790847326, 'sub': 'user_3Hrwmz08BOOrE5XBraSMqfSQXxp'}
GET_CURRENT_USER: user_3Hrwmz08BOOrE5XBraSMqfSQXxp -> <app.models.core.User object at 0x0000024783C38FC0>
RECEIVED TOKEN: eyJhbGciOiJIUzI1NiIsInR5cCI6IkpXVCJ9.eyJleHAiOjE3OTA4NDczMjYsInN1YiI6InVzZXJfM0hyd216MDhCT09yRTVYQnJhU01xZlNRWHhwIn0.khiFzMCbjZLX9freprXaJib6n2axAqT9Y9hdXWTOQRU
DECODED PAYLOAD: {'exp': 1790847326, 'sub': 'user_3Hrwmz08BOOrE5XBraSMqfSQXxp'}
GET_CURRENT_USER: user_3Hrwmz08BOOrE5XBraSMqfSQXxp -> <app.models.core.User object at 0x0000024783C39640>
RECEIVED TOKEN: eyJhbGciOiJIUzI1NiIsInR5cCI6IkpXVCJ9.eyJleHAiOjE3OTA4NDczMjYsInN1YiI6InVzZXJfM0hyd216MDhCT09yRTVYQnJhU01xZlNRWHhwIn0.khiFzMCbjZLX9freprXaJib6n2axAqT9Y9hdXWTOQRU
DECODED PAYLOAD: {'exp': 1790847326, 'sub': 'user_3Hrwmz08BOOrE5XBraSMqfSQXxp'}
GET_CURRENT_USER: user_3Hrwmz08BOOrE5XBraSMqfSQXxp -> <app.models.core.User object at 0x0000024783C397E0>
RECEIVED TOKEN: eyJhbGciOiJIUzI1NiIsInR5cCI6IkpXVCJ9.eyJleHAiOjE3OTA4NDczMjYsInN1YiI6InVzZXJfM0hyd216MDhCT09yRTVYQnJhU01xZlNRWHhwIn0.khiFzMCbjZLX9freprXaJib6n2axAqT9Y9hdXWTOQRU
DECODED PAYLOAD: {'exp': 1790847326, 'sub': 'user_3Hrwmz08BOOrE5XBraSMqfSQXxp'}
GET_CURRENT_USER: user_3Hrwmz08BOOrE5XBraSMqfSQXxp -> <app.models.core.User object at 0x0000024784D68C80>
RECEIVED TOKEN: eyJhbGciOiJIUzI1NiIsInR5cCI6IkpXVCJ9.eyJleHAiOjE3OTA4NDczMjYsInN1YiI6InVzZXJfM0hyd216MDhCT09yRTVYQnJhU01xZlNRWHhwIn0.khiFzMCbjZLX9freprXaJib6n2axAqT9Y9hdXWTOQRU
DECODED PAYLOAD: {'exp': 1790847326, 'sub': 'user_3Hrwmz08BOOrE5XBraSMqfSQXxp'}
RECEIVED TOKEN: eyJhbGciOiJIUzI1NiIsInR5cCI6IkpXVCJ9.eyJleHAiOjE3OTA4NDczMjYsInN1YiI6InVzZXJfM0hyd216MDhCT09yRTVYQnJhU01xZlNRWHhwIn0.khiFzMCbjZLX9freprXaJib6n2axAqT9Y9hdXWTOQRU
DECODED PAYLOAD: {'exp': 1790847326, 'sub': 'user_3Hrwmz08BOOrE5XBraSMqfSQXxp'}
RECEIVED TOKEN: eyJhbGciOiJIUzI1NiIsInR5cCI6IkpXVCJ9.eyJleHAiOjE3OTA4NDczMjYsInN1YiI6InVzZXJfM0hyd216MDhCT09yRTVYQnJhU01xZlNRWHhwIn0.khiFzMCbjZLX9freprXaJib6n2axAqT9Y9hdXWTOQRU
DECODED PAYLOAD: {'exp': 1790847326, 'sub': 'user_3Hrwmz08BOOrE5XBraSMqfSQXxp'}
GET_CURRENT_USER: user_3Hrwmz08BOOrE5XBraSMqfSQXxp -> <app.models.core.User object at 0x0000024784FB5160>
GET_CURRENT_USER: user_3Hrwmz08BOOrE5XBraSMqfSQXxp -> <app.models.core.User object at 0x0000024783C38D50>
RECEIVED TOKEN: eyJhbGciOiJIUzI1NiIsInR5cCI6IkpXVCJ9.eyJleHAiOjE3OTA4NDczMjYsInN1YiI6InVzZXJfM0hyd216MDhCT09yRTVYQnJhU01xZlNRWHhwIn0.khiFzMCbjZLX9freprXaJib6n2axAqT9Y9hdXWTOQRU
DECODED PAYLOAD: {'exp': 1790847326, 'sub': 'user_3Hrwmz08BOOrE5XBraSMqfSQXxp'}
GET_CURRENT_USER: user_3Hrwmz08BOOrE5XBraSMqfSQXxp -> <app.models.core.User object at 0x0000024783C38FC0>
RECEIVED TOKEN: eyJhbGciOiJIUzI1NiIsInR5cCI6IkpXVCJ9.eyJleHAiOjE3OTA4NDczMjYsInN1YiI6InVzZXJfM0hyd216MDhCT09yRTVYQnJhU01xZlNRWHhwIn0.khiFzMCbjZLX9freprXaJib6n2axAqT9Y9hdXWTOQRU
DECODED PAYLOAD: {'exp': 1790847326, 'sub': 'user_3Hrwmz08BOOrE5XBraSMqfSQXxp'}
RECEIVED TOKEN: eyJhbGciOiJIUzI1NiIsInR5cCI6IkpXVCJ9.eyJleHAiOjE3OTA4NDczMjYsInN1YiI6InVzZXJfM0hyd216MDhCT09yRTVYQnJhU01xZlNRWHhwIn0.khiFzMCbjZLX9freprXaJib6n2axAqT9Y9hdXWTOQRU
DECODED PAYLOAD: {'exp': 1790847326, 'sub': 'user_3Hrwmz08BOOrE5XBraSMqfSQXxp'}
GET_CURRENT_USER: user_3Hrwmz08BOOrE5XBraSMqfSQXxp -> <app.models.core.User object at 0x0000024784D6A9C0>
RECEIVED TOKEN: eyJhbGciOiJIUzI1NiIsInR5cCI6IkpXVCJ9.eyJleHAiOjE3OTA4NDczMjYsInN1YiI6InVzZXJfM0hyd216MDhCT09yRTVYQnJhU01xZlNRWHhwIn0.khiFzMCbjZLX9freprXaJib6n2axAqT9Y9hdXWTOQRU
DECODED PAYLOAD: {'exp': 1790847326, 'sub': 'user_3Hrwmz08BOOrE5XBraSMqfSQXxp'}
GET_CURRENT_USER: user_3Hrwmz08BOOrE5XBraSMqfSQXxp -> <app.models.core.User object at 0x0000024784FB4A10>
GET_CURRENT_USER: user_3Hrwmz08BOOrE5XBraSMqfSQXxp -> <app.models.core.User object at 0x0000024784D6A5B0>
RECEIVED TOKEN: eyJhbGciOiJIUzI1NiIsInR5cCI6IkpXVCJ9.eyJleHAiOjE3OTA4NDczMjYsInN1YiI6InVzZXJfM0hyd216MDhCT09yRTVYQnJhU01xZlNRWHhwIn0.khiFzMCbjZLX9freprXaJib6n2axAqT9Y9hdXWTOQRU
DECODED PAYLOAD: {'exp': 1790847326, 'sub': 'user_3Hrwmz08BOOrE5XBraSMqfSQXxp'}
GET_CURRENT_USER: user_3Hrwmz08BOOrE5XBraSMqfSQXxp -> <app.models.core.User object at 0x0000024783C39710>
RECEIVED TOKEN: eyJhbGciOiJIUzI1NiIsInR5cCI6IkpXVCJ9.eyJleHAiOjE3OTA4NDczMjYsInN1YiI6InVzZXJfM0hyd216MDhCT09yRTVYQnJhU01xZlNRWHhwIn0.khiFzMCbjZLX9freprXaJib6n2axAqT9Y9hdXWTOQRU
DECODED PAYLOAD: {'exp': 1790847326, 'sub': 'user_3Hrwmz08BOOrE5XBraSMqfSQXxp'}
GET_CURRENT_USER: user_3Hrwmz08BOOrE5XBraSMqfSQXxp -> <app.models.core.User object at 0x0000024784D6B790>
RECEIVED TOKEN: eyJhbGciOiJIUzI1NiIsInR5cCI6IkpXVCJ9.eyJleHAiOjE3OTA4NDczMjYsInN1YiI6InVzZXJfM0hyd216MDhCT09yRTVYQnJhU01xZlNRWHhwIn0.khiFzMCbjZLX9freprXaJib6n2axAqT9Y9hdXWTOQRU
DECODED PAYLOAD: {'exp': 1790847326, 'sub': 'user_3Hrwmz08BOOrE5XBraSMqfSQXxp'}
GET_CURRENT_USER: user_3Hrwmz08BOOrE5XBraSMqfSQXxp -> <app.models.core.User object at 0x0000024784D6B790>
RECEIVED TOKEN: eyJhbGciOiJIUzI1NiIsInR5cCI6IkpXVCJ9.eyJleHAiOjE3OTA4NDczMjYsInN1YiI6InVzZXJfM0hyd216MDhCT09yRTVYQnJhU01xZlNRWHhwIn0.khiFzMCbjZLX9freprXaJib6n2axAqT9Y9hdXWTOQRU
DECODED PAYLOAD: {'exp': 1790847326, 'sub': 'user_3Hrwmz08BOOrE5XBraSMqfSQXxp'}
GET_CURRENT_USER: user_3Hrwmz08BOOrE5XBraSMqfSQXxp -> <app.models.core.User object at 0x0000024784D6A9C0>
RECEIVED TOKEN: eyJhbGciOiJIUzI1NiIsInR5cCI6IkpXVCJ9.eyJleHAiOjE3OTA4NDczMjYsInN1YiI6InVzZXJfM0hyd216MDhCT09yRTVYQnJhU01xZlNRWHhwIn0.khiFzMCbjZLX9freprXaJib6n2axAqT9Y9hdXWTOQRU
DECODED PAYLOAD: {'exp': 1790847326, 'sub': 'user_3Hrwmz08BOOrE5XBraSMqfSQXxp'}
GET_CURRENT_USER: user_3Hrwmz08BOOrE5XBraSMqfSQXxp -> <app.models.core.User object at 0x0000024784D6B790>
RECEIVED TOKEN: eyJhbGciOiJIUzI1NiIsInR5cCI6IkpXVCJ9.eyJleHAiOjE3OTA4NDczMjYsInN1YiI6InVzZXJfM0hyd216MDhCT09yRTVYQnJhU01xZlNRWHhwIn0.khiFzMCbjZLX9freprXaJib6n2axAqT9Y9hdXWTOQRU
DECODED PAYLOAD: {'exp': 1790847326, 'sub': 'user_3Hrwmz08BOOrE5XBraSMqfSQXxp'}
GET_CURRENT_USER: user_3Hrwmz08BOOrE5XBraSMqfSQXxp -> <app.models.core.User object at 0x0000024784D6A680>
RECEIVED TOKEN: eyJhbGciOiJIUzI1NiIsInR5cCI6IkpXVCJ9.eyJleHAiOjE3OTA4NDczMjYsInN1YiI6InVzZXJfM0hyd216MDhCT09yRTVYQnJhU01xZlNRWHhwIn0.khiFzMCbjZLX9freprXaJib6n2axAqT9Y9hdXWTOQRU
DECODED PAYLOAD: {'exp': 1790847326, 'sub': 'user_3Hrwmz08BOOrE5XBraSMqfSQXxp'}
GET_CURRENT_USER: user_3Hrwmz08BOOrE5XBraSMqfSQXxp -> <app.models.core.User object at 0x0000024783C38A10>
RECEIVED TOKEN: eyJhbGciOiJIUzI1NiIsInR5cCI6IkpXVCJ9.eyJzdWIiOiJ1c2VyXzNIcndtejA4Qk9PckU1WEJyYVNNcWZTUVh4cCIsImV4cCI6MTc5MDI0NzI2Mn0.Ef11LROZT4BUktyafzD1yPPHzfhLjdV_W2Q_rfGfRkw
DECODED PAYLOAD: {'sub': 'user_3Hrwmz08BOOrE5XBraSMqfSQXxp', 'exp': 1790247262}
GET_CURRENT_USER: user_3Hrwmz08BOOrE5XBraSMqfSQXxp -> <app.models.core.User object at 0x000001F1A6ECDBE0>
RECEIVED TOKEN: eyJhbGciOiJIUzI1NiIsInR5cCI6IkpXVCJ9.eyJzdWIiOiJ1c2VyXzNIcndtejA4Qk9PckU1WEJyYVNNcWZTUVh4cCIsImV4cCI6MTc5MDI0NzI2Mn0.Ef11LROZT4BUktyafzD1yPPHzfhLjdV_W2Q_rfGfRkw
DECODED PAYLOAD: {'sub': 'user_3Hrwmz08BOOrE5XBraSMqfSQXxp', 'exp': 1790247262}
GET_CURRENT_USER: user_3Hrwmz08BOOrE5XBraSMqfSQXxp -> <app.models.core.User object at 0x000001F1A6E61950>
RECEIVED TOKEN: eyJhbGciOiJIUzI1NiIsInR5cCI6IkpXVCJ9.eyJzdWIiOiJ1c2VyXzNIcndtejA4Qk9PckU1WEJyYVNNcWZTUVh4cCIsImV4cCI6MTc5MDI0NzI2Mn0.Ef11LROZT4BUktyafzD1yPPHzfhLjdV_W2Q_rfGfRkw
DECODED PAYLOAD: {'sub': 'user_3Hrwmz08BOOrE5XBraSMqfSQXxp', 'exp': 1790247262}
GET_CURRENT_USER: user_3Hrwmz08BOOrE5XBraSMqfSQXxp -> <app.models.core.User object at 0x000001F1A6E61810>
RECEIVED TOKEN: eyJhbGciOiJIUzI1NiIsInR5cCI6IkpXVCJ9.eyJleHAiOjE3OTA4NDczMjYsInN1YiI6InVzZXJfM0hyd216MDhCT09yRTVYQnJhU01xZlNRWHhwIn0.khiFzMCbjZLX9freprXaJib6n2axAqT9Y9hdXWTOQRU
DECODED PAYLOAD: {'exp': 1790847326, 'sub': 'user_3Hrwmz08BOOrE5XBraSMqfSQXxp'}
GET_CURRENT_USER: user_3Hrwmz08BOOrE5XBraSMqfSQXxp -> <app.models.core.User object at 0x000001F1A715DF30>
RECEIVED TOKEN: eyJhbGciOiJIUzI1NiIsInR5cCI6IkpXVCJ9.eyJleHAiOjE3OTA4NDczMjYsInN1YiI6InVzZXJfM0hyd216MDhCT09yRTVYQnJhU01xZlNRWHhwIn0.khiFzMCbjZLX9freprXaJib6n2axAqT9Y9hdXWTOQRU
DECODED PAYLOAD: {'exp': 1790847326, 'sub': 'user_3Hrwmz08BOOrE5XBraSMqfSQXxp'}
RECEIVED TOKEN: eyJhbGciOiJIUzI1NiIsInR5cCI6IkpXVCJ9.eyJleHAiOjE3OTA4NDczMjYsInN1YiI6InVzZXJfM0hyd216MDhCT09yRTVYQnJhU01xZlNRWHhwIn0.khiFzMCbjZLX9freprXaJib6n2axAqT9Y9hdXWTOQRU
DECODED PAYLOAD: {'exp': 1790847326, 'sub': 'user_3Hrwmz08BOOrE5XBraSMqfSQXxp'}
GET_CURRENT_USER: user_3Hrwmz08BOOrE5XBraSMqfSQXxp -> <app.models.core.User object at 0x000001F1A715A690>
RECEIVED TOKEN: eyJhbGciOiJIUzI1NiIsInR5cCI6IkpXVCJ9.eyJleHAiOjE3OTA4NDczMjYsInN1YiI6InVzZXJfM0hyd216MDhCT09yRTVYQnJhU01xZlNRWHhwIn0.khiFzMCbjZLX9freprXaJib6n2axAqT9Y9hdXWTOQRU
DECODED PAYLOAD: {'exp': 1790847326, 'sub': 'user_3Hrwmz08BOOrE5XBraSMqfSQXxp'}
RECEIVED TOKEN: eyJhbGciOiJIUzI1NiIsInR5cCI6IkpXVCJ9.eyJleHAiOjE3OTA4NDczMjYsInN1YiI6InVzZXJfM0hyd216MDhCT09yRTVYQnJhU01xZlNRWHhwIn0.khiFzMCbjZLX9freprXaJib6n2axAqT9Y9hdXWTOQRU
DECODED PAYLOAD: {'exp': 1790847326, 'sub': 'user_3Hrwmz08BOOrE5XBraSMqfSQXxp'}
GET_CURRENT_USER: user_3Hrwmz08BOOrE5XBraSMqfSQXxp -> <app.models.core.User object at 0x000001F1A6D58450>
GET_CURRENT_USER: user_3Hrwmz08BOOrE5XBraSMqfSQXxp -> <app.models.core.User object at 0x000001F1A7016E50>
RECEIVED TOKEN: eyJhbGciOiJIUzI1NiIsInR5cCI6IkpXVCJ9.eyJleHAiOjE3OTA4NDczMjYsInN1YiI6InVzZXJfM0hyd216MDhCT09yRTVYQnJhU01xZlNRWHhwIn0.khiFzMCbjZLX9freprXaJib6n2axAqT9Y9hdXWTOQRU
DECODED PAYLOAD: {'exp': 1790847326, 'sub': 'user_3Hrwmz08BOOrE5XBraSMqfSQXxp'}
GET_CURRENT_USER: user_3Hrwmz08BOOrE5XBraSMqfSQXxp -> <app.models.core.User object at 0x000001F1A6C1F2F0>
RECEIVED TOKEN: eyJhbGciOiJIUzI1NiIsInR5cCI6IkpXVCJ9.eyJleHAiOjE3OTA4NDczMjYsInN1YiI6InVzZXJfM0hyd216MDhCT09yRTVYQnJhU01xZlNRWHhwIn0.khiFzMCbjZLX9freprXaJib6n2axAqT9Y9hdXWTOQRU
DECODED PAYLOAD: {'exp': 1790847326, 'sub': 'user_3Hrwmz08BOOrE5XBraSMqfSQXxp'}
GET_CURRENT_USER: user_3Hrwmz08BOOrE5XBraSMqfSQXxp -> <app.models.core.User object at 0x000001F1A6E7A190>
RECEIVED TOKEN: eyJhbGciOiJIUzI1NiIsInR5cCI6IkpXVCJ9.eyJleHAiOjE3OTA4NDczMjYsInN1YiI6InVzZXJfM0hyd216MDhCT09yRTVYQnJhU01xZlNRWHhwIn0.khiFzMCbjZLX9freprXaJib6n2axAqT9Y9hdXWTOQRU
DECODED PAYLOAD: {'exp': 1790847326, 'sub': 'user_3Hrwmz08BOOrE5XBraSMqfSQXxp'}
GET_CURRENT_USER: user_3Hrwmz08BOOrE5XBraSMqfSQXxp -> <app.models.core.User object at 0x000001F1A71BD710>
RECEIVED TOKEN: eyJhbGciOiJIUzI1NiIsInR5cCI6IkpXVCJ9.eyJleHAiOjE3OTA4NDczMjYsInN1YiI6InVzZXJfM0hyd216MDhCT09yRTVYQnJhU01xZlNRWHhwIn0.khiFzMCbjZLX9freprXaJib6n2axAqT9Y9hdXWTOQRU
DECODED PAYLOAD: {'exp': 1790847326, 'sub': 'user_3Hrwmz08BOOrE5XBraSMqfSQXxp'}
GET_CURRENT_USER: user_3Hrwmz08BOOrE5XBraSMqfSQXxp -> <app.models.core.User object at 0x000001F1A6E76B60>
RECEIVED TOKEN: eyJhbGciOiJIUzI1NiIsInR5cCI6IkpXVCJ9.eyJleHAiOjE3OTA4NDczMjYsInN1YiI6InVzZXJfM0hyd216MDhCT09yRTVYQnJhU01xZlNRWHhwIn0.khiFzMCbjZLX9freprXaJib6n2axAqT9Y9hdXWTOQRU
DECODED PAYLOAD: {'exp': 1790847326, 'sub': 'user_3Hrwmz08BOOrE5XBraSMqfSQXxp'}
GET_CURRENT_USER: user_3Hrwmz08BOOrE5XBraSMqfSQXxp -> <app.models.core.User object at 0x000001F1A7195710>
RECEIVED TOKEN: eyJhbGciOiJIUzI1NiIsInR5cCI6IkpXVCJ9.eyJleHAiOjE3OTA4NDczMjYsInN1YiI6InVzZXJfM0hyd216MDhCT09yRTVYQnJhU01xZlNRWHhwIn0.khiFzMCbjZLX9freprXaJib6n2axAqT9Y9hdXWTOQRU
DECODED PAYLOAD: {'exp': 1790847326, 'sub': 'user_3Hrwmz08BOOrE5XBraSMqfSQXxp'}
GET_CURRENT_USER: user_3Hrwmz08BOOrE5XBraSMqfSQXxp -> <app.models.core.User object at 0x000001F1A7194600>
RECEIVED TOKEN: eyJhbGciOiJIUzI1NiIsInR5cCI6IkpXVCJ9.eyJleHAiOjE3OTA4NDczMjYsInN1YiI6InVzZXJfM0hyd216MDhCT09yRTVYQnJhU01xZlNRWHhwIn0.khiFzMCbjZLX9freprXaJib6n2axAqT9Y9hdXWTOQRU
DECODED PAYLOAD: {'exp': 1790847326, 'sub': 'user_3Hrwmz08BOOrE5XBraSMqfSQXxp'}
RECEIVED TOKEN: eyJhbGciOiJIUzI1NiIsInR5cCI6IkpXVCJ9.eyJleHAiOjE3OTA4NDczMjYsInN1YiI6InVzZXJfM0hyd216MDhCT09yRTVYQnJhU01xZlNRWHhwIn0.khiFzMCbjZLX9freprXaJib6n2axAqT9Y9hdXWTOQRU
DECODED PAYLOAD: {'exp': 1790847326, 'sub': 'user_3Hrwmz08BOOrE5XBraSMqfSQXxp'}
GET_CURRENT_USER: user_3Hrwmz08BOOrE5XBraSMqfSQXxp -> <app.models.core.User object at 0x000001F1A7196EA0>
RECEIVED TOKEN: eyJhbGciOiJIUzI1NiIsInR5cCI6IkpXVCJ9.eyJleHAiOjE3OTA4NDczMjYsInN1YiI6InVzZXJfM0hyd216MDhCT09yRTVYQnJhU01xZlNRWHhwIn0.khiFzMCbjZLX9freprXaJib6n2axAqT9Y9hdXWTOQRU
DECODED PAYLOAD: {'exp': 1790847326, 'sub': 'user_3Hrwmz08BOOrE5XBraSMqfSQXxp'}
GET_CURRENT_USER: user_3Hrwmz08BOOrE5XBraSMqfSQXxp -> <app.models.core.User object at 0x000001F1A7194A10>
GET_CURRENT_USER: user_3Hrwmz08BOOrE5XBraSMqfSQXxp -> <app.models.core.User object at 0x000001F1A7197D40>
RECEIVED TOKEN: eyJhbGciOiJIUzI1NiIsInR5cCI6IkpXVCJ9.eyJleHAiOjE3OTA4NDczMjYsInN1YiI6InVzZXJfM0hyd216MDhCT09yRTVYQnJhU01xZlNRWHhwIn0.khiFzMCbjZLX9freprXaJib6n2axAqT9Y9hdXWTOQRU
DECODED PAYLOAD: {'exp': 1790847326, 'sub': 'user_3Hrwmz08BOOrE5XBraSMqfSQXxp'}
GET_CURRENT_USER: user_3Hrwmz08BOOrE5XBraSMqfSQXxp -> <app.models.core.User object at 0x000001F1A8335230>
RECEIVED TOKEN: eyJhbGciOiJIUzI1NiIsInR5cCI6IkpXVCJ9.eyJleHAiOjE3OTA4NDczMjYsInN1YiI6InVzZXJfM0hyd216MDhCT09yRTVYQnJhU01xZlNRWHhwIn0.khiFzMCbjZLX9freprXaJib6n2axAqT9Y9hdXWTOQRU
DECODED PAYLOAD: {'exp': 1790847326, 'sub': 'user_3Hrwmz08BOOrE5XBraSMqfSQXxp'}
GET_CURRENT_USER: user_3Hrwmz08BOOrE5XBraSMqfSQXxp -> <app.models.core.User object at 0x000001F1A7194BB0>
RECEIVED TOKEN: eyJhbGciOiJIUzI1NiIsInR5cCI6IkpXVCJ9.eyJleHAiOjE3OTA4NDczMjYsInN1YiI6InVzZXJfM0hyd216MDhCT09yRTVYQnJhU01xZlNRWHhwIn0.khiFzMCbjZLX9freprXaJib6n2axAqT9Y9hdXWTOQRU
DECODED PAYLOAD: {'exp': 1790847326, 'sub': 'user_3Hrwmz08BOOrE5XBraSMqfSQXxp'}
GET_CURRENT_USER: user_3Hrwmz08BOOrE5XBraSMqfSQXxp -> <app.models.core.User object at 0x000001F1A8334120>
RECEIVED TOKEN: eyJhbGciOiJIUzI1NiIsInR5cCI6IkpXVCJ9.eyJleHAiOjE3OTA4NDczMjYsInN1YiI6InVzZXJfM0hyd216MDhCT09yRTVYQnJhU01xZlNRWHhwIn0.khiFzMCbjZLX9freprXaJib6n2axAqT9Y9hdXWTOQRU
DECODED PAYLOAD: {'exp': 1790847326, 'sub': 'user_3Hrwmz08BOOrE5XBraSMqfSQXxp'}
GET_CURRENT_USER: user_3Hrwmz08BOOrE5XBraSMqfSQXxp -> <app.models.core.User object at 0x000001F1A6E76B60>
RECEIVED TOKEN: eyJhbGciOiJIUzI1NiIsInR5cCI6IkpXVCJ9.eyJleHAiOjE3OTA4NDczMjYsInN1YiI6InVzZXJfM0hyd216MDhCT09yRTVYQnJhU01xZlNRWHhwIn0.khiFzMCbjZLX9freprXaJib6n2axAqT9Y9hdXWTOQRU
DECODED PAYLOAD: {'exp': 1790847326, 'sub': 'user_3Hrwmz08BOOrE5XBraSMqfSQXxp'}
GET_CURRENT_USER: user_3Hrwmz08BOOrE5XBraSMqfSQXxp -> <app.models.core.User object at 0x000001F1A8334FC0>
RECEIVED TOKEN: eyJhbGciOiJIUzI1NiIsInR5cCI6IkpXVCJ9.eyJleHAiOjE3OTA4NDczMjYsInN1YiI6InVzZXJfM0hyd216MDhCT09yRTVYQnJhU01xZlNRWHhwIn0.khiFzMCbjZLX9freprXaJib6n2axAqT9Y9hdXWTOQRU
DECODED PAYLOAD: {'exp': 1790847326, 'sub': 'user_3Hrwmz08BOOrE5XBraSMqfSQXxp'}
GET_CURRENT_USER: user_3Hrwmz08BOOrE5XBraSMqfSQXxp -> <app.models.core.User object at 0x000001F1A6E76B60>
RECEIVED TOKEN: eyJhbGciOiJIUzI1NiIsInR5cCI6IkpXVCJ9.eyJleHAiOjE3OTA4NDczMjYsInN1YiI6InVzZXJfM0hyd216MDhCT09yRTVYQnJhU01xZlNRWHhwIn0.khiFzMCbjZLX9freprXaJib6n2axAqT9Y9hdXWTOQRU
DECODED PAYLOAD: {'exp': 1790847326, 'sub': 'user_3Hrwmz08BOOrE5XBraSMqfSQXxp'}
RECEIVED TOKEN: eyJhbGciOiJIUzI1NiIsInR5cCI6IkpXVCJ9.eyJleHAiOjE3OTA4NDczMjYsInN1YiI6InVzZXJfM0hyd216MDhCT09yRTVYQnJhU01xZlNRWHhwIn0.khiFzMCbjZLX9freprXaJib6n2axAqT9Y9hdXWTOQRU
DECODED PAYLOAD: {'exp': 1790847326, 'sub': 'user_3Hrwmz08BOOrE5XBraSMqfSQXxp'}
RECEIVED TOKEN: eyJhbGciOiJIUzI1NiIsInR5cCI6IkpXVCJ9.eyJleHAiOjE3OTA4NDczMjYsInN1YiI6InVzZXJfM0hyd216MDhCT09yRTVYQnJhU01xZlNRWHhwIn0.khiFzMCbjZLX9freprXaJib6n2axAqT9Y9hdXWTOQRU
DECODED PAYLOAD: {'exp': 1790847326, 'sub': 'user_3Hrwmz08BOOrE5XBraSMqfSQXxp'}
GET_CURRENT_USER: user_3Hrwmz08BOOrE5XBraSMqfSQXxp -> <app.models.core.User object at 0x000001F1A7194390>
RECEIVED TOKEN: eyJhbGciOiJIUzI1NiIsInR5cCI6IkpXVCJ9.eyJleHAiOjE3OTA4NDczMjYsInN1YiI6InVzZXJfM0hyd216MDhCT09yRTVYQnJhU01xZlNRWHhwIn0.khiFzMCbjZLX9freprXaJib6n2axAqT9Y9hdXWTOQRU
DECODED PAYLOAD: {'exp': 1790847326, 'sub': 'user_3Hrwmz08BOOrE5XBraSMqfSQXxp'}
GET_CURRENT_USER: user_3Hrwmz08BOOrE5XBraSMqfSQXxp -> <app.models.core.User object at 0x000001F1A8335CC0>
RECEIVED TOKEN: eyJhbGciOiJIUzI1NiIsInR5cCI6IkpXVCJ9.eyJleHAiOjE3OTA4NDczMjYsInN1YiI6InVzZXJfM0hyd216MDhCT09yRTVYQnJhU01xZlNRWHhwIn0.khiFzMCbjZLX9freprXaJib6n2axAqT9Y9hdXWTOQRU
DECODED PAYLOAD: {'exp': 1790847326, 'sub': 'user_3Hrwmz08BOOrE5XBraSMqfSQXxp'}
RECEIVED TOKEN: eyJhbGciOiJIUzI1NiIsInR5cCI6IkpXVCJ9.eyJleHAiOjE3OTA4NDczMjYsInN1YiI6InVzZXJfM0hyd216MDhCT09yRTVYQnJhU01xZlNRWHhwIn0.khiFzMCbjZLX9freprXaJib6n2axAqT9Y9hdXWTOQRU
DECODED PAYLOAD: {'exp': 1790847326, 'sub': 'user_3Hrwmz08BOOrE5XBraSMqfSQXxp'}
GET_CURRENT_USER: user_3Hrwmz08BOOrE5XBraSMqfSQXxp -> <app.models.core.User object at 0x000001F1A8335CC0>
GET_CURRENT_USER: user_3Hrwmz08BOOrE5XBraSMqfSQXxp -> <app.models.core.User object at 0x000001F1A83ADE60>
RECEIVED TOKEN: eyJhbGciOiJIUzI1NiIsInR5cCI6IkpXVCJ9.eyJleHAiOjE3OTA4NDczMjYsInN1YiI6InVzZXJfM0hyd216MDhCT09yRTVYQnJhU01xZlNRWHhwIn0.khiFzMCbjZLX9freprXaJib6n2axAqT9Y9hdXWTOQRU
DECODED PAYLOAD: {'exp': 1790847326, 'sub': 'user_3Hrwmz08BOOrE5XBraSMqfSQXxp'}
RECEIVED TOKEN: eyJhbGciOiJIUzI1NiIsInR5cCI6IkpXVCJ9.eyJleHAiOjE3OTA4NDczMjYsInN1YiI6InVzZXJfM0hyd216MDhCT09yRTVYQnJhU01xZlNRWHhwIn0.khiFzMCbjZLX9freprXaJib6n2axAqT9Y9hdXWTOQRU
DECODED PAYLOAD: {'exp': 1790847326, 'sub': 'user_3Hrwmz08BOOrE5XBraSMqfSQXxp'}
GET_CURRENT_USER: user_3Hrwmz08BOOrE5XBraSMqfSQXxp -> <app.models.core.User object at 0x000001F1A8335B20>
GET_CURRENT_USER: user_3Hrwmz08BOOrE5XBraSMqfSQXxp -> <app.models.core.User object at 0x000001F1A7194E20>
RECEIVED TOKEN: eyJhbGciOiJIUzI1NiIsInR5cCI6IkpXVCJ9.eyJleHAiOjE3OTA4NDczMjYsInN1YiI6InVzZXJfM0hyd216MDhCT09yRTVYQnJhU01xZlNRWHhwIn0.khiFzMCbjZLX9freprXaJib6n2axAqT9Y9hdXWTOQRU
DECODED PAYLOAD: {'exp': 1790847326, 'sub': 'user_3Hrwmz08BOOrE5XBraSMqfSQXxp'}
GET_CURRENT_USER: user_3Hrwmz08BOOrE5XBraSMqfSQXxp -> <app.models.core.User object at 0x000001F1A8335570>
RECEIVED TOKEN: eyJhbGciOiJIUzI1NiIsInR5cCI6IkpXVCJ9.eyJleHAiOjE3OTA4NDczMjYsInN1YiI6InVzZXJfM0hyd216MDhCT09yRTVYQnJhU01xZlNRWHhwIn0.khiFzMCbjZLX9freprXaJib6n2axAqT9Y9hdXWTOQRU
DECODED PAYLOAD: {'exp': 1790847326, 'sub': 'user_3Hrwmz08BOOrE5XBraSMqfSQXxp'}
GET_CURRENT_USER: user_3Hrwmz08BOOrE5XBraSMqfSQXxp -> <app.models.core.User object at 0x000001F1A7194E20>
RECEIVED TOKEN: eyJhbGciOiJIUzI1NiIsInR5cCI6IkpXVCJ9.eyJleHAiOjE3OTA4NDczMjYsInN1YiI6InVzZXJfM0hyd216MDhCT09yRTVYQnJhU01xZlNRWHhwIn0.khiFzMCbjZLX9freprXaJib6n2axAqT9Y9hdXWTOQRU
DECODED PAYLOAD: {'exp': 1790847326, 'sub': 'user_3Hrwmz08BOOrE5XBraSMqfSQXxp'}
GET_CURRENT_USER: user_3Hrwmz08BOOrE5XBraSMqfSQXxp -> <app.models.core.User object at 0x000001F1A7194E20>
RECEIVED TOKEN: eyJhbGciOiJIUzI1NiIsInR5cCI6IkpXVCJ9.eyJleHAiOjE3OTA4NDczMjYsInN1YiI6InVzZXJfM0hyd216MDhCT09yRTVYQnJhU01xZlNRWHhwIn0.khiFzMCbjZLX9freprXaJib6n2axAqT9Y9hdXWTOQRU
DECODED PAYLOAD: {'exp': 1790847326, 'sub': 'user_3Hrwmz08BOOrE5XBraSMqfSQXxp'}
GET_CURRENT_USER: user_3Hrwmz08BOOrE5XBraSMqfSQXxp -> <app.models.core.User object at 0x000001F1A7195570>
RECEIVED TOKEN: eyJhbGciOiJIUzI1NiIsInR5cCI6IkpXVCJ9.eyJleHAiOjE3OTA4NDczMjYsInN1YiI6InVzZXJfM0hyd216MDhCT09yRTVYQnJhU01xZlNRWHhwIn0.khiFzMCbjZLX9freprXaJib6n2axAqT9Y9hdXWTOQRU
DECODED PAYLOAD: {'exp': 1790847326, 'sub': 'user_3Hrwmz08BOOrE5XBraSMqfSQXxp'}
GET_CURRENT_USER: user_3Hrwmz08BOOrE5XBraSMqfSQXxp -> <app.models.core.User object at 0x000001F1A8334BB0>
RECEIVED TOKEN: eyJhbGciOiJIUzI1NiIsInR5cCI6IkpXVCJ9.eyJleHAiOjE3OTA4NDczMjYsInN1YiI6InVzZXJfM0hyd216MDhCT09yRTVYQnJhU01xZlNRWHhwIn0.khiFzMCbjZLX9freprXaJib6n2axAqT9Y9hdXWTOQRU
DECODED PAYLOAD: {'exp': 1790847326, 'sub': 'user_3Hrwmz08BOOrE5XBraSMqfSQXxp'}
GET_CURRENT_USER: user_3Hrwmz08BOOrE5XBraSMqfSQXxp -> <app.models.core.User object at 0x000001F1A8334BB0>
RECEIVED TOKEN: eyJhbGciOiJIUzI1NiIsInR5cCI6IkpXVCJ9.eyJleHAiOjE3OTA4NDczMjYsInN1YiI6InVzZXJfM0hyd216MDhCT09yRTVYQnJhU01xZlNRWHhwIn0.khiFzMCbjZLX9freprXaJib6n2axAqT9Y9hdXWTOQRU
DECODED PAYLOAD: {'exp': 1790847326, 'sub': 'user_3Hrwmz08BOOrE5XBraSMqfSQXxp'}
GET_CURRENT_USER: user_3Hrwmz08BOOrE5XBraSMqfSQXxp -> <app.models.core.User object at 0x000001F1A83371E0>
RECEIVED TOKEN: eyJhbGciOiJIUzI1NiIsInR5cCI6IkpXVCJ9.eyJleHAiOjE3OTA4NDczMjYsInN1YiI6InVzZXJfM0hyd216MDhCT09yRTVYQnJhU01xZlNRWHhwIn0.khiFzMCbjZLX9freprXaJib6n2axAqT9Y9hdXWTOQRU
DECODED PAYLOAD: {'exp': 1790847326, 'sub': 'user_3Hrwmz08BOOrE5XBraSMqfSQXxp'}
GET_CURRENT_USER: user_3Hrwmz08BOOrE5XBraSMqfSQXxp -> <app.models.core.User object at 0x000001F1A7194390>
RECEIVED TOKEN: eyJhbGciOiJIUzI1NiIsInR5cCI6IkpXVCJ9.eyJleHAiOjE3OTA4NDczMjYsInN1YiI6InVzZXJfM0hyd216MDhCT09yRTVYQnJhU01xZlNRWHhwIn0.khiFzMCbjZLX9freprXaJib6n2axAqT9Y9hdXWTOQRU
DECODED PAYLOAD: {'exp': 1790847326, 'sub': 'user_3Hrwmz08BOOrE5XBraSMqfSQXxp'}
GET_CURRENT_USER: user_3Hrwmz08BOOrE5XBraSMqfSQXxp -> <app.models.core.User object at 0x000001F1A7194390>
RECEIVED TOKEN: eyJhbGciOiJIUzI1NiIsInR5cCI6IkpXVCJ9.eyJleHAiOjE3OTA4NDczMjYsInN1YiI6InVzZXJfM0hyd216MDhCT09yRTVYQnJhU01xZlNRWHhwIn0.khiFzMCbjZLX9freprXaJib6n2axAqT9Y9hdXWTOQRU
DECODED PAYLOAD: {'exp': 1790847326, 'sub': 'user_3Hrwmz08BOOrE5XBraSMqfSQXxp'}
GET_CURRENT_USER: user_3Hrwmz08BOOrE5XBraSMqfSQXxp -> <app.models.core.User object at 0x000001F1A83AF380>
RECEIVED TOKEN: eyJhbGciOiJIUzI1NiIsInR5cCI6IkpXVCJ9.eyJleHAiOjE3OTA4NDczMjYsInN1YiI6InVzZXJfM0hyd216MDhCT09yRTVYQnJhU01xZlNRWHhwIn0.khiFzMCbjZLX9freprXaJib6n2axAqT9Y9hdXWTOQRU
DECODED PAYLOAD: {'exp': 1790847326, 'sub': 'user_3Hrwmz08BOOrE5XBraSMqfSQXxp'}
RECEIVED TOKEN: eyJhbGciOiJIUzI1NiIsInR5cCI6IkpXVCJ9.eyJleHAiOjE3OTA4NDczMjYsInN1YiI6InVzZXJfM0hyd216MDhCT09yRTVYQnJhU01xZlNRWHhwIn0.khiFzMCbjZLX9freprXaJib6n2axAqT9Y9hdXWTOQRU
DECODED PAYLOAD: {'exp': 1790847326, 'sub': 'user_3Hrwmz08BOOrE5XBraSMqfSQXxp'}
GET_CURRENT_USER: user_3Hrwmz08BOOrE5XBraSMqfSQXxp -> <app.models.core.User object at 0x000001F1A83AF930>
RECEIVED TOKEN: eyJhbGciOiJIUzI1NiIsInR5cCI6IkpXVCJ9.eyJleHAiOjE3OTA4NDczMjYsInN1YiI6InVzZXJfM0hyd216MDhCT09yRTVYQnJhU01xZlNRWHhwIn0.khiFzMCbjZLX9freprXaJib6n2axAqT9Y9hdXWTOQRU
DECODED PAYLOAD: {'exp': 1790847326, 'sub': 'user_3Hrwmz08BOOrE5XBraSMqfSQXxp'}
GET_CURRENT_USER: user_3Hrwmz08BOOrE5XBraSMqfSQXxp -> <app.models.core.User object at 0x000001F1A7197040>
RECEIVED TOKEN: eyJhbGciOiJIUzI1NiIsInR5cCI6IkpXVCJ9.eyJleHAiOjE3OTA4NDczMjYsInN1YiI6InVzZXJfM0hyd216MDhCT09yRTVYQnJhU01xZlNRWHhwIn0.khiFzMCbjZLX9freprXaJib6n2axAqT9Y9hdXWTOQRU
DECODED PAYLOAD: {'exp': 1790847326, 'sub': 'user_3Hrwmz08BOOrE5XBraSMqfSQXxp'}
GET_CURRENT_USER: user_3Hrwmz08BOOrE5XBraSMqfSQXxp -> <app.models.core.User object at 0x000001F1A83ADA50>
RECEIVED TOKEN: eyJhbGciOiJIUzI1NiIsInR5cCI6IkpXVCJ9.eyJleHAiOjE3OTA4NDczMjYsInN1YiI6InVzZXJfM0hyd216MDhCT09yRTVYQnJhU01xZlNRWHhwIn0.khiFzMCbjZLX9freprXaJib6n2axAqT9Y9hdXWTOQRU
DECODED PAYLOAD: {'exp': 1790847326, 'sub': 'user_3Hrwmz08BOOrE5XBraSMqfSQXxp'}
GET_CURRENT_USER: user_3Hrwmz08BOOrE5XBraSMqfSQXxp -> <app.models.core.User object at 0x000001F1A83AFA00>
RECEIVED TOKEN: eyJhbGciOiJIUzI1NiIsInR5cCI6IkpXVCJ9.eyJleHAiOjE3OTA4NDczMjYsInN1YiI6InVzZXJfM0hyd216MDhCT09yRTVYQnJhU01xZlNRWHhwIn0.khiFzMCbjZLX9freprXaJib6n2axAqT9Y9hdXWTOQRU
DECODED PAYLOAD: {'exp': 1790847326, 'sub': 'user_3Hrwmz08BOOrE5XBraSMqfSQXxp'}
RECEIVED TOKEN: eyJhbGciOiJIUzI1NiIsInR5cCI6IkpXVCJ9.eyJleHAiOjE3OTA4NDczMjYsInN1YiI6InVzZXJfM0hyd216MDhCT09yRTVYQnJhU01xZlNRWHhwIn0.khiFzMCbjZLX9freprXaJib6n2axAqT9Y9hdXWTOQRU
DECODED PAYLOAD: {'exp': 1790847326, 'sub': 'user_3Hrwmz08BOOrE5XBraSMqfSQXxp'}
RECEIVED TOKEN: eyJhbGciOiJIUzI1NiIsInR5cCI6IkpXVCJ9.eyJleHAiOjE3OTA4NDczMjYsInN1YiI6InVzZXJfM0hyd216MDhCT09yRTVYQnJhU01xZlNRWHhwIn0.khiFzMCbjZLX9freprXaJib6n2axAqT9Y9hdXWTOQRU
DECODED PAYLOAD: {'exp': 1790847326, 'sub': 'user_3Hrwmz08BOOrE5XBraSMqfSQXxp'}
GET_CURRENT_USER: user_3Hrwmz08BOOrE5XBraSMqfSQXxp -> <app.models.core.User object at 0x000001F1A83AEDD0>
GET_CURRENT_USER: user_3Hrwmz08BOOrE5XBraSMqfSQXxp -> <app.models.core.User object at 0x000001F1A83AFC70>
RECEIVED TOKEN: eyJhbGciOiJIUzI1NiIsInR5cCI6IkpXVCJ9.eyJleHAiOjE3OTA4NDczMjYsInN1YiI6InVzZXJfM0hyd216MDhCT09yRTVYQnJhU01xZlNRWHhwIn0.khiFzMCbjZLX9freprXaJib6n2axAqT9Y9hdXWTOQRU
DECODED PAYLOAD: {'exp': 1790847326, 'sub': 'user_3Hrwmz08BOOrE5XBraSMqfSQXxp'}
GET_CURRENT_USER: user_3Hrwmz08BOOrE5XBraSMqfSQXxp -> <app.models.core.User object at 0x000001F1A83AEC30>
RECEIVED TOKEN: eyJhbGciOiJIUzI1NiIsInR5cCI6IkpXVCJ9.eyJleHAiOjE3OTA4NDczMjYsInN1YiI6InVzZXJfM0hyd216MDhCT09yRTVYQnJhU01xZlNRWHhwIn0.khiFzMCbjZLX9freprXaJib6n2axAqT9Y9hdXWTOQRU
DECODED PAYLOAD: {'exp': 1790847326, 'sub': 'user_3Hrwmz08BOOrE5XBraSMqfSQXxp'}
GET_CURRENT_USER: user_3Hrwmz08BOOrE5XBraSMqfSQXxp -> <app.models.core.User object at 0x000001F1A83AC1F0>
RECEIVED TOKEN: eyJhbGciOiJIUzI1NiIsInR5cCI6IkpXVCJ9.eyJleHAiOjE3OTA4NDczMjYsInN1YiI6InVzZXJfM0hyd216MDhCT09yRTVYQnJhU01xZlNRWHhwIn0.khiFzMCbjZLX9freprXaJib6n2axAqT9Y9hdXWTOQRU
DECODED PAYLOAD: {'exp': 1790847326, 'sub': 'user_3Hrwmz08BOOrE5XBraSMqfSQXxp'}
RECEIVED TOKEN: eyJhbGciOiJIUzI1NiIsInR5cCI6IkpXVCJ9.eyJleHAiOjE3OTA4NDczMjYsInN1YiI6InVzZXJfM0hyd216MDhCT09yRTVYQnJhU01xZlNRWHhwIn0.khiFzMCbjZLX9freprXaJib6n2axAqT9Y9hdXWTOQRU
DECODED PAYLOAD: {'exp': 1790847326, 'sub': 'user_3Hrwmz08BOOrE5XBraSMqfSQXxp'}
RECEIVED TOKEN: eyJhbGciOiJIUzI1NiIsInR5cCI6IkpXVCJ9.eyJleHAiOjE3OTA4NDczMjYsInN1YiI6InVzZXJfM0hyd216MDhCT09yRTVYQnJhU01xZlNRWHhwIn0.khiFzMCbjZLX9freprXaJib6n2axAqT9Y9hdXWTOQRU
DECODED PAYLOAD: {'exp': 1790847326, 'sub': 'user_3Hrwmz08BOOrE5XBraSMqfSQXxp'}
GET_CURRENT_USER: user_3Hrwmz08BOOrE5XBraSMqfSQXxp -> <app.models.core.User object at 0x000001F1A71976C0>
GET_CURRENT_USER: user_3Hrwmz08BOOrE5XBraSMqfSQXxp -> <app.models.core.User object at 0x000001F1A83ADD90>
RECEIVED TOKEN: eyJhbGciOiJIUzI1NiIsInR5cCI6IkpXVCJ9.eyJleHAiOjE3OTA4NDczMjYsInN1YiI6InVzZXJfM0hyd216MDhCT09yRTVYQnJhU01xZlNRWHhwIn0.khiFzMCbjZLX9freprXaJib6n2axAqT9Y9hdXWTOQRU
DECODED PAYLOAD: {'exp': 1790847326, 'sub': 'user_3Hrwmz08BOOrE5XBraSMqfSQXxp'}
GET_CURRENT_USER: user_3Hrwmz08BOOrE5XBraSMqfSQXxp -> <app.models.core.User object at 0x000001F1A83AF520>
RECEIVED TOKEN: eyJhbGciOiJIUzI1NiIsInR5cCI6IkpXVCJ9.eyJleHAiOjE3OTA4NDczMjYsInN1YiI6InVzZXJfM0hyd216MDhCT09yRTVYQnJhU01xZlNRWHhwIn0.khiFzMCbjZLX9freprXaJib6n2axAqT9Y9hdXWTOQRU
DECODED PAYLOAD: {'exp': 1790847326, 'sub': 'user_3Hrwmz08BOOrE5XBraSMqfSQXxp'}
GET_CURRENT_USER: user_3Hrwmz08BOOrE5XBraSMqfSQXxp -> <app.models.core.User object at 0x000001F1A83ADD90>
RECEIVED TOKEN: eyJhbGciOiJIUzI1NiIsInR5cCI6IkpXVCJ9.eyJleHAiOjE3OTA4NDczMjYsInN1YiI6InVzZXJfM0hyd216MDhCT09yRTVYQnJhU01xZlNRWHhwIn0.khiFzMCbjZLX9freprXaJib6n2axAqT9Y9hdXWTOQRU
DECODED PAYLOAD: {'exp': 1790847326, 'sub': 'user_3Hrwmz08BOOrE5XBraSMqfSQXxp'}
GET_CURRENT_USER: user_3Hrwmz08BOOrE5XBraSMqfSQXxp -> <app.models.core.User object at 0x000001C9FEACDBE0>
RECEIVED TOKEN: eyJhbGciOiJIUzI1NiIsInR5cCI6IkpXVCJ9.eyJleHAiOjE3OTA4NDczMjYsInN1YiI6InVzZXJfM0hyd216MDhCT09yRTVYQnJhU01xZlNRWHhwIn0.khiFzMCbjZLX9freprXaJib6n2axAqT9Y9hdXWTOQRU
DECODED PAYLOAD: {'exp': 1790847326, 'sub': 'user_3Hrwmz08BOOrE5XBraSMqfSQXxp'}
GET_CURRENT_USER: user_3Hrwmz08BOOrE5XBraSMqfSQXxp -> <app.models.core.User object at 0x000001C9FED48410>
RECEIVED TOKEN: eyJhbGciOiJIUzI1NiIsInR5cCI6IkpXVCJ9.eyJleHAiOjE3OTA4NDczMjYsInN1YiI6InVzZXJfM0hyd216MDhCT09yRTVYQnJhU01xZlNRWHhwIn0.khiFzMCbjZLX9freprXaJib6n2axAqT9Y9hdXWTOQRU
DECODED PAYLOAD: {'exp': 1790847326, 'sub': 'user_3Hrwmz08BOOrE5XBraSMqfSQXxp'}
RECEIVED TOKEN: eyJhbGciOiJIUzI1NiIsInR5cCI6IkpXVCJ9.eyJleHAiOjE3OTA4NDczMjYsInN1YiI6InVzZXJfM0hyd216MDhCT09yRTVYQnJhU01xZlNRWHhwIn0.khiFzMCbjZLX9freprXaJib6n2axAqT9Y9hdXWTOQRU
DECODED PAYLOAD: {'exp': 1790847326, 'sub': 'user_3Hrwmz08BOOrE5XBraSMqfSQXxp'}
GET_CURRENT_USER: user_3Hrwmz08BOOrE5XBraSMqfSQXxp -> <app.models.core.User object at 0x000001C9FED63100>
GET_CURRENT_USER: user_3Hrwmz08BOOrE5XBraSMqfSQXxp -> <app.models.core.User object at 0x000001C9FEDB9350>
RECEIVED TOKEN: eyJhbGciOiJIUzI1NiIsInR5cCI6IkpXVCJ9.eyJleHAiOjE3OTA4NDczMjYsInN1YiI6InVzZXJfM0hyd216MDhCT09yRTVYQnJhU01xZlNRWHhwIn0.khiFzMCbjZLX9freprXaJib6n2axAqT9Y9hdXWTOQRU
DECODED PAYLOAD: {'exp': 1790847326, 'sub': 'user_3Hrwmz08BOOrE5XBraSMqfSQXxp'}
GET_CURRENT_USER: user_3Hrwmz08BOOrE5XBraSMqfSQXxp -> <app.models.core.User object at 0x000001C9FEC1F9B0>
RECEIVED TOKEN: eyJhbGciOiJIUzI1NiIsInR5cCI6IkpXVCJ9.eyJleHAiOjE3OTA4NDczMjYsInN1YiI6InVzZXJfM0hyd216MDhCT09yRTVYQnJhU01xZlNRWHhwIn0.khiFzMCbjZLX9freprXaJib6n2axAqT9Y9hdXWTOQRU
DECODED PAYLOAD: {'exp': 1790847326, 'sub': 'user_3Hrwmz08BOOrE5XBraSMqfSQXxp'}
GET_CURRENT_USER: user_3Hrwmz08BOOrE5XBraSMqfSQXxp -> <app.models.core.User object at 0x000001C9FED5C7C0>
RECEIVED TOKEN: eyJhbGciOiJIUzI1NiIsInR5cCI6IkpXVCJ9.eyJleHAiOjE3OTA4NDczMjYsInN1YiI6InVzZXJfM0hyd216MDhCT09yRTVYQnJhU01xZlNRWHhwIn0.khiFzMCbjZLX9freprXaJib6n2axAqT9Y9hdXWTOQRU
DECODED PAYLOAD: {'exp': 1790847326, 'sub': 'user_3Hrwmz08BOOrE5XBraSMqfSQXxp'}
GET_CURRENT_USER: user_3Hrwmz08BOOrE5XBraSMqfSQXxp -> <app.models.core.User object at 0x000001C9FED6F050>
RECEIVED TOKEN: eyJhbGciOiJIUzI1NiIsInR5cCI6IkpXVCJ9.eyJleHAiOjE3OTA4NDczMjYsInN1YiI6InVzZXJfM0hyd216MDhCT09yRTVYQnJhU01xZlNRWHhwIn0.khiFzMCbjZLX9freprXaJib6n2axAqT9Y9hdXWTOQRU
DECODED PAYLOAD: {'exp': 1790847326, 'sub': 'user_3Hrwmz08BOOrE5XBraSMqfSQXxp'}
GET_CURRENT_USER: user_3Hrwmz08BOOrE5XBraSMqfSQXxp -> <app.models.core.User object at 0x000001C9FEDB19A0>
RECEIVED TOKEN: eyJhbGciOiJIUzI1NiIsInR5cCI6IkpXVCJ9.eyJleHAiOjE3OTA4NDczMjYsInN1YiI6InVzZXJfM0hyd216MDhCT09yRTVYQnJhU01xZlNRWHhwIn0.khiFzMCbjZLX9freprXaJib6n2axAqT9Y9hdXWTOQRU
DECODED PAYLOAD: {'exp': 1790847326, 'sub': 'user_3Hrwmz08BOOrE5XBraSMqfSQXxp'}
GET_CURRENT_USER: user_3Hrwmz08BOOrE5XBraSMqfSQXxp -> <app.models.core.User object at 0x000001C9FEDB1D60>
RECEIVED TOKEN: eyJhbGciOiJIUzI1NiIsInR5cCI6IkpXVCJ9.eyJleHAiOjE3OTA4NDczMjYsInN1YiI6InVzZXJfM0hyd216MDhCT09yRTVYQnJhU01xZlNRWHhwIn0.khiFzMCbjZLX9freprXaJib6n2axAqT9Y9hdXWTOQRU
DECODED PAYLOAD: {'exp': 1790847326, 'sub': 'user_3Hrwmz08BOOrE5XBraSMqfSQXxp'}
GET_CURRENT_USER: user_3Hrwmz08BOOrE5XBraSMqfSQXxp -> <app.models.core.User object at 0x000001C9FEDBCC90>
RECEIVED TOKEN: eyJhbGciOiJIUzI1NiIsInR5cCI6IkpXVCJ9.eyJleHAiOjE3OTA4NDczMjYsInN1YiI6InVzZXJfM0hyd216MDhCT09yRTVYQnJhU01xZlNRWHhwIn0.khiFzMCbjZLX9freprXaJib6n2axAqT9Y9hdXWTOQRU
DECODED PAYLOAD: {'exp': 1790847326, 'sub': 'user_3Hrwmz08BOOrE5XBraSMqfSQXxp'}
GET_CURRENT_USER: user_3Hrwmz08BOOrE5XBraSMqfSQXxp -> <app.models.core.User object at 0x000001C9FED7CF30>
RECEIVED TOKEN: eyJhbGciOiJIUzI1NiIsInR5cCI6IkpXVCJ9.eyJleHAiOjE3OTA4NDczMjYsInN1YiI6InVzZXJfM0hyd216MDhCT09yRTVYQnJhU01xZlNRWHhwIn0.khiFzMCbjZLX9freprXaJib6n2axAqT9Y9hdXWTOQRU
DECODED PAYLOAD: {'exp': 1790847326, 'sub': 'user_3Hrwmz08BOOrE5XBraSMqfSQXxp'}
GET_CURRENT_USER: user_3Hrwmz08BOOrE5XBraSMqfSQXxp -> <app.models.core.User object at 0x000001C9FED95D90>
RECEIVED TOKEN: eyJhbGciOiJIUzI1NiIsInR5cCI6IkpXVCJ9.eyJleHAiOjE3OTA4NDczMjYsInN1YiI6InVzZXJfM0hyd216MDhCT09yRTVYQnJhU01xZlNRWHhwIn0.khiFzMCbjZLX9freprXaJib6n2axAqT9Y9hdXWTOQRU
DECODED PAYLOAD: {'exp': 1790847326, 'sub': 'user_3Hrwmz08BOOrE5XBraSMqfSQXxp'}
GET_CURRENT_USER: user_3Hrwmz08BOOrE5XBraSMqfSQXxp -> <app.models.core.User object at 0x000001C9FED96270>
RECEIVED TOKEN: eyJhbGciOiJIUzI1NiIsInR5cCI6IkpXVCJ9.eyJleHAiOjE3OTA4NDczMjYsInN1YiI6InVzZXJfM0hyd216MDhCT09yRTVYQnJhU01xZlNRWHhwIn0.khiFzMCbjZLX9freprXaJib6n2axAqT9Y9hdXWTOQRU
DECODED PAYLOAD: {'exp': 1790847326, 'sub': 'user_3Hrwmz08BOOrE5XBraSMqfSQXxp'}
RECEIVED TOKEN: eyJhbGciOiJIUzI1NiIsInR5cCI6IkpXVCJ9.eyJleHAiOjE3OTA4NDczMjYsInN1YiI6InVzZXJfM0hyd216MDhCT09yRTVYQnJhU01xZlNRWHhwIn0.khiFzMCbjZLX9freprXaJib6n2axAqT9Y9hdXWTOQRU
DECODED PAYLOAD: {'exp': 1790847326, 'sub': 'user_3Hrwmz08BOOrE5XBraSMqfSQXxp'}
RECEIVED TOKEN: eyJhbGciOiJIUzI1NiIsInR5cCI6IkpXVCJ9.eyJleHAiOjE3OTA4NDczMjYsInN1YiI6InVzZXJfM0hyd216MDhCT09yRTVYQnJhU01xZlNRWHhwIn0.khiFzMCbjZLX9freprXaJib6n2axAqT9Y9hdXWTOQRU
DECODED PAYLOAD: {'exp': 1790847326, 'sub': 'user_3Hrwmz08BOOrE5XBraSMqfSQXxp'}
GET_CURRENT_USER: user_3Hrwmz08BOOrE5XBraSMqfSQXxp -> <app.models.core.User object at 0x000001C9FED961A0>
GET_CURRENT_USER: user_3Hrwmz08BOOrE5XBraSMqfSQXxp -> <app.models.core.User object at 0x000001C9FEA6F110>
RECEIVED TOKEN: eyJhbGciOiJIUzI1NiIsInR5cCI6IkpXVCJ9.eyJleHAiOjE3OTA4NDczMjYsInN1YiI6InVzZXJfM0hyd216MDhCT09yRTVYQnJhU01xZlNRWHhwIn0.khiFzMCbjZLX9freprXaJib6n2axAqT9Y9hdXWTOQRU
DECODED PAYLOAD: {'exp': 1790847326, 'sub': 'user_3Hrwmz08BOOrE5XBraSMqfSQXxp'}
GET_CURRENT_USER: user_3Hrwmz08BOOrE5XBraSMqfSQXxp -> <app.models.core.User object at 0x000001C9FED96750>
RECEIVED TOKEN: eyJhbGciOiJIUzI1NiIsInR5cCI6IkpXVCJ9.eyJleHAiOjE3OTA4NDczMjYsInN1YiI6InVzZXJfM0hyd216MDhCT09yRTVYQnJhU01xZlNRWHhwIn0.khiFzMCbjZLX9freprXaJib6n2axAqT9Y9hdXWTOQRU
DECODED PAYLOAD: {'exp': 1790847326, 'sub': 'user_3Hrwmz08BOOrE5XBraSMqfSQXxp'}
GET_CURRENT_USER: user_3Hrwmz08BOOrE5XBraSMqfSQXxp -> <app.models.core.User object at 0x000001C9FED95BF0>
RECEIVED TOKEN: eyJhbGciOiJIUzI1NiIsInR5cCI6IkpXVCJ9.eyJleHAiOjE3OTA4NDczMjYsInN1YiI6InVzZXJfM0hyd216MDhCT09yRTVYQnJhU01xZlNRWHhwIn0.khiFzMCbjZLX9freprXaJib6n2axAqT9Y9hdXWTOQRU
DECODED PAYLOAD: {'exp': 1790847326, 'sub': 'user_3Hrwmz08BOOrE5XBraSMqfSQXxp'}
RECEIVED TOKEN: eyJhbGciOiJIUzI1NiIsInR5cCI6IkpXVCJ9.eyJleHAiOjE3OTA4NDczMjYsInN1YiI6InVzZXJfM0hyd216MDhCT09yRTVYQnJhU01xZlNRWHhwIn0.khiFzMCbjZLX9freprXaJib6n2axAqT9Y9hdXWTOQRU
DECODED PAYLOAD: {'exp': 1790847326, 'sub': 'user_3Hrwmz08BOOrE5XBraSMqfSQXxp'}
RECEIVED TOKEN: eyJhbGciOiJIUzI1NiIsInR5cCI6IkpXVCJ9.eyJleHAiOjE3OTA4NDczMjYsInN1YiI6InVzZXJfM0hyd216MDhCT09yRTVYQnJhU01xZlNRWHhwIn0.khiFzMCbjZLX9freprXaJib6n2axAqT9Y9hdXWTOQRU
DECODED PAYLOAD: {'exp': 1790847326, 'sub': 'user_3Hrwmz08BOOrE5XBraSMqfSQXxp'}
GET_CURRENT_USER: user_3Hrwmz08BOOrE5XBraSMqfSQXxp -> <app.models.core.User object at 0x000001C9FED94870>
GET_CURRENT_USER: user_3Hrwmz08BOOrE5XBraSMqfSQXxp -> <app.models.core.User object at 0x000001C9FED96750>
RECEIVED TOKEN: eyJhbGciOiJIUzI1NiIsInR5cCI6IkpXVCJ9.eyJleHAiOjE3OTA4NDczMjYsInN1YiI6InVzZXJfM0hyd216MDhCT09yRTVYQnJhU01xZlNRWHhwIn0.khiFzMCbjZLX9freprXaJib6n2axAqT9Y9hdXWTOQRU
DECODED PAYLOAD: {'exp': 1790847326, 'sub': 'user_3Hrwmz08BOOrE5XBraSMqfSQXxp'}
GET_CURRENT_USER: user_3Hrwmz08BOOrE5XBraSMqfSQXxp -> <app.models.core.User object at 0x000001C9FED94460>
RECEIVED TOKEN: eyJhbGciOiJIUzI1NiIsInR5cCI6IkpXVCJ9.eyJleHAiOjE3OTA4NDczMjYsInN1YiI6InVzZXJfM0hyd216MDhCT09yRTVYQnJhU01xZlNRWHhwIn0.khiFzMCbjZLX9freprXaJib6n2axAqT9Y9hdXWTOQRU
DECODED PAYLOAD: {'exp': 1790847326, 'sub': 'user_3Hrwmz08BOOrE5XBraSMqfSQXxp'}
RECEIVED TOKEN: eyJhbGciOiJIUzI1NiIsInR5cCI6IkpXVCJ9.eyJleHAiOjE3OTA4NDczMjYsInN1YiI6InVzZXJfM0hyd216MDhCT09yRTVYQnJhU01xZlNRWHhwIn0.khiFzMCbjZLX9freprXaJib6n2axAqT9Y9hdXWTOQRU
DECODED PAYLOAD: {'exp': 1790847326, 'sub': 'user_3Hrwmz08BOOrE5XBraSMqfSQXxp'}
GET_CURRENT_USER: user_3Hrwmz08BOOrE5XBraSMqfSQXxp -> <app.models.core.User object at 0x000001C9FED95300>
GET_CURRENT_USER: user_3Hrwmz08BOOrE5XBraSMqfSQXxp -> <app.models.core.User object at 0x000001C9FED94D50>
RECEIVED TOKEN: eyJhbGciOiJIUzI1NiIsInR5cCI6IkpXVCJ9.eyJleHAiOjE3OTA4NDczMjYsInN1YiI6InVzZXJfM0hyd216MDhCT09yRTVYQnJhU01xZlNRWHhwIn0.khiFzMCbjZLX9freprXaJib6n2axAqT9Y9hdXWTOQRU
DECODED PAYLOAD: {'exp': 1790847326, 'sub': 'user_3Hrwmz08BOOrE5XBraSMqfSQXxp'}
GET_CURRENT_USER: user_3Hrwmz08BOOrE5XBraSMqfSQXxp -> <app.models.core.User object at 0x000001C9FEA6F860>
RECEIVED TOKEN: eyJhbGciOiJIUzI1NiIsInR5cCI6IkpXVCJ9.eyJleHAiOjE3OTA4NDczMjYsInN1YiI6InVzZXJfM0hyd216MDhCT09yRTVYQnJhU01xZlNRWHhwIn0.khiFzMCbjZLX9freprXaJib6n2axAqT9Y9hdXWTOQRU
DECODED PAYLOAD: {'exp': 1790847326, 'sub': 'user_3Hrwmz08BOOrE5XBraSMqfSQXxp'}
RECEIVED TOKEN: eyJhbGciOiJIUzI1NiIsInR5cCI6IkpXVCJ9.eyJleHAiOjE3OTA4NDczMjYsInN1YiI6InVzZXJfM0hyd216MDhCT09yRTVYQnJhU01xZlNRWHhwIn0.khiFzMCbjZLX9freprXaJib6n2axAqT9Y9hdXWTOQRU
DECODED PAYLOAD: {'exp': 1790847326, 'sub': 'user_3Hrwmz08BOOrE5XBraSMqfSQXxp'}
GET_CURRENT_USER: user_3Hrwmz08BOOrE5XBraSMqfSQXxp -> <app.models.core.User object at 0x000001C9FED953D0>
GET_CURRENT_USER: user_3Hrwmz08BOOrE5XBraSMqfSQXxp -> <app.models.core.User object at 0x000001C9FED94FC0>
RECEIVED TOKEN: eyJhbGciOiJIUzI1NiIsInR5cCI6IkpXVCJ9.eyJleHAiOjE3OTA4NDczMjYsInN1YiI6InVzZXJfM0hyd216MDhCT09yRTVYQnJhU01xZlNRWHhwIn0.khiFzMCbjZLX9freprXaJib6n2axAqT9Y9hdXWTOQRU
DECODED PAYLOAD: {'exp': 1790847326, 'sub': 'user_3Hrwmz08BOOrE5XBraSMqfSQXxp'}
GET_CURRENT_USER: user_3Hrwmz08BOOrE5XBraSMqfSQXxp -> <app.models.core.User object at 0x000001C9FEA6F930>
RECEIVED TOKEN: eyJhbGciOiJIUzI1NiIsInR5cCI6IkpXVCJ9.eyJleHAiOjE3OTA4NDczMjYsInN1YiI6InVzZXJfM0hyd216MDhCT09yRTVYQnJhU01xZlNRWHhwIn0.khiFzMCbjZLX9freprXaJib6n2axAqT9Y9hdXWTOQRU
DECODED PAYLOAD: {'exp': 1790847326, 'sub': 'user_3Hrwmz08BOOrE5XBraSMqfSQXxp'}
GET_CURRENT_USER: user_3Hrwmz08BOOrE5XBraSMqfSQXxp -> <app.models.core.User object at 0x000001C9FED965B0>
RECEIVED TOKEN: eyJhbGciOiJIUzI1NiIsInR5cCI6IkpXVCJ9.eyJleHAiOjE3OTA4NDczMjYsInN1YiI6InVzZXJfM0hyd216MDhCT09yRTVYQnJhU01xZlNRWHhwIn0.khiFzMCbjZLX9freprXaJib6n2axAqT9Y9hdXWTOQRU
DECODED PAYLOAD: {'exp': 1790847326, 'sub': 'user_3Hrwmz08BOOrE5XBraSMqfSQXxp'}
GET_CURRENT_USER: user_3Hrwmz08BOOrE5XBraSMqfSQXxp -> <app.models.core.User object at 0x000001C9FEA6EA90>
RECEIVED TOKEN: eyJhbGciOiJIUzI1NiIsInR5cCI6IkpXVCJ9.eyJleHAiOjE3OTA4NDczMjYsInN1YiI6InVzZXJfM0hyd216MDhCT09yRTVYQnJhU01xZlNRWHhwIn0.khiFzMCbjZLX9freprXaJib6n2axAqT9Y9hdXWTOQRU
DECODED PAYLOAD: {'exp': 1790847326, 'sub': 'user_3Hrwmz08BOOrE5XBraSMqfSQXxp'}
GET_CURRENT_USER: user_3Hrwmz08BOOrE5XBraSMqfSQXxp -> <app.models.core.User object at 0x000001C9FEA6C460>
RECEIVED TOKEN: eyJhbGciOiJIUzI1NiIsInR5cCI6IkpXVCJ9.eyJleHAiOjE3OTA4NDczMjYsInN1YiI6InVzZXJfM0hyd216MDhCT09yRTVYQnJhU01xZlNRWHhwIn0.khiFzMCbjZLX9freprXaJib6n2axAqT9Y9hdXWTOQRU
DECODED PAYLOAD: {'exp': 1790847326, 'sub': 'user_3Hrwmz08BOOrE5XBraSMqfSQXxp'}
GET_CURRENT_USER: user_3Hrwmz08BOOrE5XBraSMqfSQXxp -> <app.models.core.User object at 0x000001C9FEA6EA90>
RECEIVED TOKEN: eyJhbGciOiJIUzI1NiIsInR5cCI6IkpXVCJ9.eyJleHAiOjE3OTA4NDczMjYsInN1YiI6InVzZXJfM0hyd216MDhCT09yRTVYQnJhU01xZlNRWHhwIn0.khiFzMCbjZLX9freprXaJib6n2axAqT9Y9hdXWTOQRU
DECODED PAYLOAD: {'exp': 1790847326, 'sub': 'user_3Hrwmz08BOOrE5XBraSMqfSQXxp'}
GET_CURRENT_USER: user_3Hrwmz08BOOrE5XBraSMqfSQXxp -> <app.models.core.User object at 0x000001C9FEA6EA90>
RECEIVED TOKEN: eyJhbGciOiJIUzI1NiIsInR5cCI6IkpXVCJ9.eyJleHAiOjE3OTA4NDczMjYsInN1YiI6InVzZXJfM0hyd216MDhCT09yRTVYQnJhU01xZlNRWHhwIn0.khiFzMCbjZLX9freprXaJib6n2axAqT9Y9hdXWTOQRU
DECODED PAYLOAD: {'exp': 1790847326, 'sub': 'user_3Hrwmz08BOOrE5XBraSMqfSQXxp'}
GET_CURRENT_USER: user_3Hrwmz08BOOrE5XBraSMqfSQXxp -> <app.models.core.User object at 0x000001C9FED95710>
RECEIVED TOKEN: eyJhbGciOiJIUzI1NiIsInR5cCI6IkpXVCJ9.eyJleHAiOjE3OTA4NDczMjYsInN1YiI6InVzZXJfM0hyd216MDhCT09yRTVYQnJhU01xZlNRWHhwIn0.khiFzMCbjZLX9freprXaJib6n2axAqT9Y9hdXWTOQRU
DECODED PAYLOAD: {'exp': 1790847326, 'sub': 'user_3Hrwmz08BOOrE5XBraSMqfSQXxp'}
GET_CURRENT_USER: user_3Hrwmz08BOOrE5XBraSMqfSQXxp -> <app.models.core.User object at 0x000001C9FED95D90>
RECEIVED TOKEN: eyJhbGciOiJIUzI1NiIsInR5cCI6IkpXVCJ9.eyJleHAiOjE3OTA4NDczMjYsInN1YiI6InVzZXJfM0hyd216MDhCT09yRTVYQnJhU01xZlNRWHhwIn0.khiFzMCbjZLX9freprXaJib6n2axAqT9Y9hdXWTOQRU
DECODED PAYLOAD: {'exp': 1790847326, 'sub': 'user_3Hrwmz08BOOrE5XBraSMqfSQXxp'}
GET_CURRENT_USER: user_3Hrwmz08BOOrE5XBraSMqfSQXxp -> <app.models.core.User object at 0x000001C9FED94390>
RECEIVED TOKEN: eyJhbGciOiJIUzI1NiIsInR5cCI6IkpXVCJ9.eyJleHAiOjE3OTA4NDczMjYsInN1YiI6InVzZXJfM0hyd216MDhCT09yRTVYQnJhU01xZlNRWHhwIn0.khiFzMCbjZLX9freprXaJib6n2axAqT9Y9hdXWTOQRU
DECODED PAYLOAD: {'exp': 1790847326, 'sub': 'user_3Hrwmz08BOOrE5XBraSMqfSQXxp'}
GET_CURRENT_USER: user_3Hrwmz08BOOrE5XBraSMqfSQXxp -> <app.models.core.User object at 0x000001C9FEA6C460>
RECEIVED TOKEN: eyJhbGciOiJIUzI1NiIsInR5cCI6IkpXVCJ9.eyJleHAiOjE3OTA4NDczMjYsInN1YiI6InVzZXJfM0hyd216MDhCT09yRTVYQnJhU01xZlNRWHhwIn0.khiFzMCbjZLX9freprXaJib6n2axAqT9Y9hdXWTOQRU
DECODED PAYLOAD: {'exp': 1790847326, 'sub': 'user_3Hrwmz08BOOrE5XBraSMqfSQXxp'}
RECEIVED TOKEN: eyJhbGciOiJIUzI1NiIsInR5cCI6IkpXVCJ9.eyJleHAiOjE3OTA4NDczMjYsInN1YiI6InVzZXJfM0hyd216MDhCT09yRTVYQnJhU01xZlNRWHhwIn0.khiFzMCbjZLX9freprXaJib6n2axAqT9Y9hdXWTOQRU
DECODED PAYLOAD: {'exp': 1790847326, 'sub': 'user_3Hrwmz08BOOrE5XBraSMqfSQXxp'}
RECEIVED TOKEN: eyJhbGciOiJIUzI1NiIsInR5cCI6IkpXVCJ9.eyJleHAiOjE3OTA4NDczMjYsInN1YiI6InVzZXJfM0hyd216MDhCT09yRTVYQnJhU01xZlNRWHhwIn0.khiFzMCbjZLX9freprXaJib6n2axAqT9Y9hdXWTOQRU
DECODED PAYLOAD: {'exp': 1790847326, 'sub': 'user_3Hrwmz08BOOrE5XBraSMqfSQXxp'}
GET_CURRENT_USER: user_3Hrwmz08BOOrE5XBraSMqfSQXxp -> <app.models.core.User object at 0x000001C9FED95300>
GET_CURRENT_USER: user_3Hrwmz08BOOrE5XBraSMqfSQXxp -> <app.models.core.User object at 0x000001C9FED957E0>
RECEIVED TOKEN: eyJhbGciOiJIUzI1NiIsInR5cCI6IkpXVCJ9.eyJleHAiOjE3OTA4NDczMjYsInN1YiI6InVzZXJfM0hyd216MDhCT09yRTVYQnJhU01xZlNRWHhwIn0.khiFzMCbjZLX9freprXaJib6n2axAqT9Y9hdXWTOQRU
DECODED PAYLOAD: {'exp': 1790847326, 'sub': 'user_3Hrwmz08BOOrE5XBraSMqfSQXxp'}
GET_CURRENT_USER: user_3Hrwmz08BOOrE5XBraSMqfSQXxp -> <app.models.core.User object at 0x000001C9FEA6F930>
RECEIVED TOKEN: eyJhbGciOiJIUzI1NiIsInR5cCI6IkpXVCJ9.eyJleHAiOjE3OTA4NDczMjYsInN1YiI6InVzZXJfM0hyd216MDhCT09yRTVYQnJhU01xZlNRWHhwIn0.khiFzMCbjZLX9freprXaJib6n2axAqT9Y9hdXWTOQRU
DECODED PAYLOAD: {'exp': 1790847326, 'sub': 'user_3Hrwmz08BOOrE5XBraSMqfSQXxp'}
RECEIVED TOKEN: eyJhbGciOiJIUzI1NiIsInR5cCI6IkpXVCJ9.eyJleHAiOjE3OTA4NDczMjYsInN1YiI6InVzZXJfM0hyd216MDhCT09yRTVYQnJhU01xZlNRWHhwIn0.khiFzMCbjZLX9freprXaJib6n2axAqT9Y9hdXWTOQRU
DECODED PAYLOAD: {'exp': 1790847326, 'sub': 'user_3Hrwmz08BOOrE5XBraSMqfSQXxp'}
GET_CURRENT_USER: user_3Hrwmz08BOOrE5XBraSMqfSQXxp -> <app.models.core.User object at 0x000001C9FED94390>
GET_CURRENT_USER: user_3Hrwmz08BOOrE5XBraSMqfSQXxp -> <app.models.core.User object at 0x000001C9FED94BB0>
RECEIVED TOKEN: eyJhbGciOiJIUzI1NiIsInR5cCI6IkpXVCJ9.eyJleHAiOjE3OTA4NDczMjYsInN1YiI6InVzZXJfM0hyd216MDhCT09yRTVYQnJhU01xZlNRWHhwIn0.khiFzMCbjZLX9freprXaJib6n2axAqT9Y9hdXWTOQRU
DECODED PAYLOAD: {'exp': 1790847326, 'sub': 'user_3Hrwmz08BOOrE5XBraSMqfSQXxp'}
GET_CURRENT_USER: user_3Hrwmz08BOOrE5XBraSMqfSQXxp -> <app.models.core.User object at 0x000001C9FEA6C460>
RECEIVED TOKEN: eyJhbGciOiJIUzI1NiIsInR5cCI6IkpXVCJ9.eyJleHAiOjE3OTA4NDczMjYsInN1YiI6InVzZXJfM0hyd216MDhCT09yRTVYQnJhU01xZlNRWHhwIn0.khiFzMCbjZLX9freprXaJib6n2axAqT9Y9hdXWTOQRU
DECODED PAYLOAD: {'exp': 1790847326, 'sub': 'user_3Hrwmz08BOOrE5XBraSMqfSQXxp'}
GET_CURRENT_USER: user_3Hrwmz08BOOrE5XBraSMqfSQXxp -> <app.models.core.User object at 0x000001C9FEA6F110>
RECEIVED TOKEN: eyJhbGciOiJIUzI1NiIsInR5cCI6IkpXVCJ9.eyJleHAiOjE3OTA4NDczMjYsInN1YiI6InVzZXJfM0hyd216MDhCT09yRTVYQnJhU01xZlNRWHhwIn0.khiFzMCbjZLX9freprXaJib6n2axAqT9Y9hdXWTOQRU
DECODED PAYLOAD: {'exp': 1790847326, 'sub': 'user_3Hrwmz08BOOrE5XBraSMqfSQXxp'}
GET_CURRENT_USER: user_3Hrwmz08BOOrE5XBraSMqfSQXxp -> <app.models.core.User object at 0x000001C9FED94940>
RECEIVED TOKEN: eyJhbGciOiJIUzI1NiIsInR5cCI6IkpXVCJ9.eyJleHAiOjE3OTA4NDczMjYsInN1YiI6InVzZXJfM0hyd216MDhCT09yRTVYQnJhU01xZlNRWHhwIn0.khiFzMCbjZLX9freprXaJib6n2axAqT9Y9hdXWTOQRU
DECODED PAYLOAD: {'exp': 1790847326, 'sub': 'user_3Hrwmz08BOOrE5XBraSMqfSQXxp'}
GET_CURRENT_USER: user_3Hrwmz08BOOrE5XBraSMqfSQXxp -> <app.models.core.User object at 0x000001C9FED96A90>
RECEIVED TOKEN: eyJhbGciOiJIUzI1NiIsInR5cCI6IkpXVCJ9.eyJleHAiOjE3OTA4NDczMjYsInN1YiI6InVzZXJfM0hyd216MDhCT09yRTVYQnJhU01xZlNRWHhwIn0.khiFzMCbjZLX9freprXaJib6n2axAqT9Y9hdXWTOQRU
DECODED PAYLOAD: {'exp': 1790847326, 'sub': 'user_3Hrwmz08BOOrE5XBraSMqfSQXxp'}
RECEIVED TOKEN: eyJhbGciOiJIUzI1NiIsInR5cCI6IkpXVCJ9.eyJleHAiOjE3OTA4NDczMjYsInN1YiI6InVzZXJfM0hyd216MDhCT09yRTVYQnJhU01xZlNRWHhwIn0.khiFzMCbjZLX9freprXaJib6n2axAqT9Y9hdXWTOQRU
DECODED PAYLOAD: {'exp': 1790847326, 'sub': 'user_3Hrwmz08BOOrE5XBraSMqfSQXxp'}
GET_CURRENT_USER: user_3Hrwmz08BOOrE5XBraSMqfSQXxp -> <app.models.core.User object at 0x000001C9FED96F70>
RECEIVED TOKEN: eyJhbGciOiJIUzI1NiIsInR5cCI6IkpXVCJ9.eyJleHAiOjE3OTA4NDczMjYsInN1YiI6InVzZXJfM0hyd216MDhCT09yRTVYQnJhU01xZlNRWHhwIn0.khiFzMCbjZLX9freprXaJib6n2axAqT9Y9hdXWTOQRU
DECODED PAYLOAD: {'exp': 1790847326, 'sub': 'user_3Hrwmz08BOOrE5XBraSMqfSQXxp'}
GET_CURRENT_USER: user_3Hrwmz08BOOrE5XBraSMqfSQXxp -> <app.models.core.User object at 0x000001C9FED96680>
GET_CURRENT_USER: user_3Hrwmz08BOOrE5XBraSMqfSQXxp -> <app.models.core.User object at 0x000001C980FE8940>
RECEIVED TOKEN: eyJhbGciOiJIUzI1NiIsInR5cCI6IkpXVCJ9.eyJleHAiOjE3OTA4NDczMjYsInN1YiI6InVzZXJfM0hyd216MDhCT09yRTVYQnJhU01xZlNRWHhwIn0.khiFzMCbjZLX9freprXaJib6n2axAqT9Y9hdXWTOQRU
DECODED PAYLOAD: {'exp': 1790847326, 'sub': 'user_3Hrwmz08BOOrE5XBraSMqfSQXxp'}
GET_CURRENT_USER: user_3Hrwmz08BOOrE5XBraSMqfSQXxp -> <app.models.core.User object at 0x000001C980FE81F0>
RECEIVED TOKEN: eyJhbGciOiJIUzI1NiIsInR5cCI6IkpXVCJ9.eyJleHAiOjE3OTA4NDczMjYsInN1YiI6InVzZXJfM0hyd216MDhCT09yRTVYQnJhU01xZlNRWHhwIn0.khiFzMCbjZLX9freprXaJib6n2axAqT9Y9hdXWTOQRU
DECODED PAYLOAD: {'exp': 1790847326, 'sub': 'user_3Hrwmz08BOOrE5XBraSMqfSQXxp'}
GET_CURRENT_USER: user_3Hrwmz08BOOrE5XBraSMqfSQXxp -> <app.models.core.User object at 0x000001C9FED94390>
RECEIVED TOKEN: eyJhbGciOiJIUzI1NiIsInR5cCI6IkpXVCJ9.eyJleHAiOjE3OTA4NDczMjYsInN1YiI6InVzZXJfM0hyd216MDhCT09yRTVYQnJhU01xZlNRWHhwIn0.khiFzMCbjZLX9freprXaJib6n2axAqT9Y9hdXWTOQRU
DECODED PAYLOAD: {'exp': 1790847326, 'sub': 'user_3Hrwmz08BOOrE5XBraSMqfSQXxp'}
GET_CURRENT_USER: user_3Hrwmz08BOOrE5XBraSMqfSQXxp -> <app.models.core.User object at 0x000001C980FE8390>
RECEIVED TOKEN: eyJhbGciOiJIUzI1NiIsInR5cCI6IkpXVCJ9.eyJleHAiOjE3OTA4NDczMjYsInN1YiI6InVzZXJfM0hyd216MDhCT09yRTVYQnJhU01xZlNRWHhwIn0.khiFzMCbjZLX9freprXaJib6n2axAqT9Y9hdXWTOQRU
DECODED PAYLOAD: {'exp': 1790847326, 'sub': 'user_3Hrwmz08BOOrE5XBraSMqfSQXxp'}
GET_CURRENT_USER: user_3Hrwmz08BOOrE5XBraSMqfSQXxp -> <app.models.core.User object at 0x000001C9FED969C0>
RECEIVED TOKEN: eyJhbGciOiJIUzI1NiIsInR5cCI6IkpXVCJ9.eyJleHAiOjE3OTA4NDczMjYsInN1YiI6InVzZXJfM0hyd216MDhCT09yRTVYQnJhU01xZlNRWHhwIn0.khiFzMCbjZLX9freprXaJib6n2axAqT9Y9hdXWTOQRU
DECODED PAYLOAD: {'exp': 1790847326, 'sub': 'user_3Hrwmz08BOOrE5XBraSMqfSQXxp'}
GET_CURRENT_USER: user_3Hrwmz08BOOrE5XBraSMqfSQXxp -> <app.models.core.User object at 0x000001C980FE87A0>
RECEIVED TOKEN: eyJhbGciOiJIUzI1NiIsInR5cCI6IkpXVCJ9.eyJleHAiOjE3OTA4NDczMjYsInN1YiI6InVzZXJfM0hyd216MDhCT09yRTVYQnJhU01xZlNRWHhwIn0.khiFzMCbjZLX9freprXaJib6n2axAqT9Y9hdXWTOQRU
DECODED PAYLOAD: {'exp': 1790847326, 'sub': 'user_3Hrwmz08BOOrE5XBraSMqfSQXxp'}
GET_CURRENT_USER: user_3Hrwmz08BOOrE5XBraSMqfSQXxp -> <app.models.core.User object at 0x000001C9FED975F0>
RECEIVED TOKEN: eyJhbGciOiJIUzI1NiIsInR5cCI6IkpXVCJ9.eyJleHAiOjE3OTA4NDczMjYsInN1YiI6InVzZXJfM0hyd216MDhCT09yRTVYQnJhU01xZlNRWHhwIn0.khiFzMCbjZLX9freprXaJib6n2axAqT9Y9hdXWTOQRU
DECODED PAYLOAD: {'exp': 1790847326, 'sub': 'user_3Hrwmz08BOOrE5XBraSMqfSQXxp'}
GET_CURRENT_USER: user_3Hrwmz08BOOrE5XBraSMqfSQXxp -> <app.models.core.User object at 0x000001C980FE9D90>
RECEIVED TOKEN: eyJhbGciOiJIUzI1NiIsInR5cCI6IkpXVCJ9.eyJleHAiOjE3OTA4NDczMjYsInN1YiI6InVzZXJfM0hyd216MDhCT09yRTVYQnJhU01xZlNRWHhwIn0.khiFzMCbjZLX9freprXaJib6n2axAqT9Y9hdXWTOQRU
DECODED PAYLOAD: {'exp': 1790847326, 'sub': 'user_3Hrwmz08BOOrE5XBraSMqfSQXxp'}
GET_CURRENT_USER: user_3Hrwmz08BOOrE5XBraSMqfSQXxp -> <app.models.core.User object at 0x000001C9FED946D0>
RECEIVED TOKEN: eyJhbGciOiJIUzI1NiIsInR5cCI6IkpXVCJ9.eyJleHAiOjE3OTA4NDczMjYsInN1YiI6InVzZXJfM0hyd216MDhCT09yRTVYQnJhU01xZlNRWHhwIn0.khiFzMCbjZLX9freprXaJib6n2axAqT9Y9hdXWTOQRU
DECODED PAYLOAD: {'exp': 1790847326, 'sub': 'user_3Hrwmz08BOOrE5XBraSMqfSQXxp'}
GET_CURRENT_USER: user_3Hrwmz08BOOrE5XBraSMqfSQXxp -> <app.models.core.User object at 0x000001C980FEA000>
RECEIVED TOKEN: eyJhbGciOiJIUzI1NiIsInR5cCI6IkpXVCJ9.eyJleHAiOjE3OTA4NDczMjYsInN1YiI6InVzZXJfM0hyd216MDhCT09yRTVYQnJhU01xZlNRWHhwIn0.khiFzMCbjZLX9freprXaJib6n2axAqT9Y9hdXWTOQRU
DECODED PAYLOAD: {'exp': 1790847326, 'sub': 'user_3Hrwmz08BOOrE5XBraSMqfSQXxp'}
GET_CURRENT_USER: user_3Hrwmz08BOOrE5XBraSMqfSQXxp -> <app.models.core.User object at 0x000001C9FED96F70>
RECEIVED TOKEN: eyJhbGciOiJIUzI1NiIsInR5cCI6IkpXVCJ9.eyJleHAiOjE3OTA4NDczMjYsInN1YiI6InVzZXJfM0hyd216MDhCT09yRTVYQnJhU01xZlNRWHhwIn0.khiFzMCbjZLX9freprXaJib6n2axAqT9Y9hdXWTOQRU
DECODED PAYLOAD: {'exp': 1790847326, 'sub': 'user_3Hrwmz08BOOrE5XBraSMqfSQXxp'}
GET_CURRENT_USER: user_3Hrwmz08BOOrE5XBraSMqfSQXxp -> <app.models.core.User object at 0x000001C980FEA270>
RECEIVED TOKEN: eyJhbGciOiJIUzI1NiIsInR5cCI6IkpXVCJ9.eyJleHAiOjE3OTA4NDczMjYsInN1YiI6InVzZXJfM0hyd216MDhCT09yRTVYQnJhU01xZlNRWHhwIn0.khiFzMCbjZLX9freprXaJib6n2axAqT9Y9hdXWTOQRU
DECODED PAYLOAD: {'exp': 1790847326, 'sub': 'user_3Hrwmz08BOOrE5XBraSMqfSQXxp'}
GET_CURRENT_USER: user_3Hrwmz08BOOrE5XBraSMqfSQXxp -> <app.models.core.User object at 0x000001C9FED96410>
RECEIVED TOKEN: eyJhbGciOiJIUzI1NiIsInR5cCI6IkpXVCJ9.eyJleHAiOjE3OTA4NDczMjYsInN1YiI6InVzZXJfM0hyd216MDhCT09yRTVYQnJhU01xZlNRWHhwIn0.khiFzMCbjZLX9freprXaJib6n2axAqT9Y9hdXWTOQRU
DECODED PAYLOAD: {'exp': 1790847326, 'sub': 'user_3Hrwmz08BOOrE5XBraSMqfSQXxp'}
GET_CURRENT_USER: user_3Hrwmz08BOOrE5XBraSMqfSQXxp -> <app.models.core.User object at 0x000001C980FE8C80>
RECEIVED TOKEN: eyJhbGciOiJIUzI1NiIsInR5cCI6IkpXVCJ9.eyJleHAiOjE3OTA4NDczMjYsInN1YiI6InVzZXJfM0hyd216MDhCT09yRTVYQnJhU01xZlNRWHhwIn0.khiFzMCbjZLX9freprXaJib6n2axAqT9Y9hdXWTOQRU
DECODED PAYLOAD: {'exp': 1790847326, 'sub': 'user_3Hrwmz08BOOrE5XBraSMqfSQXxp'}
GET_CURRENT_USER: user_3Hrwmz08BOOrE5XBraSMqfSQXxp -> <app.models.core.User object at 0x000001C98112E9C0>
RECEIVED TOKEN: eyJhbGciOiJIUzI1NiIsInR5cCI6IkpXVCJ9.eyJleHAiOjE3OTA4NDczMjYsInN1YiI6InVzZXJfM0hyd216MDhCT09yRTVYQnJhU01xZlNRWHhwIn0.khiFzMCbjZLX9freprXaJib6n2axAqT9Y9hdXWTOQRU
DECODED PAYLOAD: {'exp': 1790847326, 'sub': 'user_3Hrwmz08BOOrE5XBraSMqfSQXxp'}
GET_CURRENT_USER: user_3Hrwmz08BOOrE5XBraSMqfSQXxp -> <app.models.core.User object at 0x000001C980FE8940>
RECEIVED TOKEN: eyJhbGciOiJIUzI1NiIsInR5cCI6IkpXVCJ9.eyJleHAiOjE3OTA4NDczMjYsInN1YiI6InVzZXJfM0hyd216MDhCT09yRTVYQnJhU01xZlNRWHhwIn0.khiFzMCbjZLX9freprXaJib6n2axAqT9Y9hdXWTOQRU
DECODED PAYLOAD: {'exp': 1790847326, 'sub': 'user_3Hrwmz08BOOrE5XBraSMqfSQXxp'}
RECEIVED TOKEN: eyJhbGciOiJIUzI1NiIsInR5cCI6IkpXVCJ9.eyJleHAiOjE3OTA4NDczMjYsInN1YiI6InVzZXJfM0hyd216MDhCT09yRTVYQnJhU01xZlNRWHhwIn0.khiFzMCbjZLX9freprXaJib6n2axAqT9Y9hdXWTOQRU
DECODED PAYLOAD: {'exp': 1790847326, 'sub': 'user_3Hrwmz08BOOrE5XBraSMqfSQXxp'}
GET_CURRENT_USER: user_3Hrwmz08BOOrE5XBraSMqfSQXxp -> <app.models.core.User object at 0x000001C980FE87A0>
GET_CURRENT_USER: user_3Hrwmz08BOOrE5XBraSMqfSQXxp -> <app.models.core.User object at 0x000001C98112D980>
RECEIVED TOKEN: eyJhbGciOiJIUzI1NiIsInR5cCI6IkpXVCJ9.eyJleHAiOjE3OTA4NDczMjYsInN1YiI6InVzZXJfM0hyd216MDhCT09yRTVYQnJhU01xZlNRWHhwIn0.khiFzMCbjZLX9freprXaJib6n2axAqT9Y9hdXWTOQRU
DECODED PAYLOAD: {'exp': 1790847326, 'sub': 'user_3Hrwmz08BOOrE5XBraSMqfSQXxp'}
GET_CURRENT_USER: user_3Hrwmz08BOOrE5XBraSMqfSQXxp -> <app.models.core.User object at 0x000001C98112CC80>
RECEIVED TOKEN: eyJhbGciOiJIUzI1NiIsInR5cCI6IkpXVCJ9.eyJleHAiOjE3OTA4NDczMjYsInN1YiI6InVzZXJfM0hyd216MDhCT09yRTVYQnJhU01xZlNRWHhwIn0.khiFzMCbjZLX9freprXaJib6n2axAqT9Y9hdXWTOQRU
DECODED PAYLOAD: {'exp': 1790847326, 'sub': 'user_3Hrwmz08BOOrE5XBraSMqfSQXxp'}
GET_CURRENT_USER: user_3Hrwmz08BOOrE5XBraSMqfSQXxp -> <app.models.core.User object at 0x000001C98112F1E0>
RECEIVED TOKEN: eyJhbGciOiJIUzI1NiIsInR5cCI6IkpXVCJ9.eyJleHAiOjE3OTA4NDczMjYsInN1YiI6InVzZXJfM0hyd216MDhCT09yRTVYQnJhU01xZlNRWHhwIn0.khiFzMCbjZLX9freprXaJib6n2axAqT9Y9hdXWTOQRU
DECODED PAYLOAD: {'exp': 1790847326, 'sub': 'user_3Hrwmz08BOOrE5XBraSMqfSQXxp'}
GET_CURRENT_USER: user_3Hrwmz08BOOrE5XBraSMqfSQXxp -> <app.models.core.User object at 0x000001C98112F1E0>
RECEIVED TOKEN: eyJhbGciOiJIUzI1NiIsInR5cCI6IkpXVCJ9.eyJleHAiOjE3OTA4NDczMjYsInN1YiI6InVzZXJfM0hyd216MDhCT09yRTVYQnJhU01xZlNRWHhwIn0.khiFzMCbjZLX9freprXaJib6n2axAqT9Y9hdXWTOQRU
DECODED PAYLOAD: {'exp': 1790847326, 'sub': 'user_3Hrwmz08BOOrE5XBraSMqfSQXxp'}
GET_CURRENT_USER: user_3Hrwmz08BOOrE5XBraSMqfSQXxp -> <app.models.core.User object at 0x000001C98112C600>
RECEIVED TOKEN: eyJhbGciOiJIUzI1NiIsInR5cCI6IkpXVCJ9.eyJleHAiOjE3OTA4NDczMjYsInN1YiI6InVzZXJfM0hyd216MDhCT09yRTVYQnJhU01xZlNRWHhwIn0.khiFzMCbjZLX9freprXaJib6n2axAqT9Y9hdXWTOQRU
DECODED PAYLOAD: {'exp': 1790847326, 'sub': 'user_3Hrwmz08BOOrE5XBraSMqfSQXxp'}
GET_CURRENT_USER: user_3Hrwmz08BOOrE5XBraSMqfSQXxp -> <app.models.core.User object at 0x000001C980FE94A0>
RECEIVED TOKEN: eyJhbGciOiJIUzI1NiIsInR5cCI6IkpXVCJ9.eyJleHAiOjE3OTA4NDczMjYsInN1YiI6InVzZXJfM0hyd216MDhCT09yRTVYQnJhU01xZlNRWHhwIn0.khiFzMCbjZLX9freprXaJib6n2axAqT9Y9hdXWTOQRU
DECODED PAYLOAD: {'exp': 1790847326, 'sub': 'user_3Hrwmz08BOOrE5XBraSMqfSQXxp'}
GET_CURRENT_USER: user_3Hrwmz08BOOrE5XBraSMqfSQXxp -> <app.models.core.User object at 0x000001C98112EC30>
RECEIVED TOKEN: eyJhbGciOiJIUzI1NiIsInR5cCI6IkpXVCJ9.eyJleHAiOjE3OTA4NDczMjYsInN1YiI6InVzZXJfM0hyd216MDhCT09yRTVYQnJhU01xZlNRWHhwIn0.khiFzMCbjZLX9freprXaJib6n2axAqT9Y9hdXWTOQRU
DECODED PAYLOAD: {'exp': 1790847326, 'sub': 'user_3Hrwmz08BOOrE5XBraSMqfSQXxp'}
GET_CURRENT_USER: user_3Hrwmz08BOOrE5XBraSMqfSQXxp -> <app.models.core.User object at 0x000001C9FED95640>
RECEIVED TOKEN: eyJhbGciOiJIUzI1NiIsInR5cCI6IkpXVCJ9.eyJleHAiOjE3OTA4NDczMjYsInN1YiI6InVzZXJfM0hyd216MDhCT09yRTVYQnJhU01xZlNRWHhwIn0.khiFzMCbjZLX9freprXaJib6n2axAqT9Y9hdXWTOQRU
DECODED PAYLOAD: {'exp': 1790847326, 'sub': 'user_3Hrwmz08BOOrE5XBraSMqfSQXxp'}
RECEIVED TOKEN: eyJhbGciOiJIUzI1NiIsInR5cCI6IkpXVCJ9.eyJleHAiOjE3OTA4NDczMjYsInN1YiI6InVzZXJfM0hyd216MDhCT09yRTVYQnJhU01xZlNRWHhwIn0.khiFzMCbjZLX9freprXaJib6n2axAqT9Y9hdXWTOQRU
DECODED PAYLOAD: {'exp': 1790847326, 'sub': 'user_3Hrwmz08BOOrE5XBraSMqfSQXxp'}
GET_CURRENT_USER: user_3Hrwmz08BOOrE5XBraSMqfSQXxp -> <app.models.core.User object at 0x000001C98112EC30>
RECEIVED TOKEN: eyJhbGciOiJIUzI1NiIsInR5cCI6IkpXVCJ9.eyJleHAiOjE3OTA4NDczMjYsInN1YiI6InVzZXJfM0hyd216MDhCT09yRTVYQnJhU01xZlNRWHhwIn0.khiFzMCbjZLX9freprXaJib6n2axAqT9Y9hdXWTOQRU
DECODED PAYLOAD: {'exp': 1790847326, 'sub': 'user_3Hrwmz08BOOrE5XBraSMqfSQXxp'}
RECEIVED TOKEN: eyJhbGciOiJIUzI1NiIsInR5cCI6IkpXVCJ9.eyJleHAiOjE3OTA4NDczMjYsInN1YiI6InVzZXJfM0hyd216MDhCT09yRTVYQnJhU01xZlNRWHhwIn0.khiFzMCbjZLX9freprXaJib6n2axAqT9Y9hdXWTOQRU
DECODED PAYLOAD: {'exp': 1790847326, 'sub': 'user_3Hrwmz08BOOrE5XBraSMqfSQXxp'}
GET_CURRENT_USER: user_3Hrwmz08BOOrE5XBraSMqfSQXxp -> <app.models.core.User object at 0x000001C980FE8120>
GET_CURRENT_USER: user_3Hrwmz08BOOrE5XBraSMqfSQXxp -> <app.models.core.User object at 0x000001C9FED954A0>
RECEIVED TOKEN: eyJhbGciOiJIUzI1NiIsInR5cCI6IkpXVCJ9.eyJleHAiOjE3OTA4NDczMjYsInN1YiI6InVzZXJfM0hyd216MDhCT09yRTVYQnJhU01xZlNRWHhwIn0.khiFzMCbjZLX9freprXaJib6n2axAqT9Y9hdXWTOQRU
DECODED PAYLOAD: {'exp': 1790847326, 'sub': 'user_3Hrwmz08BOOrE5XBraSMqfSQXxp'}
GET_CURRENT_USER: user_3Hrwmz08BOOrE5XBraSMqfSQXxp -> <app.models.core.User object at 0x000001C980FE8120>
RECEIVED TOKEN: eyJhbGciOiJIUzI1NiIsInR5cCI6IkpXVCJ9.eyJleHAiOjE3OTA4NDczMjYsInN1YiI6InVzZXJfM0hyd216MDhCT09yRTVYQnJhU01xZlNRWHhwIn0.khiFzMCbjZLX9freprXaJib6n2axAqT9Y9hdXWTOQRU
DECODED PAYLOAD: {'exp': 1790847326, 'sub': 'user_3Hrwmz08BOOrE5XBraSMqfSQXxp'}
GET_CURRENT_USER: user_3Hrwmz08BOOrE5XBraSMqfSQXxp -> <app.models.core.User object at 0x000001C980FEBA00>
RECEIVED TOKEN: eyJhbGciOiJIUzI1NiIsInR5cCI6IkpXVCJ9.eyJleHAiOjE3OTA4NDczMjYsInN1YiI6InVzZXJfM0hyd216MDhCT09yRTVYQnJhU01xZlNRWHhwIn0.khiFzMCbjZLX9freprXaJib6n2axAqT9Y9hdXWTOQRU
DECODED PAYLOAD: {'exp': 1790847326, 'sub': 'user_3Hrwmz08BOOrE5XBraSMqfSQXxp'}
GET_CURRENT_USER: user_3Hrwmz08BOOrE5XBraSMqfSQXxp -> <app.models.core.User object at 0x000001C980FE8120>
RECEIVED TOKEN: eyJhbGciOiJIUzI1NiIsInR5cCI6IkpXVCJ9.eyJleHAiOjE3OTA4NDczMjYsInN1YiI6InVzZXJfM0hyd216MDhCT09yRTVYQnJhU01xZlNRWHhwIn0.khiFzMCbjZLX9freprXaJib6n2axAqT9Y9hdXWTOQRU
DECODED PAYLOAD: {'exp': 1790847326, 'sub': 'user_3Hrwmz08BOOrE5XBraSMqfSQXxp'}
GET_CURRENT_USER: user_3Hrwmz08BOOrE5XBraSMqfSQXxp -> <app.models.core.User object at 0x000001C980FEBE10>
RECEIVED TOKEN: eyJhbGciOiJIUzI1NiIsInR5cCI6IkpXVCJ9.eyJleHAiOjE3OTA4NDczMjYsInN1YiI6InVzZXJfM0hyd216MDhCT09yRTVYQnJhU01xZlNRWHhwIn0.khiFzMCbjZLX9freprXaJib6n2axAqT9Y9hdXWTOQRU
DECODED PAYLOAD: {'exp': 1790847326, 'sub': 'user_3Hrwmz08BOOrE5XBraSMqfSQXxp'}
GET_CURRENT_USER: user_3Hrwmz08BOOrE5XBraSMqfSQXxp -> <app.models.core.User object at 0x000001C98112F5F0>
RECEIVED TOKEN: eyJhbGciOiJIUzI1NiIsInR5cCI6IkpXVCJ9.eyJleHAiOjE3OTA4NDczMjYsInN1YiI6InVzZXJfM0hyd216MDhCT09yRTVYQnJhU01xZlNRWHhwIn0.khiFzMCbjZLX9freprXaJib6n2axAqT9Y9hdXWTOQRU
DECODED PAYLOAD: {'exp': 1790847326, 'sub': 'user_3Hrwmz08BOOrE5XBraSMqfSQXxp'}
RECEIVED TOKEN: eyJhbGciOiJIUzI1NiIsInR5cCI6IkpXVCJ9.eyJleHAiOjE3OTA4NDczMjYsInN1YiI6InVzZXJfM0hyd216MDhCT09yRTVYQnJhU01xZlNRWHhwIn0.khiFzMCbjZLX9freprXaJib6n2axAqT9Y9hdXWTOQRU
DECODED PAYLOAD: {'exp': 1790847326, 'sub': 'user_3Hrwmz08BOOrE5XBraSMqfSQXxp'}
RECEIVED TOKEN: eyJhbGciOiJIUzI1NiIsInR5cCI6IkpXVCJ9.eyJleHAiOjE3OTA4NDczMjYsInN1YiI6InVzZXJfM0hyd216MDhCT09yRTVYQnJhU01xZlNRWHhwIn0.khiFzMCbjZLX9freprXaJib6n2axAqT9Y9hdXWTOQRU
DECODED PAYLOAD: {'exp': 1790847326, 'sub': 'user_3Hrwmz08BOOrE5XBraSMqfSQXxp'}
GET_CURRENT_USER: user_3Hrwmz08BOOrE5XBraSMqfSQXxp -> <app.models.core.User object at 0x000001C98112EC30>
GET_CURRENT_USER: user_3Hrwmz08BOOrE5XBraSMqfSQXxp -> <app.models.core.User object at 0x000001C98112E0D0>
RECEIVED TOKEN: eyJhbGciOiJIUzI1NiIsInR5cCI6IkpXVCJ9.eyJleHAiOjE3OTA4NDczMjYsInN1YiI6InVzZXJfM0hyd216MDhCT09yRTVYQnJhU01xZlNRWHhwIn0.khiFzMCbjZLX9freprXaJib6n2axAqT9Y9hdXWTOQRU
DECODED PAYLOAD: {'exp': 1790847326, 'sub': 'user_3Hrwmz08BOOrE5XBraSMqfSQXxp'}
GET_CURRENT_USER: user_3Hrwmz08BOOrE5XBraSMqfSQXxp -> <app.models.core.User object at 0x000001C9FEA6EC30>
RECEIVED TOKEN: eyJhbGciOiJIUzI1NiIsInR5cCI6IkpXVCJ9.eyJleHAiOjE3OTA4NDczMjYsInN1YiI6InVzZXJfM0hyd216MDhCT09yRTVYQnJhU01xZlNRWHhwIn0.khiFzMCbjZLX9freprXaJib6n2axAqT9Y9hdXWTOQRU
DECODED PAYLOAD: {'exp': 1790847326, 'sub': 'user_3Hrwmz08BOOrE5XBraSMqfSQXxp'}
GET_CURRENT_USER: user_3Hrwmz08BOOrE5XBraSMqfSQXxp -> <app.models.core.User object at 0x000001C980FEBA00>
RECEIVED TOKEN: eyJhbGciOiJIUzI1NiIsInR5cCI6IkpXVCJ9.eyJleHAiOjE3OTA4NDczMjYsInN1YiI6InVzZXJfM0hyd216MDhCT09yRTVYQnJhU01xZlNRWHhwIn0.khiFzMCbjZLX9freprXaJib6n2axAqT9Y9hdXWTOQRU
DECODED PAYLOAD: {'exp': 1790847326, 'sub': 'user_3Hrwmz08BOOrE5XBraSMqfSQXxp'}
GET_CURRENT_USER: user_3Hrwmz08BOOrE5XBraSMqfSQXxp -> <app.models.core.User object at 0x000001C9FEA6C050>
RECEIVED TOKEN: eyJhbGciOiJIUzI1NiIsInR5cCI6IkpXVCJ9.eyJleHAiOjE3OTA4NDczMjYsInN1YiI6InVzZXJfM0hyd216MDhCT09yRTVYQnJhU01xZlNRWHhwIn0.khiFzMCbjZLX9freprXaJib6n2axAqT9Y9hdXWTOQRU
DECODED PAYLOAD: {'exp': 1790847326, 'sub': 'user_3Hrwmz08BOOrE5XBraSMqfSQXxp'}
GET_CURRENT_USER: user_3Hrwmz08BOOrE5XBraSMqfSQXxp -> <app.models.core.User object at 0x000001C980FE8600>
RECEIVED TOKEN: eyJhbGciOiJIUzI1NiIsInR5cCI6IkpXVCJ9.eyJleHAiOjE3OTA4NDczMjYsInN1YiI6InVzZXJfM0hyd216MDhCT09yRTVYQnJhU01xZlNRWHhwIn0.khiFzMCbjZLX9freprXaJib6n2axAqT9Y9hdXWTOQRU
DECODED PAYLOAD: {'exp': 1790847326, 'sub': 'user_3Hrwmz08BOOrE5XBraSMqfSQXxp'}
GET_CURRENT_USER: user_3Hrwmz08BOOrE5XBraSMqfSQXxp -> <app.models.core.User object at 0x000001C98112E410>
RECEIVED TOKEN: eyJhbGciOiJIUzI1NiIsInR5cCI6IkpXVCJ9.eyJleHAiOjE3OTA4NDczMjYsInN1YiI6InVzZXJfM0hyd216MDhCT09yRTVYQnJhU01xZlNRWHhwIn0.khiFzMCbjZLX9freprXaJib6n2axAqT9Y9hdXWTOQRU
DECODED PAYLOAD: {'exp': 1790847326, 'sub': 'user_3Hrwmz08BOOrE5XBraSMqfSQXxp'}
RECEIVED TOKEN: eyJhbGciOiJIUzI1NiIsInR5cCI6IkpXVCJ9.eyJleHAiOjE3OTA4NDczMjYsInN1YiI6InVzZXJfM0hyd216MDhCT09yRTVYQnJhU01xZlNRWHhwIn0.khiFzMCbjZLX9freprXaJib6n2axAqT9Y9hdXWTOQRU
DECODED PAYLOAD: {'exp': 1790847326, 'sub': 'user_3Hrwmz08BOOrE5XBraSMqfSQXxp'}
GET_CURRENT_USER: user_3Hrwmz08BOOrE5XBraSMqfSQXxp -> <app.models.core.User object at 0x000001C98112C6D0>
GET_CURRENT_USER: user_3Hrwmz08BOOrE5XBraSMqfSQXxp -> <app.models.core.User object at 0x000001C98112DA50>
RECEIVED TOKEN: eyJhbGciOiJIUzI1NiIsInR5cCI6IkpXVCJ9.eyJleHAiOjE3OTA4NDczMjYsInN1YiI6InVzZXJfM0hyd216MDhCT09yRTVYQnJhU01xZlNRWHhwIn0.khiFzMCbjZLX9freprXaJib6n2axAqT9Y9hdXWTOQRU
DECODED PAYLOAD: {'exp': 1790847326, 'sub': 'user_3Hrwmz08BOOrE5XBraSMqfSQXxp'}
GET_CURRENT_USER: user_3Hrwmz08BOOrE5XBraSMqfSQXxp -> <app.models.core.User object at 0x000001C9FED97450>
RECEIVED TOKEN: eyJhbGciOiJIUzI1NiIsInR5cCI6IkpXVCJ9.eyJleHAiOjE3OTA4NDczMjYsInN1YiI6InVzZXJfM0hyd216MDhCT09yRTVYQnJhU01xZlNRWHhwIn0.khiFzMCbjZLX9freprXaJib6n2axAqT9Y9hdXWTOQRU
DECODED PAYLOAD: {'exp': 1790847326, 'sub': 'user_3Hrwmz08BOOrE5XBraSMqfSQXxp'}
GET_CURRENT_USER: user_3Hrwmz08BOOrE5XBraSMqfSQXxp -> <app.models.core.User object at 0x000001C980FEBD40>
RECEIVED TOKEN: eyJhbGciOiJIUzI1NiIsInR5cCI6IkpXVCJ9.eyJleHAiOjE3OTA4NDczMjYsInN1YiI6InVzZXJfM0hyd216MDhCT09yRTVYQnJhU01xZlNRWHhwIn0.khiFzMCbjZLX9freprXaJib6n2axAqT9Y9hdXWTOQRU
DECODED PAYLOAD: {'exp': 1790847326, 'sub': 'user_3Hrwmz08BOOrE5XBraSMqfSQXxp'}
GET_CURRENT_USER: user_3Hrwmz08BOOrE5XBraSMqfSQXxp -> <app.models.core.User object at 0x000001C98112F6C0>
RECEIVED TOKEN: eyJhbGciOiJIUzI1NiIsInR5cCI6IkpXVCJ9.eyJleHAiOjE3OTA4NDczMjYsInN1YiI6InVzZXJfM0hyd216MDhCT09yRTVYQnJhU01xZlNRWHhwIn0.khiFzMCbjZLX9freprXaJib6n2axAqT9Y9hdXWTOQRU
DECODED PAYLOAD: {'exp': 1790847326, 'sub': 'user_3Hrwmz08BOOrE5XBraSMqfSQXxp'}
GET_CURRENT_USER: user_3Hrwmz08BOOrE5XBraSMqfSQXxp -> <app.models.core.User object at 0x000001C9FED95710>
RECEIVED TOKEN: eyJhbGciOiJIUzI1NiIsInR5cCI6IkpXVCJ9.eyJleHAiOjE3OTA4NDczMjYsInN1YiI6InVzZXJfM0hyd216MDhCT09yRTVYQnJhU01xZlNRWHhwIn0.khiFzMCbjZLX9freprXaJib6n2axAqT9Y9hdXWTOQRU
DECODED PAYLOAD: {'exp': 1790847326, 'sub': 'user_3Hrwmz08BOOrE5XBraSMqfSQXxp'}
GET_CURRENT_USER: user_3Hrwmz08BOOrE5XBraSMqfSQXxp -> <app.models.core.User object at 0x000001C980FEBEE0>
RECEIVED TOKEN: eyJhbGciOiJIUzI1NiIsInR5cCI6IkpXVCJ9.eyJleHAiOjE3OTA4NDczMjYsInN1YiI6InVzZXJfM0hyd216MDhCT09yRTVYQnJhU01xZlNRWHhwIn0.khiFzMCbjZLX9freprXaJib6n2axAqT9Y9hdXWTOQRU
DECODED PAYLOAD: {'exp': 1790847326, 'sub': 'user_3Hrwmz08BOOrE5XBraSMqfSQXxp'}
GET_CURRENT_USER: user_3Hrwmz08BOOrE5XBraSMqfSQXxp -> <app.models.core.User object at 0x000001C98112D640>
RECEIVED TOKEN: eyJhbGciOiJIUzI1NiIsInR5cCI6IkpXVCJ9.eyJleHAiOjE3OTA4NDczMjYsInN1YiI6InVzZXJfM0hyd216MDhCT09yRTVYQnJhU01xZlNRWHhwIn0.khiFzMCbjZLX9freprXaJib6n2axAqT9Y9hdXWTOQRU
DECODED PAYLOAD: {'exp': 1790847326, 'sub': 'user_3Hrwmz08BOOrE5XBraSMqfSQXxp'}
GET_CURRENT_USER: user_3Hrwmz08BOOrE5XBraSMqfSQXxp -> <app.models.core.User object at 0x000001C9813DC390>
RECEIVED TOKEN: eyJhbGciOiJIUzI1NiIsInR5cCI6IkpXVCJ9.eyJleHAiOjE3OTA4NDczMjYsInN1YiI6InVzZXJfM0hyd216MDhCT09yRTVYQnJhU01xZlNRWHhwIn0.khiFzMCbjZLX9freprXaJib6n2axAqT9Y9hdXWTOQRU
DECODED PAYLOAD: {'exp': 1790847326, 'sub': 'user_3Hrwmz08BOOrE5XBraSMqfSQXxp'}
GET_CURRENT_USER: user_3Hrwmz08BOOrE5XBraSMqfSQXxp -> <app.models.core.User object at 0x000001C9FED97450>
RECEIVED TOKEN: eyJhbGciOiJIUzI1NiIsInR5cCI6IkpXVCJ9.eyJleHAiOjE3OTA4NDczMjYsInN1YiI6InVzZXJfM0hyd216MDhCT09yRTVYQnJhU01xZlNRWHhwIn0.khiFzMCbjZLX9freprXaJib6n2axAqT9Y9hdXWTOQRU
DECODED PAYLOAD: {'exp': 1790847326, 'sub': 'user_3Hrwmz08BOOrE5XBraSMqfSQXxp'}
GET_CURRENT_USER: user_3Hrwmz08BOOrE5XBraSMqfSQXxp -> <app.models.core.User object at 0x000001C98112D8B0>
RECEIVED TOKEN: eyJhbGciOiJIUzI1NiIsInR5cCI6IkpXVCJ9.eyJleHAiOjE3OTA4NDczMjYsInN1YiI6InVzZXJfM0hyd216MDhCT09yRTVYQnJhU01xZlNRWHhwIn0.khiFzMCbjZLX9freprXaJib6n2axAqT9Y9hdXWTOQRU
DECODED PAYLOAD: {'exp': 1790847326, 'sub': 'user_3Hrwmz08BOOrE5XBraSMqfSQXxp'}
RECEIVED TOKEN: eyJhbGciOiJIUzI1NiIsInR5cCI6IkpXVCJ9.eyJleHAiOjE3OTA4NDczMjYsInN1YiI6InVzZXJfM0hyd216MDhCT09yRTVYQnJhU01xZlNRWHhwIn0.khiFzMCbjZLX9freprXaJib6n2axAqT9Y9hdXWTOQRU
DECODED PAYLOAD: {'exp': 1790847326, 'sub': 'user_3Hrwmz08BOOrE5XBraSMqfSQXxp'}
GET_CURRENT_USER: user_3Hrwmz08BOOrE5XBraSMqfSQXxp -> <app.models.core.User object at 0x000001C980FE9570>
RECEIVED TOKEN: eyJhbGciOiJIUzI1NiIsInR5cCI6IkpXVCJ9.eyJleHAiOjE3OTA4NDczMjYsInN1YiI6InVzZXJfM0hyd216MDhCT09yRTVYQnJhU01xZlNRWHhwIn0.khiFzMCbjZLX9freprXaJib6n2axAqT9Y9hdXWTOQRU
DECODED PAYLOAD: {'exp': 1790847326, 'sub': 'user_3Hrwmz08BOOrE5XBraSMqfSQXxp'}
GET_CURRENT_USER: user_3Hrwmz08BOOrE5XBraSMqfSQXxp -> <app.models.core.User object at 0x000001C9813DFA00>
RECEIVED TOKEN: eyJhbGciOiJIUzI1NiIsInR5cCI6IkpXVCJ9.eyJleHAiOjE3OTA4NDczMjYsInN1YiI6InVzZXJfM0hyd216MDhCT09yRTVYQnJhU01xZlNRWHhwIn0.khiFzMCbjZLX9freprXaJib6n2axAqT9Y9hdXWTOQRU
DECODED PAYLOAD: {'exp': 1790847326, 'sub': 'user_3Hrwmz08BOOrE5XBraSMqfSQXxp'}
GET_CURRENT_USER: user_3Hrwmz08BOOrE5XBraSMqfSQXxp -> <app.models.core.User object at 0x000001C9813DC050>
RECEIVED TOKEN: eyJhbGciOiJIUzI1NiIsInR5cCI6IkpXVCJ9.eyJleHAiOjE3OTA4NDczMjYsInN1YiI6InVzZXJfM0hyd216MDhCT09yRTVYQnJhU01xZlNRWHhwIn0.khiFzMCbjZLX9freprXaJib6n2axAqT9Y9hdXWTOQRU
DECODED PAYLOAD: {'exp': 1790847326, 'sub': 'user_3Hrwmz08BOOrE5XBraSMqfSQXxp'}
GET_CURRENT_USER: user_3Hrwmz08BOOrE5XBraSMqfSQXxp -> <app.models.core.User object at 0x000001C9FEA6E270>
RECEIVED TOKEN: eyJhbGciOiJIUzI1NiIsInR5cCI6IkpXVCJ9.eyJleHAiOjE3OTA4NDczMjYsInN1YiI6InVzZXJfM0hyd216MDhCT09yRTVYQnJhU01xZlNRWHhwIn0.khiFzMCbjZLX9freprXaJib6n2axAqT9Y9hdXWTOQRU
DECODED PAYLOAD: {'exp': 1790847326, 'sub': 'user_3Hrwmz08BOOrE5XBraSMqfSQXxp'}
GET_CURRENT_USER: user_3Hrwmz08BOOrE5XBraSMqfSQXxp -> <app.models.core.User object at 0x000001C980FE8460>
RECEIVED TOKEN: eyJhbGciOiJIUzI1NiIsInR5cCI6IkpXVCJ9.eyJleHAiOjE3OTA4NDczMjYsInN1YiI6InVzZXJfM0hyd216MDhCT09yRTVYQnJhU01xZlNRWHhwIn0.khiFzMCbjZLX9freprXaJib6n2axAqT9Y9hdXWTOQRU
DECODED PAYLOAD: {'exp': 1790847326, 'sub': 'user_3Hrwmz08BOOrE5XBraSMqfSQXxp'}
GET_CURRENT_USER: user_3Hrwmz08BOOrE5XBraSMqfSQXxp -> <app.models.core.User object at 0x000001C9813DED00>
RECEIVED TOKEN: eyJhbGciOiJIUzI1NiIsInR5cCI6IkpXVCJ9.eyJleHAiOjE3OTA4NDczMjYsInN1YiI6InVzZXJfM0hyd216MDhCT09yRTVYQnJhU01xZlNRWHhwIn0.khiFzMCbjZLX9freprXaJib6n2axAqT9Y9hdXWTOQRU
DECODED PAYLOAD: {'exp': 1790847326, 'sub': 'user_3Hrwmz08BOOrE5XBraSMqfSQXxp'}
GET_CURRENT_USER: user_3Hrwmz08BOOrE5XBraSMqfSQXxp -> <app.models.core.User object at 0x000001C9FEA6C050>
RECEIVED TOKEN: eyJhbGciOiJIUzI1NiIsInR5cCI6IkpXVCJ9.eyJleHAiOjE3OTA4NDczMjYsInN1YiI6InVzZXJfM0hyd216MDhCT09yRTVYQnJhU01xZlNRWHhwIn0.khiFzMCbjZLX9freprXaJib6n2axAqT9Y9hdXWTOQRU
DECODED PAYLOAD: {'exp': 1790847326, 'sub': 'user_3Hrwmz08BOOrE5XBraSMqfSQXxp'}
GET_CURRENT_USER: user_3Hrwmz08BOOrE5XBraSMqfSQXxp -> <app.models.core.User object at 0x000001C980FEBC70>
RECEIVED TOKEN: eyJhbGciOiJIUzI1NiIsInR5cCI6IkpXVCJ9.eyJleHAiOjE3OTA4NDczMjYsInN1YiI6InVzZXJfM0hyd216MDhCT09yRTVYQnJhU01xZlNRWHhwIn0.khiFzMCbjZLX9freprXaJib6n2axAqT9Y9hdXWTOQRU
DECODED PAYLOAD: {'exp': 1790847326, 'sub': 'user_3Hrwmz08BOOrE5XBraSMqfSQXxp'}
GET_CURRENT_USER: user_3Hrwmz08BOOrE5XBraSMqfSQXxp -> <app.models.core.User object at 0x000001C9FED95640>
RECEIVED TOKEN: eyJhbGciOiJIUzI1NiIsInR5cCI6IkpXVCJ9.eyJleHAiOjE3OTA4NDczMjYsInN1YiI6InVzZXJfM0hyd216MDhCT09yRTVYQnJhU01xZlNRWHhwIn0.khiFzMCbjZLX9freprXaJib6n2axAqT9Y9hdXWTOQRU
DECODED PAYLOAD: {'exp': 1790847326, 'sub': 'user_3Hrwmz08BOOrE5XBraSMqfSQXxp'}
GET_CURRENT_USER: user_3Hrwmz08BOOrE5XBraSMqfSQXxp -> <app.models.core.User object at 0x000001C9FEA6C050>
RECEIVED TOKEN: eyJhbGciOiJIUzI1NiIsInR5cCI6IkpXVCJ9.eyJleHAiOjE3OTA4NDczMjYsInN1YiI6InVzZXJfM0hyd216MDhCT09yRTVYQnJhU01xZlNRWHhwIn0.khiFzMCbjZLX9freprXaJib6n2axAqT9Y9hdXWTOQRU
DECODED PAYLOAD: {'exp': 1790847326, 'sub': 'user_3Hrwmz08BOOrE5XBraSMqfSQXxp'}
GET_CURRENT_USER: user_3Hrwmz08BOOrE5XBraSMqfSQXxp -> <app.models.core.User object at 0x000001C980FE9710>
RECEIVED TOKEN: eyJhbGciOiJIUzI1NiIsInR5cCI6IkpXVCJ9.eyJleHAiOjE3OTA4NDczMjYsInN1YiI6InVzZXJfM0hyd216MDhCT09yRTVYQnJhU01xZlNRWHhwIn0.khiFzMCbjZLX9freprXaJib6n2axAqT9Y9hdXWTOQRU
DECODED PAYLOAD: {'exp': 1790847326, 'sub': 'user_3Hrwmz08BOOrE5XBraSMqfSQXxp'}
GET_CURRENT_USER: user_3Hrwmz08BOOrE5XBraSMqfSQXxp -> <app.models.core.User object at 0x000001C9813DCC80>
RECEIVED TOKEN: eyJhbGciOiJIUzI1NiIsInR5cCI6IkpXVCJ9.eyJleHAiOjE3OTA4NDczMjYsInN1YiI6InVzZXJfM0hyd216MDhCT09yRTVYQnJhU01xZlNRWHhwIn0.khiFzMCbjZLX9freprXaJib6n2axAqT9Y9hdXWTOQRU
DECODED PAYLOAD: {'exp': 1790847326, 'sub': 'user_3Hrwmz08BOOrE5XBraSMqfSQXxp'}
GET_CURRENT_USER: user_3Hrwmz08BOOrE5XBraSMqfSQXxp -> <app.models.core.User object at 0x000001C980FE8940>
RECEIVED TOKEN: eyJhbGciOiJIUzI1NiIsInR5cCI6IkpXVCJ9.eyJleHAiOjE3OTA4NDczMjYsInN1YiI6InVzZXJfM0hyd216MDhCT09yRTVYQnJhU01xZlNRWHhwIn0.khiFzMCbjZLX9freprXaJib6n2axAqT9Y9hdXWTOQRU
DECODED PAYLOAD: {'exp': 1790847326, 'sub': 'user_3Hrwmz08BOOrE5XBraSMqfSQXxp'}
GET_CURRENT_USER: user_3Hrwmz08BOOrE5XBraSMqfSQXxp -> <app.models.core.User object at 0x000001C98112CE20>
RECEIVED TOKEN: eyJhbGciOiJIUzI1NiIsInR5cCI6IkpXVCJ9.eyJleHAiOjE3OTA4NDczMjYsInN1YiI6InVzZXJfM0hyd216MDhCT09yRTVYQnJhU01xZlNRWHhwIn0.khiFzMCbjZLX9freprXaJib6n2axAqT9Y9hdXWTOQRU
DECODED PAYLOAD: {'exp': 1790847326, 'sub': 'user_3Hrwmz08BOOrE5XBraSMqfSQXxp'}
GET_CURRENT_USER: user_3Hrwmz08BOOrE5XBraSMqfSQXxp -> <app.models.core.User object at 0x000001C980FE8A10>
RECEIVED TOKEN: eyJhbGciOiJIUzI1NiIsInR5cCI6IkpXVCJ9.eyJleHAiOjE3OTA4NDczMjYsInN1YiI6InVzZXJfM0hyd216MDhCT09yRTVYQnJhU01xZlNRWHhwIn0.khiFzMCbjZLX9freprXaJib6n2axAqT9Y9hdXWTOQRU
DECODED PAYLOAD: {'exp': 1790847326, 'sub': 'user_3Hrwmz08BOOrE5XBraSMqfSQXxp'}
GET_CURRENT_USER: user_3Hrwmz08BOOrE5XBraSMqfSQXxp -> <app.models.core.User object at 0x000001C9813DEDD0>
RECEIVED TOKEN: eyJhbGciOiJIUzI1NiIsInR5cCI6IkpXVCJ9.eyJleHAiOjE3OTA4NDczMjYsInN1YiI6InVzZXJfM0hyd216MDhCT09yRTVYQnJhU01xZlNRWHhwIn0.khiFzMCbjZLX9freprXaJib6n2axAqT9Y9hdXWTOQRU
DECODED PAYLOAD: {'exp': 1790847326, 'sub': 'user_3Hrwmz08BOOrE5XBraSMqfSQXxp'}
GET_CURRENT_USER: user_3Hrwmz08BOOrE5XBraSMqfSQXxp -> <app.models.core.User object at 0x000001C98112FE10>
RECEIVED TOKEN: eyJhbGciOiJIUzI1NiIsInR5cCI6IkpXVCJ9.eyJleHAiOjE3OTA4NDczMjYsInN1YiI6InVzZXJfM0hyd216MDhCT09yRTVYQnJhU01xZlNRWHhwIn0.khiFzMCbjZLX9freprXaJib6n2axAqT9Y9hdXWTOQRU
DECODED PAYLOAD: {'exp': 1790847326, 'sub': 'user_3Hrwmz08BOOrE5XBraSMqfSQXxp'}
GET_CURRENT_USER: user_3Hrwmz08BOOrE5XBraSMqfSQXxp -> <app.models.core.User object at 0x000001C9FEA6E270>
RECEIVED TOKEN: eyJhbGciOiJIUzI1NiIsInR5cCI6IkpXVCJ9.eyJleHAiOjE3OTA4NDczMjYsInN1YiI6InVzZXJfM0hyd216MDhCT09yRTVYQnJhU01xZlNRWHhwIn0.khiFzMCbjZLX9freprXaJib6n2axAqT9Y9hdXWTOQRU
DECODED PAYLOAD: {'exp': 1790847326, 'sub': 'user_3Hrwmz08BOOrE5XBraSMqfSQXxp'}
GET_CURRENT_USER: user_3Hrwmz08BOOrE5XBraSMqfSQXxp -> <app.models.core.User object at 0x000001C980FE9160>
RECEIVED TOKEN: eyJhbGciOiJIUzI1NiIsInR5cCI6IkpXVCJ9.eyJleHAiOjE3OTA4NDczMjYsInN1YiI6InVzZXJfM0hyd216MDhCT09yRTVYQnJhU01xZlNRWHhwIn0.khiFzMCbjZLX9freprXaJib6n2axAqT9Y9hdXWTOQRU
DECODED PAYLOAD: {'exp': 1790847326, 'sub': 'user_3Hrwmz08BOOrE5XBraSMqfSQXxp'}
GET_CURRENT_USER: user_3Hrwmz08BOOrE5XBraSMqfSQXxp -> <app.models.core.User object at 0x000001C9FEA6C050>
RECEIVED TOKEN: eyJhbGciOiJIUzI1NiIsInR5cCI6IkpXVCJ9.eyJleHAiOjE3OTA4NDczMjYsInN1YiI6InVzZXJfM0hyd216MDhCT09yRTVYQnJhU01xZlNRWHhwIn0.khiFzMCbjZLX9freprXaJib6n2axAqT9Y9hdXWTOQRU
DECODED PAYLOAD: {'exp': 1790847326, 'sub': 'user_3Hrwmz08BOOrE5XBraSMqfSQXxp'}
GET_CURRENT_USER: user_3Hrwmz08BOOrE5XBraSMqfSQXxp -> <app.models.core.User object at 0x000001C980FE8EF0>
RECEIVED TOKEN: eyJhbGciOiJIUzI1NiIsInR5cCI6IkpXVCJ9.eyJleHAiOjE3OTA4NDczMjYsInN1YiI6InVzZXJfM0hyd216MDhCT09yRTVYQnJhU01xZlNRWHhwIn0.khiFzMCbjZLX9freprXaJib6n2axAqT9Y9hdXWTOQRU
DECODED PAYLOAD: {'exp': 1790847326, 'sub': 'user_3Hrwmz08BOOrE5XBraSMqfSQXxp'}
GET_CURRENT_USER: user_3Hrwmz08BOOrE5XBraSMqfSQXxp -> <app.models.core.User object at 0x000001C9813DCAE0>
RECEIVED TOKEN: eyJhbGciOiJIUzI1NiIsInR5cCI6IkpXVCJ9.eyJleHAiOjE3OTA4NDczMjYsInN1YiI6InVzZXJfM0hyd216MDhCT09yRTVYQnJhU01xZlNRWHhwIn0.khiFzMCbjZLX9freprXaJib6n2axAqT9Y9hdXWTOQRU
DECODED PAYLOAD: {'exp': 1790847326, 'sub': 'user_3Hrwmz08BOOrE5XBraSMqfSQXxp'}
GET_CURRENT_USER: user_3Hrwmz08BOOrE5XBraSMqfSQXxp -> <app.models.core.User object at 0x000001C98112E5B0>
RECEIVED TOKEN: eyJhbGciOiJIUzI1NiIsInR5cCI6IkpXVCJ9.eyJleHAiOjE3OTA4NDczMjYsInN1YiI6InVzZXJfM0hyd216MDhCT09yRTVYQnJhU01xZlNRWHhwIn0.khiFzMCbjZLX9freprXaJib6n2axAqT9Y9hdXWTOQRU
DECODED PAYLOAD: {'exp': 1790847326, 'sub': 'user_3Hrwmz08BOOrE5XBraSMqfSQXxp'}
GET_CURRENT_USER: user_3Hrwmz08BOOrE5XBraSMqfSQXxp -> <app.models.core.User object at 0x000001C9FEA6E270>
RECEIVED TOKEN: eyJhbGciOiJIUzI1NiIsInR5cCI6IkpXVCJ9.eyJleHAiOjE3OTA4NDczMjYsInN1YiI6InVzZXJfM0hyd216MDhCT09yRTVYQnJhU01xZlNRWHhwIn0.khiFzMCbjZLX9freprXaJib6n2axAqT9Y9hdXWTOQRU
DECODED PAYLOAD: {'exp': 1790847326, 'sub': 'user_3Hrwmz08BOOrE5XBraSMqfSQXxp'}
GET_CURRENT_USER: user_3Hrwmz08BOOrE5XBraSMqfSQXxp -> <app.models.core.User object at 0x000001C980FE9090>
RECEIVED TOKEN: eyJhbGciOiJIUzI1NiIsInR5cCI6IkpXVCJ9.eyJleHAiOjE3OTA4NDczMjYsInN1YiI6InVzZXJfM0hyd216MDhCT09yRTVYQnJhU01xZlNRWHhwIn0.khiFzMCbjZLX9freprXaJib6n2axAqT9Y9hdXWTOQRU
DECODED PAYLOAD: {'exp': 1790847326, 'sub': 'user_3Hrwmz08BOOrE5XBraSMqfSQXxp'}
GET_CURRENT_USER: user_3Hrwmz08BOOrE5XBraSMqfSQXxp -> <app.models.core.User object at 0x000001C9813DED00>
RECEIVED TOKEN: eyJhbGciOiJIUzI1NiIsInR5cCI6IkpXVCJ9.eyJleHAiOjE3OTA4NDczMjYsInN1YiI6InVzZXJfM0hyd216MDhCT09yRTVYQnJhU01xZlNRWHhwIn0.khiFzMCbjZLX9freprXaJib6n2axAqT9Y9hdXWTOQRU
DECODED PAYLOAD: {'exp': 1790847326, 'sub': 'user_3Hrwmz08BOOrE5XBraSMqfSQXxp'}
GET_CURRENT_USER: user_3Hrwmz08BOOrE5XBraSMqfSQXxp -> <app.models.core.User object at 0x000001C98112EEA0>
RECEIVED TOKEN: eyJhbGciOiJIUzI1NiIsInR5cCI6IkpXVCJ9.eyJleHAiOjE3OTA4NDczMjYsInN1YiI6InVzZXJfM0hyd216MDhCT09yRTVYQnJhU01xZlNRWHhwIn0.khiFzMCbjZLX9freprXaJib6n2axAqT9Y9hdXWTOQRU
DECODED PAYLOAD: {'exp': 1790847326, 'sub': 'user_3Hrwmz08BOOrE5XBraSMqfSQXxp'}
GET_CURRENT_USER: user_3Hrwmz08BOOrE5XBraSMqfSQXxp -> <app.models.core.User object at 0x000001C980FE8FC0>
RECEIVED TOKEN: eyJhbGciOiJIUzI1NiIsInR5cCI6IkpXVCJ9.eyJleHAiOjE3OTA4NDczMjYsInN1YiI6InVzZXJfM0hyd216MDhCT09yRTVYQnJhU01xZlNRWHhwIn0.khiFzMCbjZLX9freprXaJib6n2axAqT9Y9hdXWTOQRU
DECODED PAYLOAD: {'exp': 1790847326, 'sub': 'user_3Hrwmz08BOOrE5XBraSMqfSQXxp'}
GET_CURRENT_USER: user_3Hrwmz08BOOrE5XBraSMqfSQXxp -> <app.models.core.User object at 0x000001C9813DC050>
RECEIVED TOKEN: eyJhbGciOiJIUzI1NiIsInR5cCI6IkpXVCJ9.eyJleHAiOjE3OTA4NDczMjYsInN1YiI6InVzZXJfM0hyd216MDhCT09yRTVYQnJhU01xZlNRWHhwIn0.khiFzMCbjZLX9freprXaJib6n2axAqT9Y9hdXWTOQRU
DECODED PAYLOAD: {'exp': 1790847326, 'sub': 'user_3Hrwmz08BOOrE5XBraSMqfSQXxp'}
GET_CURRENT_USER: user_3Hrwmz08BOOrE5XBraSMqfSQXxp -> <app.models.core.User object at 0x000001C98112D570>
RECEIVED TOKEN: eyJhbGciOiJIUzI1NiIsInR5cCI6IkpXVCJ9.eyJleHAiOjE3OTA4NDczMjYsInN1YiI6InVzZXJfM0hyd216MDhCT09yRTVYQnJhU01xZlNRWHhwIn0.khiFzMCbjZLX9freprXaJib6n2axAqT9Y9hdXWTOQRU
DECODED PAYLOAD: {'exp': 1790847326, 'sub': 'user_3Hrwmz08BOOrE5XBraSMqfSQXxp'}
GET_CURRENT_USER: user_3Hrwmz08BOOrE5XBraSMqfSQXxp -> <app.models.core.User object at 0x000001C980FE8EF0>
RECEIVED TOKEN: eyJhbGciOiJIUzI1NiIsInR5cCI6IkpXVCJ9.eyJleHAiOjE3OTA4NDczMjYsInN1YiI6InVzZXJfM0hyd216MDhCT09yRTVYQnJhU01xZlNRWHhwIn0.khiFzMCbjZLX9freprXaJib6n2axAqT9Y9hdXWTOQRU
DECODED PAYLOAD: {'exp': 1790847326, 'sub': 'user_3Hrwmz08BOOrE5XBraSMqfSQXxp'}
GET_CURRENT_USER: user_3Hrwmz08BOOrE5XBraSMqfSQXxp -> <app.models.core.User object at 0x000001C9813DF930>
RECEIVED TOKEN: eyJhbGciOiJIUzI1NiIsInR5cCI6IkpXVCJ9.eyJleHAiOjE3OTA4NDczMjYsInN1YiI6InVzZXJfM0hyd216MDhCT09yRTVYQnJhU01xZlNRWHhwIn0.khiFzMCbjZLX9freprXaJib6n2axAqT9Y9hdXWTOQRU
DECODED PAYLOAD: {'exp': 1790847326, 'sub': 'user_3Hrwmz08BOOrE5XBraSMqfSQXxp'}
GET_CURRENT_USER: user_3Hrwmz08BOOrE5XBraSMqfSQXxp -> <app.models.core.User object at 0x000001C98112E9C0>
RECEIVED TOKEN: eyJhbGciOiJIUzI1NiIsInR5cCI6IkpXVCJ9.eyJleHAiOjE3OTA4NDczMjYsInN1YiI6InVzZXJfM0hyd216MDhCT09yRTVYQnJhU01xZlNRWHhwIn0.khiFzMCbjZLX9freprXaJib6n2axAqT9Y9hdXWTOQRU
DECODED PAYLOAD: {'exp': 1790847326, 'sub': 'user_3Hrwmz08BOOrE5XBraSMqfSQXxp'}
GET_CURRENT_USER: user_3Hrwmz08BOOrE5XBraSMqfSQXxp -> <app.models.core.User object at 0x000001C980FE87A0>
RECEIVED TOKEN: eyJhbGciOiJIUzI1NiIsInR5cCI6IkpXVCJ9.eyJleHAiOjE3OTA4NDczMjYsInN1YiI6InVzZXJfM0hyd216MDhCT09yRTVYQnJhU01xZlNRWHhwIn0.khiFzMCbjZLX9freprXaJib6n2axAqT9Y9hdXWTOQRU
DECODED PAYLOAD: {'exp': 1790847326, 'sub': 'user_3Hrwmz08BOOrE5XBraSMqfSQXxp'}
GET_CURRENT_USER: user_3Hrwmz08BOOrE5XBraSMqfSQXxp -> <app.models.core.User object at 0x000001C9813DE000>
RECEIVED TOKEN: eyJhbGciOiJIUzI1NiIsInR5cCI6IkpXVCJ9.eyJleHAiOjE3OTA4NDczMjYsInN1YiI6InVzZXJfM0hyd216MDhCT09yRTVYQnJhU01xZlNRWHhwIn0.khiFzMCbjZLX9freprXaJib6n2axAqT9Y9hdXWTOQRU
DECODED PAYLOAD: {'exp': 1790847326, 'sub': 'user_3Hrwmz08BOOrE5XBraSMqfSQXxp'}
GET_CURRENT_USER: user_3Hrwmz08BOOrE5XBraSMqfSQXxp -> <app.models.core.User object at 0x000001C980FE8050>
RECEIVED TOKEN: eyJhbGciOiJIUzI1NiIsInR5cCI6IkpXVCJ9.eyJleHAiOjE3OTA4NDczMjYsInN1YiI6InVzZXJfM0hyd216MDhCT09yRTVYQnJhU01xZlNRWHhwIn0.khiFzMCbjZLX9freprXaJib6n2axAqT9Y9hdXWTOQRU
DECODED PAYLOAD: {'exp': 1790847326, 'sub': 'user_3Hrwmz08BOOrE5XBraSMqfSQXxp'}
GET_CURRENT_USER: user_3Hrwmz08BOOrE5XBraSMqfSQXxp -> <app.models.core.User object at 0x000001C9FED95640>
RECEIVED TOKEN: eyJhbGciOiJIUzI1NiIsInR5cCI6IkpXVCJ9.eyJleHAiOjE3OTA4NDczMjYsInN1YiI6InVzZXJfM0hyd216MDhCT09yRTVYQnJhU01xZlNRWHhwIn0.khiFzMCbjZLX9freprXaJib6n2axAqT9Y9hdXWTOQRU
DECODED PAYLOAD: {'exp': 1790847326, 'sub': 'user_3Hrwmz08BOOrE5XBraSMqfSQXxp'}
GET_CURRENT_USER: user_3Hrwmz08BOOrE5XBraSMqfSQXxp -> <app.models.core.User object at 0x000001C9FEA6EC30>
RECEIVED TOKEN: eyJhbGciOiJIUzI1NiIsInR5cCI6IkpXVCJ9.eyJleHAiOjE3OTA4NDczMjYsInN1YiI6InVzZXJfM0hyd216MDhCT09yRTVYQnJhU01xZlNRWHhwIn0.khiFzMCbjZLX9freprXaJib6n2axAqT9Y9hdXWTOQRU
DECODED PAYLOAD: {'exp': 1790847326, 'sub': 'user_3Hrwmz08BOOrE5XBraSMqfSQXxp'}
GET_CURRENT_USER: user_3Hrwmz08BOOrE5XBraSMqfSQXxp -> <app.models.core.User object at 0x000001C980FE94A0>
RECEIVED TOKEN: eyJhbGciOiJIUzI1NiIsInR5cCI6IkpXVCJ9.eyJleHAiOjE3OTA4NDczMjYsInN1YiI6InVzZXJfM0hyd216MDhCT09yRTVYQnJhU01xZlNRWHhwIn0.khiFzMCbjZLX9freprXaJib6n2axAqT9Y9hdXWTOQRU
DECODED PAYLOAD: {'exp': 1790847326, 'sub': 'user_3Hrwmz08BOOrE5XBraSMqfSQXxp'}
GET_CURRENT_USER: user_3Hrwmz08BOOrE5XBraSMqfSQXxp -> <app.models.core.User object at 0x000001C9FED95640>
RECEIVED TOKEN: eyJhbGciOiJIUzI1NiIsInR5cCI6IkpXVCJ9.eyJleHAiOjE3OTA4NDczMjYsInN1YiI6InVzZXJfM0hyd216MDhCT09yRTVYQnJhU01xZlNRWHhwIn0.khiFzMCbjZLX9freprXaJib6n2axAqT9Y9hdXWTOQRU
DECODED PAYLOAD: {'exp': 1790847326, 'sub': 'user_3Hrwmz08BOOrE5XBraSMqfSQXxp'}
GET_CURRENT_USER: user_3Hrwmz08BOOrE5XBraSMqfSQXxp -> <app.models.core.User object at 0x000001C9FEA6EC30>
RECEIVED TOKEN: eyJhbGciOiJIUzI1NiIsInR5cCI6IkpXVCJ9.eyJleHAiOjE3OTA4NDczMjYsInN1YiI6InVzZXJfM0hyd216MDhCT09yRTVYQnJhU01xZlNRWHhwIn0.khiFzMCbjZLX9freprXaJib6n2axAqT9Y9hdXWTOQRU
DECODED PAYLOAD: {'exp': 1790847326, 'sub': 'user_3Hrwmz08BOOrE5XBraSMqfSQXxp'}
GET_CURRENT_USER: user_3Hrwmz08BOOrE5XBraSMqfSQXxp -> <app.models.core.User object at 0x000001C980FE81F0>
RECEIVED TOKEN: eyJhbGciOiJIUzI1NiIsInR5cCI6IkpXVCJ9.eyJleHAiOjE3OTA4NDczMjYsInN1YiI6InVzZXJfM0hyd216MDhCT09yRTVYQnJhU01xZlNRWHhwIn0.khiFzMCbjZLX9freprXaJib6n2axAqT9Y9hdXWTOQRU
DECODED PAYLOAD: {'exp': 1790847326, 'sub': 'user_3Hrwmz08BOOrE5XBraSMqfSQXxp'}
GET_CURRENT_USER: user_3Hrwmz08BOOrE5XBraSMqfSQXxp -> <app.models.core.User object at 0x000001C98112FAD0>
RECEIVED TOKEN: eyJhbGciOiJIUzI1NiIsInR5cCI6IkpXVCJ9.eyJleHAiOjE3OTA4NDczMjYsInN1YiI6InVzZXJfM0hyd216MDhCT09yRTVYQnJhU01xZlNRWHhwIn0.khiFzMCbjZLX9freprXaJib6n2axAqT9Y9hdXWTOQRU
DECODED PAYLOAD: {'exp': 1790847326, 'sub': 'user_3Hrwmz08BOOrE5XBraSMqfSQXxp'}
GET_CURRENT_USER: user_3Hrwmz08BOOrE5XBraSMqfSQXxp -> <app.models.core.User object at 0x000001C9FEA6EC30>
RECEIVED TOKEN: eyJhbGciOiJIUzI1NiIsInR5cCI6IkpXVCJ9.eyJleHAiOjE3OTA4NDczMjYsInN1YiI6InVzZXJfM0hyd216MDhCT09yRTVYQnJhU01xZlNRWHhwIn0.khiFzMCbjZLX9freprXaJib6n2axAqT9Y9hdXWTOQRU
DECODED PAYLOAD: {'exp': 1790847326, 'sub': 'user_3Hrwmz08BOOrE5XBraSMqfSQXxp'}
GET_CURRENT_USER: user_3Hrwmz08BOOrE5XBraSMqfSQXxp -> <app.models.core.User object at 0x000001C98112C940>
RECEIVED TOKEN: eyJhbGciOiJIUzI1NiIsInR5cCI6IkpXVCJ9.eyJleHAiOjE3OTA4NDczMjYsInN1YiI6InVzZXJfM0hyd216MDhCT09yRTVYQnJhU01xZlNRWHhwIn0.khiFzMCbjZLX9freprXaJib6n2axAqT9Y9hdXWTOQRU
DECODED PAYLOAD: {'exp': 1790847326, 'sub': 'user_3Hrwmz08BOOrE5XBraSMqfSQXxp'}
GET_CURRENT_USER: user_3Hrwmz08BOOrE5XBraSMqfSQXxp -> <app.models.core.User object at 0x000001C9FEA6DBF0>
RECEIVED TOKEN: eyJhbGciOiJIUzI1NiIsInR5cCI6IkpXVCJ9.eyJleHAiOjE3OTA4NDczMjYsInN1YiI6InVzZXJfM0hyd216MDhCT09yRTVYQnJhU01xZlNRWHhwIn0.khiFzMCbjZLX9freprXaJib6n2axAqT9Y9hdXWTOQRU
DECODED PAYLOAD: {'exp': 1790847326, 'sub': 'user_3Hrwmz08BOOrE5XBraSMqfSQXxp'}
GET_CURRENT_USER: user_3Hrwmz08BOOrE5XBraSMqfSQXxp -> <app.models.core.User object at 0x000001C980FEBBA0>
RECEIVED TOKEN: eyJhbGciOiJIUzI1NiIsInR5cCI6IkpXVCJ9.eyJleHAiOjE3OTA4NDczMjYsInN1YiI6InVzZXJfM0hyd216MDhCT09yRTVYQnJhU01xZlNRWHhwIn0.khiFzMCbjZLX9freprXaJib6n2axAqT9Y9hdXWTOQRU
DECODED PAYLOAD: {'exp': 1790847326, 'sub': 'user_3Hrwmz08BOOrE5XBraSMqfSQXxp'}
GET_CURRENT_USER: user_3Hrwmz08BOOrE5XBraSMqfSQXxp -> <app.models.core.User object at 0x000001C9FED97450>
RECEIVED TOKEN: eyJhbGciOiJIUzI1NiIsInR5cCI6IkpXVCJ9.eyJleHAiOjE3OTA4NDczMjYsInN1YiI6InVzZXJfM0hyd216MDhCT09yRTVYQnJhU01xZlNRWHhwIn0.khiFzMCbjZLX9freprXaJib6n2axAqT9Y9hdXWTOQRU
DECODED PAYLOAD: {'exp': 1790847326, 'sub': 'user_3Hrwmz08BOOrE5XBraSMqfSQXxp'}
GET_CURRENT_USER: user_3Hrwmz08BOOrE5XBraSMqfSQXxp -> <app.models.core.User object at 0x000001C9FEA6DBF0>
RECEIVED TOKEN: eyJhbGciOiJIUzI1NiIsInR5cCI6IkpXVCJ9.eyJleHAiOjE3OTA4NDczMjYsInN1YiI6InVzZXJfM0hyd216MDhCT09yRTVYQnJhU01xZlNRWHhwIn0.khiFzMCbjZLX9freprXaJib6n2axAqT9Y9hdXWTOQRU
DECODED PAYLOAD: {'exp': 1790847326, 'sub': 'user_3Hrwmz08BOOrE5XBraSMqfSQXxp'}
GET_CURRENT_USER: user_3Hrwmz08BOOrE5XBraSMqfSQXxp -> <app.models.core.User object at 0x000001C980FE9230>
RECEIVED TOKEN: eyJhbGciOiJIUzI1NiIsInR5cCI6IkpXVCJ9.eyJleHAiOjE3OTA4NDczMjYsInN1YiI6InVzZXJfM0hyd216MDhCT09yRTVYQnJhU01xZlNRWHhwIn0.khiFzMCbjZLX9freprXaJib6n2axAqT9Y9hdXWTOQRU
DECODED PAYLOAD: {'exp': 1790847326, 'sub': 'user_3Hrwmz08BOOrE5XBraSMqfSQXxp'}
GET_CURRENT_USER: user_3Hrwmz08BOOrE5XBraSMqfSQXxp -> <app.models.core.User object at 0x000001C9FED97450>
RECEIVED TOKEN: eyJhbGciOiJIUzI1NiIsInR5cCI6IkpXVCJ9.eyJleHAiOjE3OTA4NDczMjYsInN1YiI6InVzZXJfM0hyd216MDhCT09yRTVYQnJhU01xZlNRWHhwIn0.khiFzMCbjZLX9freprXaJib6n2axAqT9Y9hdXWTOQRU
DECODED PAYLOAD: {'exp': 1790847326, 'sub': 'user_3Hrwmz08BOOrE5XBraSMqfSQXxp'}
GET_CURRENT_USER: user_3Hrwmz08BOOrE5XBraSMqfSQXxp -> <app.models.core.User object at 0x000001C9813DD570>
RECEIVED TOKEN: eyJhbGciOiJIUzI1NiIsInR5cCI6IkpXVCJ9.eyJleHAiOjE3OTA4NDczMjYsInN1YiI6InVzZXJfM0hyd216MDhCT09yRTVYQnJhU01xZlNRWHhwIn0.khiFzMCbjZLX9freprXaJib6n2axAqT9Y9hdXWTOQRU
DECODED PAYLOAD: {'exp': 1790847326, 'sub': 'user_3Hrwmz08BOOrE5XBraSMqfSQXxp'}
GET_CURRENT_USER: user_3Hrwmz08BOOrE5XBraSMqfSQXxp -> <app.models.core.User object at 0x000001C980FE82C0>
RECEIVED TOKEN: eyJhbGciOiJIUzI1NiIsInR5cCI6IkpXVCJ9.eyJleHAiOjE3OTA4NDczMjYsInN1YiI6InVzZXJfM0hyd216MDhCT09yRTVYQnJhU01xZlNRWHhwIn0.khiFzMCbjZLX9freprXaJib6n2axAqT9Y9hdXWTOQRU
DECODED PAYLOAD: {'exp': 1790847326, 'sub': 'user_3Hrwmz08BOOrE5XBraSMqfSQXxp'}
GET_CURRENT_USER: user_3Hrwmz08BOOrE5XBraSMqfSQXxp -> <app.models.core.User object at 0x000001C98112D980>
RECEIVED TOKEN: eyJhbGciOiJIUzI1NiIsInR5cCI6IkpXVCJ9.eyJleHAiOjE3OTA4NDczMjYsInN1YiI6InVzZXJfM0hyd216MDhCT09yRTVYQnJhU01xZlNRWHhwIn0.khiFzMCbjZLX9freprXaJib6n2axAqT9Y9hdXWTOQRU
DECODED PAYLOAD: {'exp': 1790847326, 'sub': 'user_3Hrwmz08BOOrE5XBraSMqfSQXxp'}
RECEIVED TOKEN: eyJhbGciOiJIUzI1NiIsInR5cCI6IkpXVCJ9.eyJleHAiOjE3OTA4NDczMjYsInN1YiI6InVzZXJfM0hyd216MDhCT09yRTVYQnJhU01xZlNRWHhwIn0.khiFzMCbjZLX9freprXaJib6n2axAqT9Y9hdXWTOQRU
DECODED PAYLOAD: {'exp': 1790847326, 'sub': 'user_3Hrwmz08BOOrE5XBraSMqfSQXxp'}
GET_CURRENT_USER: user_3Hrwmz08BOOrE5XBraSMqfSQXxp -> <app.models.core.User object at 0x000001C9813DE340>
GET_CURRENT_USER: user_3Hrwmz08BOOrE5XBraSMqfSQXxp -> <app.models.core.User object at 0x000001C980FE8120>
RECEIVED TOKEN: eyJhbGciOiJIUzI1NiIsInR5cCI6IkpXVCJ9.eyJleHAiOjE3OTA4NDczMjYsInN1YiI6InVzZXJfM0hyd216MDhCT09yRTVYQnJhU01xZlNRWHhwIn0.khiFzMCbjZLX9freprXaJib6n2axAqT9Y9hdXWTOQRU
DECODED PAYLOAD: {'exp': 1790847326, 'sub': 'user_3Hrwmz08BOOrE5XBraSMqfSQXxp'}
GET_CURRENT_USER: user_3Hrwmz08BOOrE5XBraSMqfSQXxp -> <app.models.core.User object at 0x000001C98112C7A0>
RECEIVED TOKEN: eyJhbGciOiJIUzI1NiIsInR5cCI6IkpXVCJ9.eyJleHAiOjE3OTA4NDczMjYsInN1YiI6InVzZXJfM0hyd216MDhCT09yRTVYQnJhU01xZlNRWHhwIn0.khiFzMCbjZLX9freprXaJib6n2axAqT9Y9hdXWTOQRU
DECODED PAYLOAD: {'exp': 1790847326, 'sub': 'user_3Hrwmz08BOOrE5XBraSMqfSQXxp'}
GET_CURRENT_USER: user_3Hrwmz08BOOrE5XBraSMqfSQXxp -> <app.models.core.User object at 0x000001C9FEA6EC30>
RECEIVED TOKEN: eyJhbGciOiJIUzI1NiIsInR5cCI6IkpXVCJ9.eyJleHAiOjE3OTA4NDczMjYsInN1YiI6InVzZXJfM0hyd216MDhCT09yRTVYQnJhU01xZlNRWHhwIn0.khiFzMCbjZLX9freprXaJib6n2axAqT9Y9hdXWTOQRU
DECODED PAYLOAD: {'exp': 1790847326, 'sub': 'user_3Hrwmz08BOOrE5XBraSMqfSQXxp'}
GET_CURRENT_USER: user_3Hrwmz08BOOrE5XBraSMqfSQXxp -> <app.models.core.User object at 0x000001C9813DCAE0>
RECEIVED TOKEN: eyJhbGciOiJIUzI1NiIsInR5cCI6IkpXVCJ9.eyJleHAiOjE3OTA4NDczMjYsInN1YiI6InVzZXJfM0hyd216MDhCT09yRTVYQnJhU01xZlNRWHhwIn0.khiFzMCbjZLX9freprXaJib6n2axAqT9Y9hdXWTOQRU
DECODED PAYLOAD: {'exp': 1790847326, 'sub': 'user_3Hrwmz08BOOrE5XBraSMqfSQXxp'}
GET_CURRENT_USER: user_3Hrwmz08BOOrE5XBraSMqfSQXxp -> <app.models.core.User object at 0x000001C9FED97450>
RECEIVED TOKEN: eyJhbGciOiJIUzI1NiIsInR5cCI6IkpXVCJ9.eyJleHAiOjE3OTA4NDczMjYsInN1YiI6InVzZXJfM0hyd216MDhCT09yRTVYQnJhU01xZlNRWHhwIn0.khiFzMCbjZLX9freprXaJib6n2axAqT9Y9hdXWTOQRU
DECODED PAYLOAD: {'exp': 1790847326, 'sub': 'user_3Hrwmz08BOOrE5XBraSMqfSQXxp'}
GET_CURRENT_USER: user_3Hrwmz08BOOrE5XBraSMqfSQXxp -> <app.models.core.User object at 0x000001C9FEA6C050>
RECEIVED TOKEN: eyJhbGciOiJIUzI1NiIsInR5cCI6IkpXVCJ9.eyJleHAiOjE3OTA4NDczMjYsInN1YiI6InVzZXJfM0hyd216MDhCT09yRTVYQnJhU01xZlNRWHhwIn0.khiFzMCbjZLX9freprXaJib6n2axAqT9Y9hdXWTOQRU
DECODED PAYLOAD: {'exp': 1790847326, 'sub': 'user_3Hrwmz08BOOrE5XBraSMqfSQXxp'}
GET_CURRENT_USER: user_3Hrwmz08BOOrE5XBraSMqfSQXxp -> <app.models.core.User object at 0x000001C9813DDBF0>
RECEIVED TOKEN: eyJhbGciOiJIUzI1NiIsInR5cCI6IkpXVCJ9.eyJleHAiOjE3OTA4NDczMjYsInN1YiI6InVzZXJfM0hyd216MDhCT09yRTVYQnJhU01xZlNRWHhwIn0.khiFzMCbjZLX9freprXaJib6n2axAqT9Y9hdXWTOQRU
DECODED PAYLOAD: {'exp': 1790847326, 'sub': 'user_3Hrwmz08BOOrE5XBraSMqfSQXxp'}
GET_CURRENT_USER: user_3Hrwmz08BOOrE5XBraSMqfSQXxp -> <app.models.core.User object at 0x000001C98112D570>
RECEIVED TOKEN: eyJhbGciOiJIUzI1NiIsInR5cCI6IkpXVCJ9.eyJleHAiOjE3OTA4NDczMjYsInN1YiI6InVzZXJfM0hyd216MDhCT09yRTVYQnJhU01xZlNRWHhwIn0.khiFzMCbjZLX9freprXaJib6n2axAqT9Y9hdXWTOQRU
DECODED PAYLOAD: {'exp': 1790847326, 'sub': 'user_3Hrwmz08BOOrE5XBraSMqfSQXxp'}
GET_CURRENT_USER: user_3Hrwmz08BOOrE5XBraSMqfSQXxp -> <app.models.core.User object at 0x000001C980FE9160>
RECEIVED TOKEN: eyJhbGciOiJIUzI1NiIsInR5cCI6IkpXVCJ9.eyJleHAiOjE3OTA4NDczMjYsInN1YiI6InVzZXJfM0hyd216MDhCT09yRTVYQnJhU01xZlNRWHhwIn0.khiFzMCbjZLX9freprXaJib6n2axAqT9Y9hdXWTOQRU
DECODED PAYLOAD: {'exp': 1790847326, 'sub': 'user_3Hrwmz08BOOrE5XBraSMqfSQXxp'}
GET_CURRENT_USER: user_3Hrwmz08BOOrE5XBraSMqfSQXxp -> <app.models.core.User object at 0x000001C9813DFE10>
RECEIVED TOKEN: eyJhbGciOiJIUzI1NiIsInR5cCI6IkpXVCJ9.eyJleHAiOjE3OTA4NDczMjYsInN1YiI6InVzZXJfM0hyd216MDhCT09yRTVYQnJhU01xZlNRWHhwIn0.khiFzMCbjZLX9freprXaJib6n2axAqT9Y9hdXWTOQRU
DECODED PAYLOAD: {'exp': 1790847326, 'sub': 'user_3Hrwmz08BOOrE5XBraSMqfSQXxp'}
GET_CURRENT_USER: user_3Hrwmz08BOOrE5XBraSMqfSQXxp -> <app.models.core.User object at 0x000001C980FE93D0>
RECEIVED TOKEN: eyJhbGciOiJIUzI1NiIsInR5cCI6IkpXVCJ9.eyJleHAiOjE3OTA4NDczMjYsInN1YiI6InVzZXJfM0hyd216MDhCT09yRTVYQnJhU01xZlNRWHhwIn0.khiFzMCbjZLX9freprXaJib6n2axAqT9Y9hdXWTOQRU
DECODED PAYLOAD: {'exp': 1790847326, 'sub': 'user_3Hrwmz08BOOrE5XBraSMqfSQXxp'}
GET_CURRENT_USER: user_3Hrwmz08BOOrE5XBraSMqfSQXxp -> <app.models.core.User object at 0x000001C9FEA6DBF0>
RECEIVED TOKEN: eyJhbGciOiJIUzI1NiIsInR5cCI6IkpXVCJ9.eyJleHAiOjE3OTA4NDczMjYsInN1YiI6InVzZXJfM0hyd216MDhCT09yRTVYQnJhU01xZlNRWHhwIn0.khiFzMCbjZLX9freprXaJib6n2axAqT9Y9hdXWTOQRU
DECODED PAYLOAD: {'exp': 1790847326, 'sub': 'user_3Hrwmz08BOOrE5XBraSMqfSQXxp'}
GET_CURRENT_USER: user_3Hrwmz08BOOrE5XBraSMqfSQXxp -> <app.models.core.User object at 0x000001C980FEBBA0>
RECEIVED TOKEN: eyJhbGciOiJIUzI1NiIsInR5cCI6IkpXVCJ9.eyJleHAiOjE3OTA4NDczMjYsInN1YiI6InVzZXJfM0hyd216MDhCT09yRTVYQnJhU01xZlNRWHhwIn0.khiFzMCbjZLX9freprXaJib6n2axAqT9Y9hdXWTOQRU
DECODED PAYLOAD: {'exp': 1790847326, 'sub': 'user_3Hrwmz08BOOrE5XBraSMqfSQXxp'}
GET_CURRENT_USER: user_3Hrwmz08BOOrE5XBraSMqfSQXxp -> <app.models.core.User object at 0x000001C9FEA6EC30>
RECEIVED TOKEN: eyJhbGciOiJIUzI1NiIsInR5cCI6IkpXVCJ9.eyJleHAiOjE3OTA4NDczMjYsInN1YiI6InVzZXJfM0hyd216MDhCT09yRTVYQnJhU01xZlNRWHhwIn0.khiFzMCbjZLX9freprXaJib6n2axAqT9Y9hdXWTOQRU
DECODED PAYLOAD: {'exp': 1790847326, 'sub': 'user_3Hrwmz08BOOrE5XBraSMqfSQXxp'}
GET_CURRENT_USER: user_3Hrwmz08BOOrE5XBraSMqfSQXxp -> <app.models.core.User object at 0x000001C980FEBC70>
RECEIVED TOKEN: eyJhbGciOiJIUzI1NiIsInR5cCI6IkpXVCJ9.eyJleHAiOjE3OTA4NDczMjYsInN1YiI6InVzZXJfM0hyd216MDhCT09yRTVYQnJhU01xZlNRWHhwIn0.khiFzMCbjZLX9freprXaJib6n2axAqT9Y9hdXWTOQRU
DECODED PAYLOAD: {'exp': 1790847326, 'sub': 'user_3Hrwmz08BOOrE5XBraSMqfSQXxp'}
GET_CURRENT_USER: user_3Hrwmz08BOOrE5XBraSMqfSQXxp -> <app.models.core.User object at 0x000001C9FED95640>
RECEIVED TOKEN: eyJhbGciOiJIUzI1NiIsInR5cCI6IkpXVCJ9.eyJleHAiOjE3OTA4NDczMjYsInN1YiI6InVzZXJfM0hyd216MDhCT09yRTVYQnJhU01xZlNRWHhwIn0.khiFzMCbjZLX9freprXaJib6n2axAqT9Y9hdXWTOQRU
DECODED PAYLOAD: {'exp': 1790847326, 'sub': 'user_3Hrwmz08BOOrE5XBraSMqfSQXxp'}
GET_CURRENT_USER: user_3Hrwmz08BOOrE5XBraSMqfSQXxp -> <app.models.core.User object at 0x000001C980FEBA00>
RECEIVED TOKEN: eyJhbGciOiJIUzI1NiIsInR5cCI6IkpXVCJ9.eyJleHAiOjE3OTA4NDczMjYsInN1YiI6InVzZXJfM0hyd216MDhCT09yRTVYQnJhU01xZlNRWHhwIn0.khiFzMCbjZLX9freprXaJib6n2axAqT9Y9hdXWTOQRU
DECODED PAYLOAD: {'exp': 1790847326, 'sub': 'user_3Hrwmz08BOOrE5XBraSMqfSQXxp'}
GET_CURRENT_USER: user_3Hrwmz08BOOrE5XBraSMqfSQXxp -> <app.models.core.User object at 0x000001C9FED97450>
RECEIVED TOKEN: eyJhbGciOiJIUzI1NiIsInR5cCI6IkpXVCJ9.eyJleHAiOjE3OTA4NDczMjYsInN1YiI6InVzZXJfM0hyd216MDhCT09yRTVYQnJhU01xZlNRWHhwIn0.khiFzMCbjZLX9freprXaJib6n2axAqT9Y9hdXWTOQRU
DECODED PAYLOAD: {'exp': 1790847326, 'sub': 'user_3Hrwmz08BOOrE5XBraSMqfSQXxp'}
GET_CURRENT_USER: user_3Hrwmz08BOOrE5XBraSMqfSQXxp -> <app.models.core.User object at 0x000001C980FE98B0>
RECEIVED TOKEN: eyJhbGciOiJIUzI1NiIsInR5cCI6IkpXVCJ9.eyJleHAiOjE3OTA4NDczMjYsInN1YiI6InVzZXJfM0hyd216MDhCT09yRTVYQnJhU01xZlNRWHhwIn0.khiFzMCbjZLX9freprXaJib6n2axAqT9Y9hdXWTOQRU
DECODED PAYLOAD: {'exp': 1790847326, 'sub': 'user_3Hrwmz08BOOrE5XBraSMqfSQXxp'}
GET_CURRENT_USER: user_3Hrwmz08BOOrE5XBraSMqfSQXxp -> <app.models.core.User object at 0x000001C9FEA6EC30>
RECEIVED TOKEN: eyJhbGciOiJIUzI1NiIsInR5cCI6IkpXVCJ9.eyJleHAiOjE3OTA4NDczMjYsInN1YiI6InVzZXJfM0hyd216MDhCT09yRTVYQnJhU01xZlNRWHhwIn0.khiFzMCbjZLX9freprXaJib6n2axAqT9Y9hdXWTOQRU
DECODED PAYLOAD: {'exp': 1790847326, 'sub': 'user_3Hrwmz08BOOrE5XBraSMqfSQXxp'}
GET_CURRENT_USER: user_3Hrwmz08BOOrE5XBraSMqfSQXxp -> <app.models.core.User object at 0x000001C980FE9710>
RECEIVED TOKEN: eyJhbGciOiJIUzI1NiIsInR5cCI6IkpXVCJ9.eyJleHAiOjE3OTA4NDczMjYsInN1YiI6InVzZXJfM0hyd216MDhCT09yRTVYQnJhU01xZlNRWHhwIn0.khiFzMCbjZLX9freprXaJib6n2axAqT9Y9hdXWTOQRU
DECODED PAYLOAD: {'exp': 1790847326, 'sub': 'user_3Hrwmz08BOOrE5XBraSMqfSQXxp'}
GET_CURRENT_USER: user_3Hrwmz08BOOrE5XBraSMqfSQXxp -> <app.models.core.User object at 0x000001C9FED97450>
RECEIVED TOKEN: eyJhbGciOiJIUzI1NiIsInR5cCI6IkpXVCJ9.eyJleHAiOjE3OTA4NDczMjYsInN1YiI6InVzZXJfM0hyd216MDhCT09yRTVYQnJhU01xZlNRWHhwIn0.khiFzMCbjZLX9freprXaJib6n2axAqT9Y9hdXWTOQRU
DECODED PAYLOAD: {'exp': 1790847326, 'sub': 'user_3Hrwmz08BOOrE5XBraSMqfSQXxp'}
GET_CURRENT_USER: user_3Hrwmz08BOOrE5XBraSMqfSQXxp -> <app.models.core.User object at 0x000001C980FE8870>
RECEIVED TOKEN: eyJhbGciOiJIUzI1NiIsInR5cCI6IkpXVCJ9.eyJleHAiOjE3OTA4NDczMjYsInN1YiI6InVzZXJfM0hyd216MDhCT09yRTVYQnJhU01xZlNRWHhwIn0.khiFzMCbjZLX9freprXaJib6n2axAqT9Y9hdXWTOQRU
DECODED PAYLOAD: {'exp': 1790847326, 'sub': 'user_3Hrwmz08BOOrE5XBraSMqfSQXxp'}
GET_CURRENT_USER: user_3Hrwmz08BOOrE5XBraSMqfSQXxp -> <app.models.core.User object at 0x000001C9813DEF70>
RECEIVED TOKEN: eyJhbGciOiJIUzI1NiIsInR5cCI6IkpXVCJ9.eyJleHAiOjE3OTA4NDczMjYsInN1YiI6InVzZXJfM0hyd216MDhCT09yRTVYQnJhU01xZlNRWHhwIn0.khiFzMCbjZLX9freprXaJib6n2axAqT9Y9hdXWTOQRU
DECODED PAYLOAD: {'exp': 1790847326, 'sub': 'user_3Hrwmz08BOOrE5XBraSMqfSQXxp'}
GET_CURRENT_USER: user_3Hrwmz08BOOrE5XBraSMqfSQXxp -> <app.models.core.User object at 0x000001C980FE81F0>
RECEIVED TOKEN: eyJhbGciOiJIUzI1NiIsInR5cCI6IkpXVCJ9.eyJleHAiOjE3OTA4NDczMjYsInN1YiI6InVzZXJfM0hyd216MDhCT09yRTVYQnJhU01xZlNRWHhwIn0.khiFzMCbjZLX9freprXaJib6n2axAqT9Y9hdXWTOQRU
DECODED PAYLOAD: {'exp': 1790847326, 'sub': 'user_3Hrwmz08BOOrE5XBraSMqfSQXxp'}
GET_CURRENT_USER: user_3Hrwmz08BOOrE5XBraSMqfSQXxp -> <app.models.core.User object at 0x000001C9FED97450>
RECEIVED TOKEN: eyJhbGciOiJIUzI1NiIsInR5cCI6IkpXVCJ9.eyJleHAiOjE3OTA4NDczMjYsInN1YiI6InVzZXJfM0hyd216MDhCT09yRTVYQnJhU01xZlNRWHhwIn0.khiFzMCbjZLX9freprXaJib6n2axAqT9Y9hdXWTOQRU
DECODED PAYLOAD: {'exp': 1790847326, 'sub': 'user_3Hrwmz08BOOrE5XBraSMqfSQXxp'}
GET_CURRENT_USER: user_3Hrwmz08BOOrE5XBraSMqfSQXxp -> <app.models.core.User object at 0x000001C9813DCBB0>
RECEIVED TOKEN: eyJhbGciOiJIUzI1NiIsInR5cCI6IkpXVCJ9.eyJleHAiOjE3OTA4NDczMjYsInN1YiI6InVzZXJfM0hyd216MDhCT09yRTVYQnJhU01xZlNRWHhwIn0.khiFzMCbjZLX9freprXaJib6n2axAqT9Y9hdXWTOQRU
DECODED PAYLOAD: {'exp': 1790847326, 'sub': 'user_3Hrwmz08BOOrE5XBraSMqfSQXxp'}
GET_CURRENT_USER: user_3Hrwmz08BOOrE5XBraSMqfSQXxp -> <app.models.core.User object at 0x000001C980FE8940>
RECEIVED TOKEN: eyJhbGciOiJIUzI1NiIsInR5cCI6IkpXVCJ9.eyJleHAiOjE3OTA4NDczMjYsInN1YiI6InVzZXJfM0hyd216MDhCT09yRTVYQnJhU01xZlNRWHhwIn0.khiFzMCbjZLX9freprXaJib6n2axAqT9Y9hdXWTOQRU
DECODED PAYLOAD: {'exp': 1790847326, 'sub': 'user_3Hrwmz08BOOrE5XBraSMqfSQXxp'}
GET_CURRENT_USER: user_3Hrwmz08BOOrE5XBraSMqfSQXxp -> <app.models.core.User object at 0x000001C9FED96680>
RECEIVED TOKEN: eyJhbGciOiJIUzI1NiIsInR5cCI6IkpXVCJ9.eyJleHAiOjE3OTA4NDczMjYsInN1YiI6InVzZXJfM0hyd216MDhCT09yRTVYQnJhU01xZlNRWHhwIn0.khiFzMCbjZLX9freprXaJib6n2axAqT9Y9hdXWTOQRU
DECODED PAYLOAD: {'exp': 1790847326, 'sub': 'user_3Hrwmz08BOOrE5XBraSMqfSQXxp'}
GET_CURRENT_USER: user_3Hrwmz08BOOrE5XBraSMqfSQXxp -> <app.models.core.User object at 0x000001C980FE93D0>
RECEIVED TOKEN: eyJhbGciOiJIUzI1NiIsInR5cCI6IkpXVCJ9.eyJleHAiOjE3OTA4NDczMjYsInN1YiI6InVzZXJfM0hyd216MDhCT09yRTVYQnJhU01xZlNRWHhwIn0.khiFzMCbjZLX9freprXaJib6n2axAqT9Y9hdXWTOQRU
DECODED PAYLOAD: {'exp': 1790847326, 'sub': 'user_3Hrwmz08BOOrE5XBraSMqfSQXxp'}
GET_CURRENT_USER: user_3Hrwmz08BOOrE5XBraSMqfSQXxp -> <app.models.core.User object at 0x000001C9FEA6C050>
RECEIVED TOKEN: eyJhbGciOiJIUzI1NiIsInR5cCI6IkpXVCJ9.eyJleHAiOjE3OTA4NDczMjYsInN1YiI6InVzZXJfM0hyd216MDhCT09yRTVYQnJhU01xZlNRWHhwIn0.khiFzMCbjZLX9freprXaJib6n2axAqT9Y9hdXWTOQRU
DECODED PAYLOAD: {'exp': 1790847326, 'sub': 'user_3Hrwmz08BOOrE5XBraSMqfSQXxp'}
GET_CURRENT_USER: user_3Hrwmz08BOOrE5XBraSMqfSQXxp -> <app.models.core.User object at 0x000001C980FEBBA0>
RECEIVED TOKEN: eyJhbGciOiJIUzI1NiIsInR5cCI6IkpXVCJ9.eyJleHAiOjE3OTA4NDczMjYsInN1YiI6InVzZXJfM0hyd216MDhCT09yRTVYQnJhU01xZlNRWHhwIn0.khiFzMCbjZLX9freprXaJib6n2axAqT9Y9hdXWTOQRU
DECODED PAYLOAD: {'exp': 1790847326, 'sub': 'user_3Hrwmz08BOOrE5XBraSMqfSQXxp'}
GET_CURRENT_USER: user_3Hrwmz08BOOrE5XBraSMqfSQXxp -> <app.models.core.User object at 0x000001C98112D640>
RECEIVED TOKEN: eyJhbGciOiJIUzI1NiIsInR5cCI6IkpXVCJ9.eyJleHAiOjE3OTA4NDczMjYsInN1YiI6InVzZXJfM0hyd216MDhCT09yRTVYQnJhU01xZlNRWHhwIn0.khiFzMCbjZLX9freprXaJib6n2axAqT9Y9hdXWTOQRU
DECODED PAYLOAD: {'exp': 1790847326, 'sub': 'user_3Hrwmz08BOOrE5XBraSMqfSQXxp'}
GET_CURRENT_USER: user_3Hrwmz08BOOrE5XBraSMqfSQXxp -> <app.models.core.User object at 0x000001C980FE8A10>
RECEIVED TOKEN: eyJhbGciOiJIUzI1NiIsInR5cCI6IkpXVCJ9.eyJleHAiOjE3OTA4NDczMjYsInN1YiI6InVzZXJfM0hyd216MDhCT09yRTVYQnJhU01xZlNRWHhwIn0.khiFzMCbjZLX9freprXaJib6n2axAqT9Y9hdXWTOQRU
DECODED PAYLOAD: {'exp': 1790847326, 'sub': 'user_3Hrwmz08BOOrE5XBraSMqfSQXxp'}
GET_CURRENT_USER: user_3Hrwmz08BOOrE5XBraSMqfSQXxp -> <app.models.core.User object at 0x000001C9813DF450>
RECEIVED TOKEN: eyJhbGciOiJIUzI1NiIsInR5cCI6IkpXVCJ9.eyJleHAiOjE3OTA4NDczMjYsInN1YiI6InVzZXJfM0hyd216MDhCT09yRTVYQnJhU01xZlNRWHhwIn0.khiFzMCbjZLX9freprXaJib6n2axAqT9Y9hdXWTOQRU
DECODED PAYLOAD: {'exp': 1790847326, 'sub': 'user_3Hrwmz08BOOrE5XBraSMqfSQXxp'}
GET_CURRENT_USER: user_3Hrwmz08BOOrE5XBraSMqfSQXxp -> <app.models.core.User object at 0x000001C98112D8B0>
RECEIVED TOKEN: eyJhbGciOiJIUzI1NiIsInR5cCI6IkpXVCJ9.eyJleHAiOjE3OTA4NDczMjYsInN1YiI6InVzZXJfM0hyd216MDhCT09yRTVYQnJhU01xZlNRWHhwIn0.khiFzMCbjZLX9freprXaJib6n2axAqT9Y9hdXWTOQRU
DECODED PAYLOAD: {'exp': 1790847326, 'sub': 'user_3Hrwmz08BOOrE5XBraSMqfSQXxp'}
GET_CURRENT_USER: user_3Hrwmz08BOOrE5XBraSMqfSQXxp -> <app.models.core.User object at 0x000001C980FEBEE0>
RECEIVED TOKEN: eyJhbGciOiJIUzI1NiIsInR5cCI6IkpXVCJ9.eyJleHAiOjE3OTA4NDczMjYsInN1YiI6InVzZXJfM0hyd216MDhCT09yRTVYQnJhU01xZlNRWHhwIn0.khiFzMCbjZLX9freprXaJib6n2axAqT9Y9hdXWTOQRU
DECODED PAYLOAD: {'exp': 1790847326, 'sub': 'user_3Hrwmz08BOOrE5XBraSMqfSQXxp'}
GET_CURRENT_USER: user_3Hrwmz08BOOrE5XBraSMqfSQXxp -> <app.models.core.User object at 0x000001C9FEA6EC30>
RECEIVED TOKEN: eyJhbGciOiJIUzI1NiIsInR5cCI6IkpXVCJ9.eyJleHAiOjE3OTA4NDczMjYsInN1YiI6InVzZXJfM0hyd216MDhCT09yRTVYQnJhU01xZlNRWHhwIn0.khiFzMCbjZLX9freprXaJib6n2axAqT9Y9hdXWTOQRU
DECODED PAYLOAD: {'exp': 1790847326, 'sub': 'user_3Hrwmz08BOOrE5XBraSMqfSQXxp'}
GET_CURRENT_USER: user_3Hrwmz08BOOrE5XBraSMqfSQXxp -> <app.models.core.User object at 0x000001C980FE81F0>
RECEIVED TOKEN: eyJhbGciOiJIUzI1NiIsInR5cCI6IkpXVCJ9.eyJleHAiOjE3OTA4NDczMjYsInN1YiI6InVzZXJfM0hyd216MDhCT09yRTVYQnJhU01xZlNRWHhwIn0.khiFzMCbjZLX9freprXaJib6n2axAqT9Y9hdXWTOQRU
DECODED PAYLOAD: {'exp': 1790847326, 'sub': 'user_3Hrwmz08BOOrE5XBraSMqfSQXxp'}
GET_CURRENT_USER: user_3Hrwmz08BOOrE5XBraSMqfSQXxp -> <app.models.core.User object at 0x000001C9FED96680>
RECEIVED TOKEN: eyJhbGciOiJIUzI1NiIsInR5cCI6IkpXVCJ9.eyJleHAiOjE3OTA4NDczMjYsInN1YiI6InVzZXJfM0hyd216MDhCT09yRTVYQnJhU01xZlNRWHhwIn0.khiFzMCbjZLX9freprXaJib6n2axAqT9Y9hdXWTOQRU
DECODED PAYLOAD: {'exp': 1790847326, 'sub': 'user_3Hrwmz08BOOrE5XBraSMqfSQXxp'}
GET_CURRENT_USER: user_3Hrwmz08BOOrE5XBraSMqfSQXxp -> <app.models.core.User object at 0x000001C980FE8120>
RECEIVED TOKEN: eyJhbGciOiJIUzI1NiIsInR5cCI6IkpXVCJ9.eyJleHAiOjE3OTA4NDczMjYsInN1YiI6InVzZXJfM0hyd216MDhCT09yRTVYQnJhU01xZlNRWHhwIn0.khiFzMCbjZLX9freprXaJib6n2axAqT9Y9hdXWTOQRU
DECODED PAYLOAD: {'exp': 1790847326, 'sub': 'user_3Hrwmz08BOOrE5XBraSMqfSQXxp'}
GET_CURRENT_USER: user_3Hrwmz08BOOrE5XBraSMqfSQXxp -> <app.models.core.User object at 0x000001C9FEA6EC30>
RECEIVED TOKEN: eyJhbGciOiJIUzI1NiIsInR5cCI6IkpXVCJ9.eyJleHAiOjE3OTA4NDczMjYsInN1YiI6InVzZXJfM0hyd216MDhCT09yRTVYQnJhU01xZlNRWHhwIn0.khiFzMCbjZLX9freprXaJib6n2axAqT9Y9hdXWTOQRU
DECODED PAYLOAD: {'exp': 1790847326, 'sub': 'user_3Hrwmz08BOOrE5XBraSMqfSQXxp'}
GET_CURRENT_USER: user_3Hrwmz08BOOrE5XBraSMqfSQXxp -> <app.models.core.User object at 0x000001C980FE8EF0>
RECEIVED TOKEN: eyJhbGciOiJIUzI1NiIsInR5cCI6IkpXVCJ9.eyJleHAiOjE3OTA4NDczMjYsInN1YiI6InVzZXJfM0hyd216MDhCT09yRTVYQnJhU01xZlNRWHhwIn0.khiFzMCbjZLX9freprXaJib6n2axAqT9Y9hdXWTOQRU
DECODED PAYLOAD: {'exp': 1790847326, 'sub': 'user_3Hrwmz08BOOrE5XBraSMqfSQXxp'}
GET_CURRENT_USER: user_3Hrwmz08BOOrE5XBraSMqfSQXxp -> <app.models.core.User object at 0x000001C9FEA6DBF0>
RECEIVED TOKEN: eyJhbGciOiJIUzI1NiIsInR5cCI6IkpXVCJ9.eyJleHAiOjE3OTA4NDczMjYsInN1YiI6InVzZXJfM0hyd216MDhCT09yRTVYQnJhU01xZlNRWHhwIn0.khiFzMCbjZLX9freprXaJib6n2axAqT9Y9hdXWTOQRU
DECODED PAYLOAD: {'exp': 1790847326, 'sub': 'user_3Hrwmz08BOOrE5XBraSMqfSQXxp'}
GET_CURRENT_USER: user_3Hrwmz08BOOrE5XBraSMqfSQXxp -> <app.models.core.User object at 0x000001C980FE8A10>
RECEIVED TOKEN: eyJhbGciOiJIUzI1NiIsInR5cCI6IkpXVCJ9.eyJleHAiOjE3OTA4NDczMjYsInN1YiI6InVzZXJfM0hyd216MDhCT09yRTVYQnJhU01xZlNRWHhwIn0.khiFzMCbjZLX9freprXaJib6n2axAqT9Y9hdXWTOQRU
DECODED PAYLOAD: {'exp': 1790847326, 'sub': 'user_3Hrwmz08BOOrE5XBraSMqfSQXxp'}
GET_CURRENT_USER: user_3Hrwmz08BOOrE5XBraSMqfSQXxp -> <app.models.core.User object at 0x000001C9FEA6DBF0>
RECEIVED TOKEN: eyJhbGciOiJIUzI1NiIsInR5cCI6IkpXVCJ9.eyJleHAiOjE3OTA4NDczMjYsInN1YiI6InVzZXJfM0hyd216MDhCT09yRTVYQnJhU01xZlNRWHhwIn0.khiFzMCbjZLX9freprXaJib6n2axAqT9Y9hdXWTOQRU
DECODED PAYLOAD: {'exp': 1790847326, 'sub': 'user_3Hrwmz08BOOrE5XBraSMqfSQXxp'}
GET_CURRENT_USER: user_3Hrwmz08BOOrE5XBraSMqfSQXxp -> <app.models.core.User object at 0x000001C980FEBA00>
RECEIVED TOKEN: eyJhbGciOiJIUzI1NiIsInR5cCI6IkpXVCJ9.eyJleHAiOjE3OTA4NDczMjYsInN1YiI6InVzZXJfM0hyd216MDhCT09yRTVYQnJhU01xZlNRWHhwIn0.khiFzMCbjZLX9freprXaJib6n2axAqT9Y9hdXWTOQRU
DECODED PAYLOAD: {'exp': 1790847326, 'sub': 'user_3Hrwmz08BOOrE5XBraSMqfSQXxp'}
GET_CURRENT_USER: user_3Hrwmz08BOOrE5XBraSMqfSQXxp -> <app.models.core.User object at 0x000001C9FED95710>
RECEIVED TOKEN: eyJhbGciOiJIUzI1NiIsInR5cCI6IkpXVCJ9.eyJleHAiOjE3OTA4NDczMjYsInN1YiI6InVzZXJfM0hyd216MDhCT09yRTVYQnJhU01xZlNRWHhwIn0.khiFzMCbjZLX9freprXaJib6n2axAqT9Y9hdXWTOQRU
DECODED PAYLOAD: {'exp': 1790847326, 'sub': 'user_3Hrwmz08BOOrE5XBraSMqfSQXxp'}
GET_CURRENT_USER: user_3Hrwmz08BOOrE5XBraSMqfSQXxp -> <app.models.core.User object at 0x000001C980FE97E0>
RECEIVED TOKEN: eyJhbGciOiJIUzI1NiIsInR5cCI6IkpXVCJ9.eyJleHAiOjE3OTA4NDczMjYsInN1YiI6InVzZXJfM0hyd216MDhCT09yRTVYQnJhU01xZlNRWHhwIn0.khiFzMCbjZLX9freprXaJib6n2axAqT9Y9hdXWTOQRU
DECODED PAYLOAD: {'exp': 1790847326, 'sub': 'user_3Hrwmz08BOOrE5XBraSMqfSQXxp'}
GET_CURRENT_USER: user_3Hrwmz08BOOrE5XBraSMqfSQXxp -> <app.models.core.User object at 0x000001C9813DD640>
RECEIVED TOKEN: eyJhbGciOiJIUzI1NiIsInR5cCI6IkpXVCJ9.eyJleHAiOjE3OTA4NDczMjYsInN1YiI6InVzZXJfM0hyd216MDhCT09yRTVYQnJhU01xZlNRWHhwIn0.khiFzMCbjZLX9freprXaJib6n2axAqT9Y9hdXWTOQRU
DECODED PAYLOAD: {'exp': 1790847326, 'sub': 'user_3Hrwmz08BOOrE5XBraSMqfSQXxp'}
GET_CURRENT_USER: user_3Hrwmz08BOOrE5XBraSMqfSQXxp -> <app.models.core.User object at 0x000001C980FE9710>
RECEIVED TOKEN: eyJhbGciOiJIUzI1NiIsInR5cCI6IkpXVCJ9.eyJleHAiOjE3OTA4NDczMjYsInN1YiI6InVzZXJfM0hyd216MDhCT09yRTVYQnJhU01xZlNRWHhwIn0.khiFzMCbjZLX9freprXaJib6n2axAqT9Y9hdXWTOQRU
DECODED PAYLOAD: {'exp': 1790847326, 'sub': 'user_3Hrwmz08BOOrE5XBraSMqfSQXxp'}
GET_CURRENT_USER: user_3Hrwmz08BOOrE5XBraSMqfSQXxp -> <app.models.core.User object at 0x000001C9FEA6C050>
RECEIVED TOKEN: eyJhbGciOiJIUzI1NiIsInR5cCI6IkpXVCJ9.eyJleHAiOjE3OTA4NDczMjYsInN1YiI6InVzZXJfM0hyd216MDhCT09yRTVYQnJhU01xZlNRWHhwIn0.khiFzMCbjZLX9freprXaJib6n2axAqT9Y9hdXWTOQRU
DECODED PAYLOAD: {'exp': 1790847326, 'sub': 'user_3Hrwmz08BOOrE5XBraSMqfSQXxp'}
GET_CURRENT_USER: user_3Hrwmz08BOOrE5XBraSMqfSQXxp -> <app.models.core.User object at 0x000001C980FE9300>
RECEIVED TOKEN: eyJhbGciOiJIUzI1NiIsInR5cCI6IkpXVCJ9.eyJleHAiOjE3OTA4NDczMjYsInN1YiI6InVzZXJfM0hyd216MDhCT09yRTVYQnJhU01xZlNRWHhwIn0.khiFzMCbjZLX9freprXaJib6n2axAqT9Y9hdXWTOQRU
DECODED PAYLOAD: {'exp': 1790847326, 'sub': 'user_3Hrwmz08BOOrE5XBraSMqfSQXxp'}
GET_CURRENT_USER: user_3Hrwmz08BOOrE5XBraSMqfSQXxp -> <app.models.core.User object at 0x000001C9FEA6C050>
RECEIVED TOKEN: eyJhbGciOiJIUzI1NiIsInR5cCI6IkpXVCJ9.eyJleHAiOjE3OTA4NDczMjYsInN1YiI6InVzZXJfM0hyd216MDhCT09yRTVYQnJhU01xZlNRWHhwIn0.khiFzMCbjZLX9freprXaJib6n2axAqT9Y9hdXWTOQRU
DECODED PAYLOAD: {'exp': 1790847326, 'sub': 'user_3Hrwmz08BOOrE5XBraSMqfSQXxp'}
GET_CURRENT_USER: user_3Hrwmz08BOOrE5XBraSMqfSQXxp -> <app.models.core.User object at 0x000001C980FE9640>
RECEIVED TOKEN: eyJhbGciOiJIUzI1NiIsInR5cCI6IkpXVCJ9.eyJleHAiOjE3OTA4NDczMjYsInN1YiI6InVzZXJfM0hyd216MDhCT09yRTVYQnJhU01xZlNRWHhwIn0.khiFzMCbjZLX9freprXaJib6n2axAqT9Y9hdXWTOQRU
DECODED PAYLOAD: {'exp': 1790847326, 'sub': 'user_3Hrwmz08BOOrE5XBraSMqfSQXxp'}
GET_CURRENT_USER: user_3Hrwmz08BOOrE5XBraSMqfSQXxp -> <app.models.core.User object at 0x000001C9813DF450>
RECEIVED TOKEN: eyJhbGciOiJIUzI1NiIsInR5cCI6IkpXVCJ9.eyJleHAiOjE3OTA4NDczMjYsInN1YiI6InVzZXJfM0hyd216MDhCT09yRTVYQnJhU01xZlNRWHhwIn0.khiFzMCbjZLX9freprXaJib6n2axAqT9Y9hdXWTOQRU
DECODED PAYLOAD: {'exp': 1790847326, 'sub': 'user_3Hrwmz08BOOrE5XBraSMqfSQXxp'}
GET_CURRENT_USER: user_3Hrwmz08BOOrE5XBraSMqfSQXxp -> <app.models.core.User object at 0x000001C980FE8460>
RECEIVED TOKEN: eyJhbGciOiJIUzI1NiIsInR5cCI6IkpXVCJ9.eyJleHAiOjE3OTA4NDczMjYsInN1YiI6InVzZXJfM0hyd216MDhCT09yRTVYQnJhU01xZlNRWHhwIn0.khiFzMCbjZLX9freprXaJib6n2axAqT9Y9hdXWTOQRU
DECODED PAYLOAD: {'exp': 1790847326, 'sub': 'user_3Hrwmz08BOOrE5XBraSMqfSQXxp'}
GET_CURRENT_USER: user_3Hrwmz08BOOrE5XBraSMqfSQXxp -> <app.models.core.User object at 0x000001C98112E4E0>
RECEIVED TOKEN: eyJhbGciOiJIUzI1NiIsInR5cCI6IkpXVCJ9.eyJleHAiOjE3OTA4NDczMjYsInN1YiI6InVzZXJfM0hyd216MDhCT09yRTVYQnJhU01xZlNRWHhwIn0.khiFzMCbjZLX9freprXaJib6n2axAqT9Y9hdXWTOQRU
DECODED PAYLOAD: {'exp': 1790847326, 'sub': 'user_3Hrwmz08BOOrE5XBraSMqfSQXxp'}
GET_CURRENT_USER: user_3Hrwmz08BOOrE5XBraSMqfSQXxp -> <app.models.core.User object at 0x000001C9FEA6EC30>
RECEIVED TOKEN: eyJhbGciOiJIUzI1NiIsInR5cCI6IkpXVCJ9.eyJleHAiOjE3OTA4NDczMjYsInN1YiI6InVzZXJfM0hyd216MDhCT09yRTVYQnJhU01xZlNRWHhwIn0.khiFzMCbjZLX9freprXaJib6n2axAqT9Y9hdXWTOQRU
DECODED PAYLOAD: {'exp': 1790847326, 'sub': 'user_3Hrwmz08BOOrE5XBraSMqfSQXxp'}
GET_CURRENT_USER: user_3Hrwmz08BOOrE5XBraSMqfSQXxp -> <app.models.core.User object at 0x000001C9813DC390>
RECEIVED TOKEN: eyJhbGciOiJIUzI1NiIsInR5cCI6IkpXVCJ9.eyJleHAiOjE3OTA4NDczMjYsInN1YiI6InVzZXJfM0hyd216MDhCT09yRTVYQnJhU01xZlNRWHhwIn0.khiFzMCbjZLX9freprXaJib6n2axAqT9Y9hdXWTOQRU
DECODED PAYLOAD: {'exp': 1790847326, 'sub': 'user_3Hrwmz08BOOrE5XBraSMqfSQXxp'}
GET_CURRENT_USER: user_3Hrwmz08BOOrE5XBraSMqfSQXxp -> <app.models.core.User object at 0x000001C980FE8EF0>
RECEIVED TOKEN: eyJhbGciOiJIUzI1NiIsInR5cCI6IkpXVCJ9.eyJleHAiOjE3OTA4NDczMjYsInN1YiI6InVzZXJfM0hyd216MDhCT09yRTVYQnJhU01xZlNRWHhwIn0.khiFzMCbjZLX9freprXaJib6n2axAqT9Y9hdXWTOQRU
DECODED PAYLOAD: {'exp': 1790847326, 'sub': 'user_3Hrwmz08BOOrE5XBraSMqfSQXxp'}
GET_CURRENT_USER: user_3Hrwmz08BOOrE5XBraSMqfSQXxp -> <app.models.core.User object at 0x000001C98112DBF0>
RECEIVED TOKEN: eyJhbGciOiJIUzI1NiIsInR5cCI6IkpXVCJ9.eyJleHAiOjE3OTA4NDczMjYsInN1YiI6InVzZXJfM0hyd216MDhCT09yRTVYQnJhU01xZlNRWHhwIn0.khiFzMCbjZLX9freprXaJib6n2axAqT9Y9hdXWTOQRU
DECODED PAYLOAD: {'exp': 1790847326, 'sub': 'user_3Hrwmz08BOOrE5XBraSMqfSQXxp'}
GET_CURRENT_USER: user_3Hrwmz08BOOrE5XBraSMqfSQXxp -> <app.models.core.User object at 0x000001C980FE97E0>
RECEIVED TOKEN: eyJhbGciOiJIUzI1NiIsInR5cCI6IkpXVCJ9.eyJleHAiOjE3OTA4NDczMjYsInN1YiI6InVzZXJfM0hyd216MDhCT09yRTVYQnJhU01xZlNRWHhwIn0.khiFzMCbjZLX9freprXaJib6n2axAqT9Y9hdXWTOQRU
DECODED PAYLOAD: {'exp': 1790847326, 'sub': 'user_3Hrwmz08BOOrE5XBraSMqfSQXxp'}
GET_CURRENT_USER: user_3Hrwmz08BOOrE5XBraSMqfSQXxp -> <app.models.core.User object at 0x000001C9813DE680>
RECEIVED TOKEN: eyJhbGciOiJIUzI1NiIsInR5cCI6IkpXVCJ9.eyJleHAiOjE3OTA4NDczMjYsInN1YiI6InVzZXJfM0hyd216MDhCT09yRTVYQnJhU01xZlNRWHhwIn0.khiFzMCbjZLX9freprXaJib6n2axAqT9Y9hdXWTOQRU
DECODED PAYLOAD: {'exp': 1790847326, 'sub': 'user_3Hrwmz08BOOrE5XBraSMqfSQXxp'}
GET_CURRENT_USER: user_3Hrwmz08BOOrE5XBraSMqfSQXxp -> <app.models.core.User object at 0x000001C980FE9570>
RECEIVED TOKEN: eyJhbGciOiJIUzI1NiIsInR5cCI6IkpXVCJ9.eyJleHAiOjE3OTA4NDczMjYsInN1YiI6InVzZXJfM0hyd216MDhCT09yRTVYQnJhU01xZlNRWHhwIn0.khiFzMCbjZLX9freprXaJib6n2axAqT9Y9hdXWTOQRU
DECODED PAYLOAD: {'exp': 1790847326, 'sub': 'user_3Hrwmz08BOOrE5XBraSMqfSQXxp'}
GET_CURRENT_USER: user_3Hrwmz08BOOrE5XBraSMqfSQXxp -> <app.models.core.User object at 0x000001C9FED96680>
RECEIVED TOKEN: eyJhbGciOiJIUzI1NiIsInR5cCI6IkpXVCJ9.eyJleHAiOjE3OTA4NDczMjYsInN1YiI6InVzZXJfM0hyd216MDhCT09yRTVYQnJhU01xZlNRWHhwIn0.khiFzMCbjZLX9freprXaJib6n2axAqT9Y9hdXWTOQRU
DECODED PAYLOAD: {'exp': 1790847326, 'sub': 'user_3Hrwmz08BOOrE5XBraSMqfSQXxp'}
GET_CURRENT_USER: user_3Hrwmz08BOOrE5XBraSMqfSQXxp -> <app.models.core.User object at 0x000001C980FE9300>
RECEIVED TOKEN: eyJhbGciOiJIUzI1NiIsInR5cCI6IkpXVCJ9.eyJleHAiOjE3OTA4NDczMjYsInN1YiI6InVzZXJfM0hyd216MDhCT09yRTVYQnJhU01xZlNRWHhwIn0.khiFzMCbjZLX9freprXaJib6n2axAqT9Y9hdXWTOQRU
DECODED PAYLOAD: {'exp': 1790847326, 'sub': 'user_3Hrwmz08BOOrE5XBraSMqfSQXxp'}
GET_CURRENT_USER: user_3Hrwmz08BOOrE5XBraSMqfSQXxp -> <app.models.core.User object at 0x000001C9813DE8F0>
RECEIVED TOKEN: eyJhbGciOiJIUzI1NiIsInR5cCI6IkpXVCJ9.eyJleHAiOjE3OTA4NDczMjYsInN1YiI6InVzZXJfM0hyd216MDhCT09yRTVYQnJhU01xZlNRWHhwIn0.khiFzMCbjZLX9freprXaJib6n2axAqT9Y9hdXWTOQRU
DECODED PAYLOAD: {'exp': 1790847326, 'sub': 'user_3Hrwmz08BOOrE5XBraSMqfSQXxp'}
GET_CURRENT_USER: user_3Hrwmz08BOOrE5XBraSMqfSQXxp -> <app.models.core.User object at 0x000001C980FE9640>
RECEIVED TOKEN: eyJhbGciOiJIUzI1NiIsInR5cCI6IkpXVCJ9.eyJleHAiOjE3OTA4NDczMjYsInN1YiI6InVzZXJfM0hyd216MDhCT09yRTVYQnJhU01xZlNRWHhwIn0.khiFzMCbjZLX9freprXaJib6n2axAqT9Y9hdXWTOQRU
DECODED PAYLOAD: {'exp': 1790847326, 'sub': 'user_3Hrwmz08BOOrE5XBraSMqfSQXxp'}
GET_CURRENT_USER: user_3Hrwmz08BOOrE5XBraSMqfSQXxp -> <app.models.core.User object at 0x000001C9FEA6DBF0>
RECEIVED TOKEN: eyJhbGciOiJIUzI1NiIsInR5cCI6IkpXVCJ9.eyJleHAiOjE3OTA4NDczMjYsInN1YiI6InVzZXJfM0hyd216MDhCT09yRTVYQnJhU01xZlNRWHhwIn0.khiFzMCbjZLX9freprXaJib6n2axAqT9Y9hdXWTOQRU
DECODED PAYLOAD: {'exp': 1790847326, 'sub': 'user_3Hrwmz08BOOrE5XBraSMqfSQXxp'}
GET_CURRENT_USER: user_3Hrwmz08BOOrE5XBraSMqfSQXxp -> <app.models.core.User object at 0x000001C980FE9980>
RECEIVED TOKEN: eyJhbGciOiJIUzI1NiIsInR5cCI6IkpXVCJ9.eyJleHAiOjE3OTA4NDczMjYsInN1YiI6InVzZXJfM0hyd216MDhCT09yRTVYQnJhU01xZlNRWHhwIn0.khiFzMCbjZLX9freprXaJib6n2axAqT9Y9hdXWTOQRU
DECODED PAYLOAD: {'exp': 1790847326, 'sub': 'user_3Hrwmz08BOOrE5XBraSMqfSQXxp'}
GET_CURRENT_USER: user_3Hrwmz08BOOrE5XBraSMqfSQXxp -> <app.models.core.User object at 0x000001C9813DF5F0>
RECEIVED TOKEN: eyJhbGciOiJIUzI1NiIsInR5cCI6IkpXVCJ9.eyJleHAiOjE3OTA4NDczMjYsInN1YiI6InVzZXJfM0hyd216MDhCT09yRTVYQnJhU01xZlNRWHhwIn0.khiFzMCbjZLX9freprXaJib6n2axAqT9Y9hdXWTOQRU
DECODED PAYLOAD: {'exp': 1790847326, 'sub': 'user_3Hrwmz08BOOrE5XBraSMqfSQXxp'}
GET_CURRENT_USER: user_3Hrwmz08BOOrE5XBraSMqfSQXxp -> <app.models.core.User object at 0x000001C9813DE340>
RECEIVED TOKEN: eyJhbGciOiJIUzI1NiIsInR5cCI6IkpXVCJ9.eyJleHAiOjE3OTA4NDczMjYsInN1YiI6InVzZXJfM0hyd216MDhCT09yRTVYQnJhU01xZlNRWHhwIn0.khiFzMCbjZLX9freprXaJib6n2axAqT9Y9hdXWTOQRU
DECODED PAYLOAD: {'exp': 1790847326, 'sub': 'user_3Hrwmz08BOOrE5XBraSMqfSQXxp'}
GET_CURRENT_USER: user_3Hrwmz08BOOrE5XBraSMqfSQXxp -> <app.models.core.User object at 0x000001C9813DDCC0>
RECEIVED TOKEN: eyJhbGciOiJIUzI1NiIsInR5cCI6IkpXVCJ9.eyJleHAiOjE3OTA4NDczMjYsInN1YiI6InVzZXJfM0hyd216MDhCT09yRTVYQnJhU01xZlNRWHhwIn0.khiFzMCbjZLX9freprXaJib6n2axAqT9Y9hdXWTOQRU
DECODED PAYLOAD: {'exp': 1790847326, 'sub': 'user_3Hrwmz08BOOrE5XBraSMqfSQXxp'}
GET_CURRENT_USER: user_3Hrwmz08BOOrE5XBraSMqfSQXxp -> <app.models.core.User object at 0x000001C9813DD570>
RECEIVED TOKEN: eyJhbGciOiJIUzI1NiIsInR5cCI6IkpXVCJ9.eyJleHAiOjE3OTA4NDczMjYsInN1YiI6InVzZXJfM0hyd216MDhCT09yRTVYQnJhU01xZlNRWHhwIn0.khiFzMCbjZLX9freprXaJib6n2axAqT9Y9hdXWTOQRU
DECODED PAYLOAD: {'exp': 1790847326, 'sub': 'user_3Hrwmz08BOOrE5XBraSMqfSQXxp'}
GET_CURRENT_USER: user_3Hrwmz08BOOrE5XBraSMqfSQXxp -> <app.models.core.User object at 0x000001C9813DFD40>
RECEIVED TOKEN: eyJhbGciOiJIUzI1NiIsInR5cCI6IkpXVCJ9.eyJleHAiOjE3OTA4NDczMjYsInN1YiI6InVzZXJfM0hyd216MDhCT09yRTVYQnJhU01xZlNRWHhwIn0.khiFzMCbjZLX9freprXaJib6n2axAqT9Y9hdXWTOQRU
DECODED PAYLOAD: {'exp': 1790847326, 'sub': 'user_3Hrwmz08BOOrE5XBraSMqfSQXxp'}
GET_CURRENT_USER: user_3Hrwmz08BOOrE5XBraSMqfSQXxp -> <app.models.core.User object at 0x000001C9813DC390>
RECEIVED TOKEN: eyJhbGciOiJIUzI1NiIsInR5cCI6IkpXVCJ9.eyJleHAiOjE3OTA4NDczMjYsInN1YiI6InVzZXJfM0hyd216MDhCT09yRTVYQnJhU01xZlNRWHhwIn0.khiFzMCbjZLX9freprXaJib6n2axAqT9Y9hdXWTOQRU
DECODED PAYLOAD: {'exp': 1790847326, 'sub': 'user_3Hrwmz08BOOrE5XBraSMqfSQXxp'}
GET_CURRENT_USER: user_3Hrwmz08BOOrE5XBraSMqfSQXxp -> <app.models.core.User object at 0x000001C9813DEEA0>
RECEIVED TOKEN: eyJhbGciOiJIUzI1NiIsInR5cCI6IkpXVCJ9.eyJleHAiOjE3OTA4NDczMjYsInN1YiI6InVzZXJfM0hyd216MDhCT09yRTVYQnJhU01xZlNRWHhwIn0.khiFzMCbjZLX9freprXaJib6n2axAqT9Y9hdXWTOQRU
DECODED PAYLOAD: {'exp': 1790847326, 'sub': 'user_3Hrwmz08BOOrE5XBraSMqfSQXxp'}
GET_CURRENT_USER: user_3Hrwmz08BOOrE5XBraSMqfSQXxp -> <app.models.core.User object at 0x000001C9813DDD90>
RECEIVED TOKEN: eyJhbGciOiJIUzI1NiIsInR5cCI6IkpXVCJ9.eyJleHAiOjE3OTA4NDczMjYsInN1YiI6InVzZXJfM0hyd216MDhCT09yRTVYQnJhU01xZlNRWHhwIn0.khiFzMCbjZLX9freprXaJib6n2axAqT9Y9hdXWTOQRU
DECODED PAYLOAD: {'exp': 1790847326, 'sub': 'user_3Hrwmz08BOOrE5XBraSMqfSQXxp'}
GET_CURRENT_USER: user_3Hrwmz08BOOrE5XBraSMqfSQXxp -> <app.models.core.User object at 0x000001C9813DF2B0>
RECEIVED TOKEN: eyJhbGciOiJIUzI1NiIsInR5cCI6IkpXVCJ9.eyJleHAiOjE3OTA4NDczMjYsInN1YiI6InVzZXJfM0hyd216MDhCT09yRTVYQnJhU01xZlNRWHhwIn0.khiFzMCbjZLX9freprXaJib6n2axAqT9Y9hdXWTOQRU
DECODED PAYLOAD: {'exp': 1790847326, 'sub': 'user_3Hrwmz08BOOrE5XBraSMqfSQXxp'}
GET_CURRENT_USER: user_3Hrwmz08BOOrE5XBraSMqfSQXxp -> <app.models.core.User object at 0x000001C9813DF040>
RECEIVED TOKEN: eyJhbGciOiJIUzI1NiIsInR5cCI6IkpXVCJ9.eyJleHAiOjE3OTA4NDczMjYsInN1YiI6InVzZXJfM0hyd216MDhCT09yRTVYQnJhU01xZlNRWHhwIn0.khiFzMCbjZLX9freprXaJib6n2axAqT9Y9hdXWTOQRU
DECODED PAYLOAD: {'exp': 1790847326, 'sub': 'user_3Hrwmz08BOOrE5XBraSMqfSQXxp'}
GET_CURRENT_USER: user_3Hrwmz08BOOrE5XBraSMqfSQXxp -> <app.models.core.User object at 0x000001C9813DE820>
RECEIVED TOKEN: eyJhbGciOiJIUzI1NiIsInR5cCI6IkpXVCJ9.eyJleHAiOjE3OTA4NDczMjYsInN1YiI6InVzZXJfM0hyd216MDhCT09yRTVYQnJhU01xZlNRWHhwIn0.khiFzMCbjZLX9freprXaJib6n2axAqT9Y9hdXWTOQRU
DECODED PAYLOAD: {'exp': 1790847326, 'sub': 'user_3Hrwmz08BOOrE5XBraSMqfSQXxp'}
GET_CURRENT_USER: user_3Hrwmz08BOOrE5XBraSMqfSQXxp -> <app.models.core.User object at 0x000001C9813DCBB0>
RECEIVED TOKEN: eyJhbGciOiJIUzI1NiIsInR5cCI6IkpXVCJ9.eyJleHAiOjE3OTA4NDczMjYsInN1YiI6InVzZXJfM0hyd216MDhCT09yRTVYQnJhU01xZlNRWHhwIn0.khiFzMCbjZLX9freprXaJib6n2axAqT9Y9hdXWTOQRU
DECODED PAYLOAD: {'exp': 1790847326, 'sub': 'user_3Hrwmz08BOOrE5XBraSMqfSQXxp'}
GET_CURRENT_USER: user_3Hrwmz08BOOrE5XBraSMqfSQXxp -> <app.models.core.User object at 0x000001C9813DE820>
RECEIVED TOKEN: eyJhbGciOiJIUzI1NiIsInR5cCI6IkpXVCJ9.eyJleHAiOjE3OTA4NDczMjYsInN1YiI6InVzZXJfM0hyd216MDhCT09yRTVYQnJhU01xZlNRWHhwIn0.khiFzMCbjZLX9freprXaJib6n2axAqT9Y9hdXWTOQRU
DECODED PAYLOAD: {'exp': 1790847326, 'sub': 'user_3Hrwmz08BOOrE5XBraSMqfSQXxp'}
GET_CURRENT_USER: user_3Hrwmz08BOOrE5XBraSMqfSQXxp -> <app.models.core.User object at 0x000001C9FED97450>
RECEIVED TOKEN: eyJhbGciOiJIUzI1NiIsInR5cCI6IkpXVCJ9.eyJleHAiOjE3OTA4NDczMjYsInN1YiI6InVzZXJfM0hyd216MDhCT09yRTVYQnJhU01xZlNRWHhwIn0.khiFzMCbjZLX9freprXaJib6n2axAqT9Y9hdXWTOQRU
DECODED PAYLOAD: {'exp': 1790847326, 'sub': 'user_3Hrwmz08BOOrE5XBraSMqfSQXxp'}
GET_CURRENT_USER: user_3Hrwmz08BOOrE5XBraSMqfSQXxp -> <app.models.core.User object at 0x000001C9FED95710>
RECEIVED TOKEN: eyJhbGciOiJIUzI1NiIsInR5cCI6IkpXVCJ9.eyJleHAiOjE3OTA4NDczMjYsInN1YiI6InVzZXJfM0hyd216MDhCT09yRTVYQnJhU01xZlNRWHhwIn0.khiFzMCbjZLX9freprXaJib6n2axAqT9Y9hdXWTOQRU
DECODED PAYLOAD: {'exp': 1790847326, 'sub': 'user_3Hrwmz08BOOrE5XBraSMqfSQXxp'}
GET_CURRENT_USER: user_3Hrwmz08BOOrE5XBraSMqfSQXxp -> <app.models.core.User object at 0x000001C9FED95640>
RECEIVED TOKEN: eyJhbGciOiJIUzI1NiIsInR5cCI6IkpXVCJ9.eyJleHAiOjE3OTA4NDczMjYsInN1YiI6InVzZXJfM0hyd216MDhCT09yRTVYQnJhU01xZlNRWHhwIn0.khiFzMCbjZLX9freprXaJib6n2axAqT9Y9hdXWTOQRU
DECODED PAYLOAD: {'exp': 1790847326, 'sub': 'user_3Hrwmz08BOOrE5XBraSMqfSQXxp'}
GET_CURRENT_USER: user_3Hrwmz08BOOrE5XBraSMqfSQXxp -> <app.models.core.User object at 0x000001C9FED97450>
RECEIVED TOKEN: eyJhbGciOiJIUzI1NiIsInR5cCI6IkpXVCJ9.eyJleHAiOjE3OTA4NDczMjYsInN1YiI6InVzZXJfM0hyd216MDhCT09yRTVYQnJhU01xZlNRWHhwIn0.khiFzMCbjZLX9freprXaJib6n2axAqT9Y9hdXWTOQRU
DECODED PAYLOAD: {'exp': 1790847326, 'sub': 'user_3Hrwmz08BOOrE5XBraSMqfSQXxp'}
GET_CURRENT_USER: user_3Hrwmz08BOOrE5XBraSMqfSQXxp -> <app.models.core.User object at 0x000001C9FED95710>
RECEIVED TOKEN: eyJhbGciOiJIUzI1NiIsInR5cCI6IkpXVCJ9.eyJleHAiOjE3OTA4NDczMjYsInN1YiI6InVzZXJfM0hyd216MDhCT09yRTVYQnJhU01xZlNRWHhwIn0.khiFzMCbjZLX9freprXaJib6n2axAqT9Y9hdXWTOQRU
DECODED PAYLOAD: {'exp': 1790847326, 'sub': 'user_3Hrwmz08BOOrE5XBraSMqfSQXxp'}
GET_CURRENT_USER: user_3Hrwmz08BOOrE5XBraSMqfSQXxp -> <app.models.core.User object at 0x000001C9FED95640>
RECEIVED TOKEN: eyJhbGciOiJIUzI1NiIsInR5cCI6IkpXVCJ9.eyJleHAiOjE3OTA4NDczMjYsInN1YiI6InVzZXJfM0hyd216MDhCT09yRTVYQnJhU01xZlNRWHhwIn0.khiFzMCbjZLX9freprXaJib6n2axAqT9Y9hdXWTOQRU
DECODED PAYLOAD: {'exp': 1790847326, 'sub': 'user_3Hrwmz08BOOrE5XBraSMqfSQXxp'}
GET_CURRENT_USER: user_3Hrwmz08BOOrE5XBraSMqfSQXxp -> <app.models.core.User object at 0x000001C9813DEF70>
RECEIVED TOKEN: eyJhbGciOiJIUzI1NiIsInR5cCI6IkpXVCJ9.eyJleHAiOjE3OTA4NDczMjYsInN1YiI6InVzZXJfM0hyd216MDhCT09yRTVYQnJhU01xZlNRWHhwIn0.khiFzMCbjZLX9freprXaJib6n2axAqT9Y9hdXWTOQRU
DECODED PAYLOAD: {'exp': 1790847326, 'sub': 'user_3Hrwmz08BOOrE5XBraSMqfSQXxp'}
GET_CURRENT_USER: user_3Hrwmz08BOOrE5XBraSMqfSQXxp -> <app.models.core.User object at 0x000001C9813DEB60>
RECEIVED TOKEN: eyJhbGciOiJIUzI1NiIsInR5cCI6IkpXVCJ9.eyJleHAiOjE3OTA4NDczMjYsInN1YiI6InVzZXJfM0hyd216MDhCT09yRTVYQnJhU01xZlNRWHhwIn0.khiFzMCbjZLX9freprXaJib6n2axAqT9Y9hdXWTOQRU
DECODED PAYLOAD: {'exp': 1790847326, 'sub': 'user_3Hrwmz08BOOrE5XBraSMqfSQXxp'}
GET_CURRENT_USER: user_3Hrwmz08BOOrE5XBraSMqfSQXxp -> <app.models.core.User object at 0x000001C9813DF040>
RECEIVED TOKEN: eyJhbGciOiJIUzI1NiIsInR5cCI6IkpXVCJ9.eyJleHAiOjE3OTA4NDczMjYsInN1YiI6InVzZXJfM0hyd216MDhCT09yRTVYQnJhU01xZlNRWHhwIn0.khiFzMCbjZLX9freprXaJib6n2axAqT9Y9hdXWTOQRU
DECODED PAYLOAD: {'exp': 1790847326, 'sub': 'user_3Hrwmz08BOOrE5XBraSMqfSQXxp'}
GET_CURRENT_USER: user_3Hrwmz08BOOrE5XBraSMqfSQXxp -> <app.models.core.User object at 0x000001C9FED954A0>
RECEIVED TOKEN: eyJhbGciOiJIUzI1NiIsInR5cCI6IkpXVCJ9.eyJleHAiOjE3OTA4NDczMjYsInN1YiI6InVzZXJfM0hyd216MDhCT09yRTVYQnJhU01xZlNRWHhwIn0.khiFzMCbjZLX9freprXaJib6n2axAqT9Y9hdXWTOQRU
DECODED PAYLOAD: {'exp': 1790847326, 'sub': 'user_3Hrwmz08BOOrE5XBraSMqfSQXxp'}
RECEIVED TOKEN: eyJhbGciOiJIUzI1NiIsInR5cCI6IkpXVCJ9.eyJleHAiOjE3OTA4NDczMjYsInN1YiI6InVzZXJfM0hyd216MDhCT09yRTVYQnJhU01xZlNRWHhwIn0.khiFzMCbjZLX9freprXaJib6n2axAqT9Y9hdXWTOQRU
DECODED PAYLOAD: {'exp': 1790847326, 'sub': 'user_3Hrwmz08BOOrE5XBraSMqfSQXxp'}
GET_CURRENT_USER: user_3Hrwmz08BOOrE5XBraSMqfSQXxp -> <app.models.core.User object at 0x000001C98112D980>
RECEIVED TOKEN: eyJhbGciOiJIUzI1NiIsInR5cCI6IkpXVCJ9.eyJleHAiOjE3OTA4NDczMjYsInN1YiI6InVzZXJfM0hyd216MDhCT09yRTVYQnJhU01xZlNRWHhwIn0.khiFzMCbjZLX9freprXaJib6n2axAqT9Y9hdXWTOQRU
DECODED PAYLOAD: {'exp': 1790847326, 'sub': 'user_3Hrwmz08BOOrE5XBraSMqfSQXxp'}
RECEIVED TOKEN: eyJhbGciOiJIUzI1NiIsInR5cCI6IkpXVCJ9.eyJleHAiOjE3OTA4NDczMjYsInN1YiI6InVzZXJfM0hyd216MDhCT09yRTVYQnJhU01xZlNRWHhwIn0.khiFzMCbjZLX9freprXaJib6n2axAqT9Y9hdXWTOQRU
DECODED PAYLOAD: {'exp': 1790847326, 'sub': 'user_3Hrwmz08BOOrE5XBraSMqfSQXxp'}
GET_CURRENT_USER: user_3Hrwmz08BOOrE5XBraSMqfSQXxp -> <app.models.core.User object at 0x000001C9FED97450>
GET_CURRENT_USER: user_3Hrwmz08BOOrE5XBraSMqfSQXxp -> <app.models.core.User object at 0x000001C9813DF1E0>
RECEIVED TOKEN: eyJhbGciOiJIUzI1NiIsInR5cCI6IkpXVCJ9.eyJleHAiOjE3OTA4NDczMjYsInN1YiI6InVzZXJfM0hyd216MDhCT09yRTVYQnJhU01xZlNRWHhwIn0.khiFzMCbjZLX9freprXaJib6n2axAqT9Y9hdXWTOQRU
DECODED PAYLOAD: {'exp': 1790847326, 'sub': 'user_3Hrwmz08BOOrE5XBraSMqfSQXxp'}
GET_CURRENT_USER: user_3Hrwmz08BOOrE5XBraSMqfSQXxp -> <app.models.core.User object at 0x000001C9FED95640>
RECEIVED TOKEN: eyJhbGciOiJIUzI1NiIsInR5cCI6IkpXVCJ9.eyJleHAiOjE3OTA4NDczMjYsInN1YiI6InVzZXJfM0hyd216MDhCT09yRTVYQnJhU01xZlNRWHhwIn0.khiFzMCbjZLX9freprXaJib6n2axAqT9Y9hdXWTOQRU
DECODED PAYLOAD: {'exp': 1790847326, 'sub': 'user_3Hrwmz08BOOrE5XBraSMqfSQXxp'}
GET_CURRENT_USER: user_3Hrwmz08BOOrE5XBraSMqfSQXxp -> <app.models.core.User object at 0x000001C9813DF930>
RECEIVED TOKEN: eyJhbGciOiJIUzI1NiIsInR5cCI6IkpXVCJ9.eyJleHAiOjE3OTA4NDczMjYsInN1YiI6InVzZXJfM0hyd216MDhCT09yRTVYQnJhU01xZlNRWHhwIn0.khiFzMCbjZLX9freprXaJib6n2axAqT9Y9hdXWTOQRU
DECODED PAYLOAD: {'exp': 1790847326, 'sub': 'user_3Hrwmz08BOOrE5XBraSMqfSQXxp'}
GET_CURRENT_USER: user_3Hrwmz08BOOrE5XBraSMqfSQXxp -> <app.models.core.User object at 0x000001C9813DD300>
REQUIRE_ADMIN: user_3Hrwmz08BOOrE5XBraSMqfSQXxp -> admin
RECEIVED TOKEN: eyJhbGciOiJIUzI1NiIsInR5cCI6IkpXVCJ9.eyJleHAiOjE3OTA4NDczMjYsInN1YiI6InVzZXJfM0hyd216MDhCT09yRTVYQnJhU01xZlNRWHhwIn0.khiFzMCbjZLX9freprXaJib6n2axAqT9Y9hdXWTOQRU
DECODED PAYLOAD: {'exp': 1790847326, 'sub': 'user_3Hrwmz08BOOrE5XBraSMqfSQXxp'}
RECEIVED TOKEN: eyJhbGciOiJIUzI1NiIsInR5cCI6IkpXVCJ9.eyJleHAiOjE3OTA4NDczMjYsInN1YiI6InVzZXJfM0hyd216MDhCT09yRTVYQnJhU01xZlNRWHhwIn0.khiFzMCbjZLX9freprXaJib6n2axAqT9Y9hdXWTOQRU
DECODED PAYLOAD: {'exp': 1790847326, 'sub': 'user_3Hrwmz08BOOrE5XBraSMqfSQXxp'}
GET_CURRENT_USER: user_3Hrwmz08BOOrE5XBraSMqfSQXxp -> <app.models.core.User object at 0x000001C9813DF2B0>
RECEIVED TOKEN: eyJhbGciOiJIUzI1NiIsInR5cCI6IkpXVCJ9.eyJleHAiOjE3OTA4NDczMjYsInN1YiI6InVzZXJfM0hyd216MDhCT09yRTVYQnJhU01xZlNRWHhwIn0.khiFzMCbjZLX9freprXaJib6n2axAqT9Y9hdXWTOQRU
DECODED PAYLOAD: {'exp': 1790847326, 'sub': 'user_3Hrwmz08BOOrE5XBraSMqfSQXxp'}
GET_CURRENT_USER: user_3Hrwmz08BOOrE5XBraSMqfSQXxp -> <app.models.core.User object at 0x000001C9813DF5F0>
GET_CURRENT_USER: user_3Hrwmz08BOOrE5XBraSMqfSQXxp -> <app.models.core.User object at 0x000001C9813DD570>
RECEIVED TOKEN: eyJhbGciOiJIUzI1NiIsInR5cCI6IkpXVCJ9.eyJleHAiOjE3OTA4NDczMjYsInN1YiI6InVzZXJfM0hyd216MDhCT09yRTVYQnJhU01xZlNRWHhwIn0.khiFzMCbjZLX9freprXaJib6n2axAqT9Y9hdXWTOQRU
DECODED PAYLOAD: {'exp': 1790847326, 'sub': 'user_3Hrwmz08BOOrE5XBraSMqfSQXxp'}
GET_CURRENT_USER: user_3Hrwmz08BOOrE5XBraSMqfSQXxp -> <app.models.core.User object at 0x000001C98112F790>
RECEIVED TOKEN: eyJhbGciOiJIUzI1NiIsInR5cCI6IkpXVCJ9.eyJleHAiOjE3OTA4NDczMjYsInN1YiI6InVzZXJfM0hyd216MDhCT09yRTVYQnJhU01xZlNRWHhwIn0.khiFzMCbjZLX9freprXaJib6n2axAqT9Y9hdXWTOQRU
DECODED PAYLOAD: {'exp': 1790847326, 'sub': 'user_3Hrwmz08BOOrE5XBraSMqfSQXxp'}
GET_CURRENT_USER: user_3Hrwmz08BOOrE5XBraSMqfSQXxp -> <app.models.core.User object at 0x000001C9FEA6DBF0>
RECEIVED TOKEN: eyJhbGciOiJIUzI1NiIsInR5cCI6IkpXVCJ9.eyJleHAiOjE3OTA4NDczMjYsInN1YiI6InVzZXJfM0hyd216MDhCT09yRTVYQnJhU01xZlNRWHhwIn0.khiFzMCbjZLX9freprXaJib6n2axAqT9Y9hdXWTOQRU
DECODED PAYLOAD: {'exp': 1790847326, 'sub': 'user_3Hrwmz08BOOrE5XBraSMqfSQXxp'}
GET_CURRENT_USER: user_3Hrwmz08BOOrE5XBraSMqfSQXxp -> <app.models.core.User object at 0x000001C9FED97450>
RECEIVED TOKEN: eyJhbGciOiJIUzI1NiIsInR5cCI6IkpXVCJ9.eyJleHAiOjE3OTA4NDczMjYsInN1YiI6InVzZXJfM0hyd216MDhCT09yRTVYQnJhU01xZlNRWHhwIn0.khiFzMCbjZLX9freprXaJib6n2axAqT9Y9hdXWTOQRU
DECODED PAYLOAD: {'exp': 1790847326, 'sub': 'user_3Hrwmz08BOOrE5XBraSMqfSQXxp'}
RECEIVED TOKEN: eyJhbGciOiJIUzI1NiIsInR5cCI6IkpXVCJ9.eyJleHAiOjE3OTA4NDczMjYsInN1YiI6InVzZXJfM0hyd216MDhCT09yRTVYQnJhU01xZlNRWHhwIn0.khiFzMCbjZLX9freprXaJib6n2axAqT9Y9hdXWTOQRU
DECODED PAYLOAD: {'exp': 1790847326, 'sub': 'user_3Hrwmz08BOOrE5XBraSMqfSQXxp'}
GET_CURRENT_USER: user_3Hrwmz08BOOrE5XBraSMqfSQXxp -> <app.models.core.User object at 0x000001C98112D300>
RECEIVED TOKEN: eyJhbGciOiJIUzI1NiIsInR5cCI6IkpXVCJ9.eyJleHAiOjE3OTA4NDczMjYsInN1YiI6InVzZXJfM0hyd216MDhCT09yRTVYQnJhU01xZlNRWHhwIn0.khiFzMCbjZLX9freprXaJib6n2axAqT9Y9hdXWTOQRU
DECODED PAYLOAD: {'exp': 1790847326, 'sub': 'user_3Hrwmz08BOOrE5XBraSMqfSQXxp'}
RECEIVED TOKEN: eyJhbGciOiJIUzI1NiIsInR5cCI6IkpXVCJ9.eyJleHAiOjE3OTA4NDczMjYsInN1YiI6InVzZXJfM0hyd216MDhCT09yRTVYQnJhU01xZlNRWHhwIn0.khiFzMCbjZLX9freprXaJib6n2axAqT9Y9hdXWTOQRU
DECODED PAYLOAD: {'exp': 1790847326, 'sub': 'user_3Hrwmz08BOOrE5XBraSMqfSQXxp'}
GET_CURRENT_USER: user_3Hrwmz08BOOrE5XBraSMqfSQXxp -> <app.models.core.User object at 0x000001C98112E5B0>
GET_CURRENT_USER: user_3Hrwmz08BOOrE5XBraSMqfSQXxp -> <app.models.core.User object at 0x000001C980FE8600>
RECEIVED TOKEN: eyJhbGciOiJIUzI1NiIsInR5cCI6IkpXVCJ9.eyJleHAiOjE3OTA4NDczMjYsInN1YiI6InVzZXJfM0hyd216MDhCT09yRTVYQnJhU01xZlNRWHhwIn0.khiFzMCbjZLX9freprXaJib6n2axAqT9Y9hdXWTOQRU
DECODED PAYLOAD: {'exp': 1790847326, 'sub': 'user_3Hrwmz08BOOrE5XBraSMqfSQXxp'}
GET_CURRENT_USER: user_3Hrwmz08BOOrE5XBraSMqfSQXxp -> <app.models.core.User object at 0x000001C98112E5B0>
RECEIVED TOKEN: eyJhbGciOiJIUzI1NiIsInR5cCI6IkpXVCJ9.eyJleHAiOjE3OTA4NDczMjYsInN1YiI6InVzZXJfM0hyd216MDhCT09yRTVYQnJhU01xZlNRWHhwIn0.khiFzMCbjZLX9freprXaJib6n2axAqT9Y9hdXWTOQRU
DECODED PAYLOAD: {'exp': 1790847326, 'sub': 'user_3Hrwmz08BOOrE5XBraSMqfSQXxp'}
GET_CURRENT_USER: user_3Hrwmz08BOOrE5XBraSMqfSQXxp -> <app.models.core.User object at 0x000001C98112E5B0>
RECEIVED TOKEN: eyJhbGciOiJIUzI1NiIsInR5cCI6IkpXVCJ9.eyJleHAiOjE3OTA4NDczMjYsInN1YiI6InVzZXJfM0hyd216MDhCT09yRTVYQnJhU01xZlNRWHhwIn0.khiFzMCbjZLX9freprXaJib6n2axAqT9Y9hdXWTOQRU
DECODED PAYLOAD: {'exp': 1790847326, 'sub': 'user_3Hrwmz08BOOrE5XBraSMqfSQXxp'}
GET_CURRENT_USER: user_3Hrwmz08BOOrE5XBraSMqfSQXxp -> <app.models.core.User object at 0x000001C9FED954A0>
REQUIRE_ADMIN: user_3Hrwmz08BOOrE5XBraSMqfSQXxp -> admin
RECEIVED TOKEN: eyJhbGciOiJIUzI1NiIsInR5cCI6IkpXVCJ9.eyJleHAiOjE3OTA4NDczMjYsInN1YiI6InVzZXJfM0hyd216MDhCT09yRTVYQnJhU01xZlNRWHhwIn0.khiFzMCbjZLX9freprXaJib6n2axAqT9Y9hdXWTOQRU
DECODED PAYLOAD: {'exp': 1790847326, 'sub': 'user_3Hrwmz08BOOrE5XBraSMqfSQXxp'}
GET_CURRENT_USER: user_3Hrwmz08BOOrE5XBraSMqfSQXxp -> <app.models.core.User object at 0x000001C98112DB20>
REQUIRE_ADMIN: user_3Hrwmz08BOOrE5XBraSMqfSQXxp -> admin
RECEIVED TOKEN: eyJhbGciOiJIUzI1NiIsInR5cCI6IkpXVCJ9.eyJleHAiOjE3OTA4NDczMjYsInN1YiI6InVzZXJfM0hyd216MDhCT09yRTVYQnJhU01xZlNRWHhwIn0.khiFzMCbjZLX9freprXaJib6n2axAqT9Y9hdXWTOQRU
DECODED PAYLOAD: {'exp': 1790847326, 'sub': 'user_3Hrwmz08BOOrE5XBraSMqfSQXxp'}
GET_CURRENT_USER: user_3Hrwmz08BOOrE5XBraSMqfSQXxp -> <app.models.core.User object at 0x000001C9813DE410>
REQUIRE_ADMIN: user_3Hrwmz08BOOrE5XBraSMqfSQXxp -> admin
RECEIVED TOKEN: eyJhbGciOiJIUzI1NiIsInR5cCI6IkpXVCJ9.eyJleHAiOjE3OTA4NDczMjYsInN1YiI6InVzZXJfM0hyd216MDhCT09yRTVYQnJhU01xZlNRWHhwIn0.khiFzMCbjZLX9freprXaJib6n2axAqT9Y9hdXWTOQRU
DECODED PAYLOAD: {'exp': 1790847326, 'sub': 'user_3Hrwmz08BOOrE5XBraSMqfSQXxp'}
GET_CURRENT_USER: user_3Hrwmz08BOOrE5XBraSMqfSQXxp -> <app.models.core.User object at 0x000001C9813DF040>
REQUIRE_ADMIN: user_3Hrwmz08BOOrE5XBraSMqfSQXxp -> admin
RECEIVED TOKEN: eyJhbGciOiJIUzI1NiIsInR5cCI6IkpXVCJ9.eyJleHAiOjE3OTA4NDczMjYsInN1YiI6InVzZXJfM0hyd216MDhCT09yRTVYQnJhU01xZlNRWHhwIn0.khiFzMCbjZLX9freprXaJib6n2axAqT9Y9hdXWTOQRU
DECODED PAYLOAD: {'exp': 1790847326, 'sub': 'user_3Hrwmz08BOOrE5XBraSMqfSQXxp'}
GET_CURRENT_USER: user_3Hrwmz08BOOrE5XBraSMqfSQXxp -> <app.models.core.User object at 0x000001C9813DD710>
RECEIVED TOKEN: eyJhbGciOiJIUzI1NiIsInR5cCI6IkpXVCJ9.eyJleHAiOjE3OTA4NDczMjYsInN1YiI6InVzZXJfM0hyd216MDhCT09yRTVYQnJhU01xZlNRWHhwIn0.khiFzMCbjZLX9freprXaJib6n2axAqT9Y9hdXWTOQRU
DECODED PAYLOAD: {'exp': 1790847326, 'sub': 'user_3Hrwmz08BOOrE5XBraSMqfSQXxp'}
RECEIVED TOKEN: eyJhbGciOiJIUzI1NiIsInR5cCI6IkpXVCJ9.eyJleHAiOjE3OTA4NDczMjYsInN1YiI6InVzZXJfM0hyd216MDhCT09yRTVYQnJhU01xZlNRWHhwIn0.khiFzMCbjZLX9freprXaJib6n2axAqT9Y9hdXWTOQRU
DECODED PAYLOAD: {'exp': 1790847326, 'sub': 'user_3Hrwmz08BOOrE5XBraSMqfSQXxp'}
GET_CURRENT_USER: user_3Hrwmz08BOOrE5XBraSMqfSQXxp -> <app.models.core.User object at 0x000001C9813DFEE0>
GET_CURRENT_USER: user_3Hrwmz08BOOrE5XBraSMqfSQXxp -> <app.models.core.User object at 0x000001C98112D160>
RECEIVED TOKEN: eyJhbGciOiJIUzI1NiIsInR5cCI6IkpXVCJ9.eyJleHAiOjE3OTA4NDczMjYsInN1YiI6InVzZXJfM0hyd216MDhCT09yRTVYQnJhU01xZlNRWHhwIn0.khiFzMCbjZLX9freprXaJib6n2axAqT9Y9hdXWTOQRU
DECODED PAYLOAD: {'exp': 1790847326, 'sub': 'user_3Hrwmz08BOOrE5XBraSMqfSQXxp'}
GET_CURRENT_USER: user_3Hrwmz08BOOrE5XBraSMqfSQXxp -> <app.models.core.User object at 0x000001C9FED97450>
RECEIVED TOKEN: eyJhbGciOiJIUzI1NiIsInR5cCI6IkpXVCJ9.eyJleHAiOjE3OTA4NDczMjYsInN1YiI6InVzZXJfM0hyd216MDhCT09yRTVYQnJhU01xZlNRWHhwIn0.khiFzMCbjZLX9freprXaJib6n2axAqT9Y9hdXWTOQRU
DECODED PAYLOAD: {'exp': 1790847326, 'sub': 'user_3Hrwmz08BOOrE5XBraSMqfSQXxp'}
GET_CURRENT_USER: user_3Hrwmz08BOOrE5XBraSMqfSQXxp -> <app.models.core.User object at 0x000001C9FED97450>
RECEIVED TOKEN: eyJhbGciOiJIUzI1NiIsInR5cCI6IkpXVCJ9.eyJleHAiOjE3OTA4NDczMjYsInN1YiI6InVzZXJfM0hyd216MDhCT09yRTVYQnJhU01xZlNRWHhwIn0.khiFzMCbjZLX9freprXaJib6n2axAqT9Y9hdXWTOQRU
DECODED PAYLOAD: {'exp': 1790847326, 'sub': 'user_3Hrwmz08BOOrE5XBraSMqfSQXxp'}
GET_CURRENT_USER: user_3Hrwmz08BOOrE5XBraSMqfSQXxp -> <app.models.core.User object at 0x000001C9813DF520>
RECEIVED TOKEN: eyJhbGciOiJIUzI1NiIsInR5cCI6IkpXVCJ9.eyJleHAiOjE3OTA4NDczMjYsInN1YiI6InVzZXJfM0hyd216MDhCT09yRTVYQnJhU01xZlNRWHhwIn0.khiFzMCbjZLX9freprXaJib6n2axAqT9Y9hdXWTOQRU
DECODED PAYLOAD: {'exp': 1790847326, 'sub': 'user_3Hrwmz08BOOrE5XBraSMqfSQXxp'}
GET_CURRENT_USER: user_3Hrwmz08BOOrE5XBraSMqfSQXxp -> <app.models.core.User object at 0x000001C9813DFE10>
RECEIVED TOKEN: eyJhbGciOiJIUzI1NiIsInR5cCI6IkpXVCJ9.eyJleHAiOjE3OTA4NDczMjYsInN1YiI6InVzZXJfM0hyd216MDhCT09yRTVYQnJhU01xZlNRWHhwIn0.khiFzMCbjZLX9freprXaJib6n2axAqT9Y9hdXWTOQRU
DECODED PAYLOAD: {'exp': 1790847326, 'sub': 'user_3Hrwmz08BOOrE5XBraSMqfSQXxp'}
GET_CURRENT_USER: user_3Hrwmz08BOOrE5XBraSMqfSQXxp -> <app.models.core.User object at 0x000001C9813DFE10>
RECEIVED TOKEN: eyJhbGciOiJIUzI1NiIsInR5cCI6IkpXVCJ9.eyJleHAiOjE3OTA4NDczMjYsInN1YiI6InVzZXJfM0hyd216MDhCT09yRTVYQnJhU01xZlNRWHhwIn0.khiFzMCbjZLX9freprXaJib6n2axAqT9Y9hdXWTOQRU
DECODED PAYLOAD: {'exp': 1790847326, 'sub': 'user_3Hrwmz08BOOrE5XBraSMqfSQXxp'}
GET_CURRENT_USER: user_3Hrwmz08BOOrE5XBraSMqfSQXxp -> <app.models.core.User object at 0x000001C9813DFE10>
RECEIVED TOKEN: eyJhbGciOiJIUzI1NiIsInR5cCI6IkpXVCJ9.eyJleHAiOjE3OTA4NDczMjYsInN1YiI6InVzZXJfM0hyd216MDhCT09yRTVYQnJhU01xZlNRWHhwIn0.khiFzMCbjZLX9freprXaJib6n2axAqT9Y9hdXWTOQRU
DECODED PAYLOAD: {'exp': 1790847326, 'sub': 'user_3Hrwmz08BOOrE5XBraSMqfSQXxp'}
GET_CURRENT_USER: user_3Hrwmz08BOOrE5XBraSMqfSQXxp -> <app.models.core.User object at 0x000001C98112FE10>
RECEIVED TOKEN: eyJhbGciOiJIUzI1NiIsInR5cCI6IkpXVCJ9.eyJleHAiOjE3OTA4NDczMjYsInN1YiI6InVzZXJfM0hyd216MDhCT09yRTVYQnJhU01xZlNRWHhwIn0.khiFzMCbjZLX9freprXaJib6n2axAqT9Y9hdXWTOQRU
DECODED PAYLOAD: {'exp': 1790847326, 'sub': 'user_3Hrwmz08BOOrE5XBraSMqfSQXxp'}
GET_CURRENT_USER: user_3Hrwmz08BOOrE5XBraSMqfSQXxp -> <app.models.core.User object at 0x000001C98112F5F0>
RECEIVED TOKEN: eyJhbGciOiJIUzI1NiIsInR5cCI6IkpXVCJ9.eyJleHAiOjE3OTA4NDczMjYsInN1YiI6InVzZXJfM0hyd216MDhCT09yRTVYQnJhU01xZlNRWHhwIn0.khiFzMCbjZLX9freprXaJib6n2axAqT9Y9hdXWTOQRU
DECODED PAYLOAD: {'exp': 1790847326, 'sub': 'user_3Hrwmz08BOOrE5XBraSMqfSQXxp'}
GET_CURRENT_USER: user_3Hrwmz08BOOrE5XBraSMqfSQXxp -> <app.models.core.User object at 0x000001C98112EA90>
RECEIVED TOKEN: eyJhbGciOiJIUzI1NiIsInR5cCI6IkpXVCJ9.eyJleHAiOjE3OTA4NDczMjYsInN1YiI6InVzZXJfM0hyd216MDhCT09yRTVYQnJhU01xZlNRWHhwIn0.khiFzMCbjZLX9freprXaJib6n2axAqT9Y9hdXWTOQRU
DECODED PAYLOAD: {'exp': 1790847326, 'sub': 'user_3Hrwmz08BOOrE5XBraSMqfSQXxp'}
GET_CURRENT_USER: user_3Hrwmz08BOOrE5XBraSMqfSQXxp -> <app.models.core.User object at 0x000001C98112EEA0>
RECEIVED TOKEN: eyJhbGciOiJIUzI1NiIsInR5cCI6IkpXVCJ9.eyJleHAiOjE3OTA4NDczMjYsInN1YiI6InVzZXJfM0hyd216MDhCT09yRTVYQnJhU01xZlNRWHhwIn0.khiFzMCbjZLX9freprXaJib6n2axAqT9Y9hdXWTOQRU
DECODED PAYLOAD: {'exp': 1790847326, 'sub': 'user_3Hrwmz08BOOrE5XBraSMqfSQXxp'}
GET_CURRENT_USER: user_3Hrwmz08BOOrE5XBraSMqfSQXxp -> <app.models.core.User object at 0x000001C98112DCC0>
RECEIVED TOKEN: eyJhbGciOiJIUzI1NiIsInR5cCI6IkpXVCJ9.eyJleHAiOjE3OTA4NDczMjYsInN1YiI6InVzZXJfM0hyd216MDhCT09yRTVYQnJhU01xZlNRWHhwIn0.khiFzMCbjZLX9freprXaJib6n2axAqT9Y9hdXWTOQRU
DECODED PAYLOAD: {'exp': 1790847326, 'sub': 'user_3Hrwmz08BOOrE5XBraSMqfSQXxp'}
GET_CURRENT_USER: user_3Hrwmz08BOOrE5XBraSMqfSQXxp -> <app.models.core.User object at 0x000001C98112DCC0>
RECEIVED TOKEN: eyJhbGciOiJIUzI1NiIsInR5cCI6IkpXVCJ9.eyJleHAiOjE3OTA4NDczMjYsInN1YiI6InVzZXJfM0hyd216MDhCT09yRTVYQnJhU01xZlNRWHhwIn0.khiFzMCbjZLX9freprXaJib6n2axAqT9Y9hdXWTOQRU
DECODED PAYLOAD: {'exp': 1790847326, 'sub': 'user_3Hrwmz08BOOrE5XBraSMqfSQXxp'}
GET_CURRENT_USER: user_3Hrwmz08BOOrE5XBraSMqfSQXxp -> <app.models.core.User object at 0x000001C98112EEA0>
RECEIVED TOKEN: eyJhbGciOiJIUzI1NiIsInR5cCI6IkpXVCJ9.eyJleHAiOjE3OTA4NDczMjYsInN1YiI6InVzZXJfM0hyd216MDhCT09yRTVYQnJhU01xZlNRWHhwIn0.khiFzMCbjZLX9freprXaJib6n2axAqT9Y9hdXWTOQRU
DECODED PAYLOAD: {'exp': 1790847326, 'sub': 'user_3Hrwmz08BOOrE5XBraSMqfSQXxp'}
GET_CURRENT_USER: user_3Hrwmz08BOOrE5XBraSMqfSQXxp -> <app.models.core.User object at 0x000001C98112D980>
RECEIVED TOKEN: eyJhbGciOiJIUzI1NiIsInR5cCI6IkpXVCJ9.eyJleHAiOjE3OTA4NDczMjYsInN1YiI6InVzZXJfM0hyd216MDhCT09yRTVYQnJhU01xZlNRWHhwIn0.khiFzMCbjZLX9freprXaJib6n2axAqT9Y9hdXWTOQRU
DECODED PAYLOAD: {'exp': 1790847326, 'sub': 'user_3Hrwmz08BOOrE5XBraSMqfSQXxp'}
GET_CURRENT_USER: user_3Hrwmz08BOOrE5XBraSMqfSQXxp -> <app.models.core.User object at 0x000001C980FE81F0>
RECEIVED TOKEN: eyJhbGciOiJIUzI1NiIsInR5cCI6IkpXVCJ9.eyJleHAiOjE3OTA4NDczMjYsInN1YiI6InVzZXJfM0hyd216MDhCT09yRTVYQnJhU01xZlNRWHhwIn0.khiFzMCbjZLX9freprXaJib6n2axAqT9Y9hdXWTOQRU
DECODED PAYLOAD: {'exp': 1790847326, 'sub': 'user_3Hrwmz08BOOrE5XBraSMqfSQXxp'}
GET_CURRENT_USER: user_3Hrwmz08BOOrE5XBraSMqfSQXxp -> <app.models.core.User object at 0x000001E5E5D45940>
RECEIVED TOKEN: eyJhbGciOiJIUzI1NiIsInR5cCI6IkpXVCJ9.eyJleHAiOjE3OTA4NDczMjYsInN1YiI6InVzZXJfM0hyd216MDhCT09yRTVYQnJhU01xZlNRWHhwIn0.khiFzMCbjZLX9freprXaJib6n2axAqT9Y9hdXWTOQRU
DECODED PAYLOAD: {'exp': 1790847326, 'sub': 'user_3Hrwmz08BOOrE5XBraSMqfSQXxp'}
GET_CURRENT_USER: user_3Hrwmz08BOOrE5XBraSMqfSQXxp -> <app.models.core.User object at 0x000001E5E5FC0690>
RECEIVED TOKEN: eyJhbGciOiJIUzI1NiIsInR5cCI6IkpXVCJ9.eyJleHAiOjE3OTA4NDczMjYsInN1YiI6InVzZXJfM0hyd216MDhCT09yRTVYQnJhU01xZlNRWHhwIn0.khiFzMCbjZLX9freprXaJib6n2axAqT9Y9hdXWTOQRU
DECODED PAYLOAD: {'exp': 1790847326, 'sub': 'user_3Hrwmz08BOOrE5XBraSMqfSQXxp'}
GET_CURRENT_USER: user_3Hrwmz08BOOrE5XBraSMqfSQXxp -> <app.models.core.User object at 0x000001E5E5CD9BD0>
RECEIVED TOKEN: eyJhbGciOiJIUzI1NiIsInR5cCI6IkpXVCJ9.eyJleHAiOjE3OTA4NDczMjYsInN1YiI6InVzZXJfM0hyd216MDhCT09yRTVYQnJhU01xZlNRWHhwIn0.khiFzMCbjZLX9freprXaJib6n2axAqT9Y9hdXWTOQRU
DECODED PAYLOAD: {'exp': 1790847326, 'sub': 'user_3Hrwmz08BOOrE5XBraSMqfSQXxp'}
GET_CURRENT_USER: user_3Hrwmz08BOOrE5XBraSMqfSQXxp -> <app.models.core.User object at 0x000001E5E5FCDA70>
RECEIVED TOKEN: eyJhbGciOiJIUzI1NiIsInR5cCI6IkpXVCJ9.eyJleHAiOjE3OTA4NDczMjYsInN1YiI6InVzZXJfM0hyd216MDhCT09yRTVYQnJhU01xZlNRWHhwIn0.khiFzMCbjZLX9freprXaJib6n2axAqT9Y9hdXWTOQRU
DECODED PAYLOAD: {'exp': 1790847326, 'sub': 'user_3Hrwmz08BOOrE5XBraSMqfSQXxp'}
GET_CURRENT_USER: user_3Hrwmz08BOOrE5XBraSMqfSQXxp -> <app.models.core.User object at 0x000001E5E5FCF490>
RECEIVED TOKEN: eyJhbGciOiJIUzI1NiIsInR5cCI6IkpXVCJ9.eyJleHAiOjE3OTA4NDczMjYsInN1YiI6InVzZXJfM0hyd216MDhCT09yRTVYQnJhU01xZlNRWHhwIn0.khiFzMCbjZLX9freprXaJib6n2axAqT9Y9hdXWTOQRU
DECODED PAYLOAD: {'exp': 1790847326, 'sub': 'user_3Hrwmz08BOOrE5XBraSMqfSQXxp'}
RECEIVED TOKEN: eyJhbGciOiJIUzI1NiIsInR5cCI6IkpXVCJ9.eyJleHAiOjE3OTA4NDczMjYsInN1YiI6InVzZXJfM0hyd216MDhCT09yRTVYQnJhU01xZlNRWHhwIn0.khiFzMCbjZLX9freprXaJib6n2axAqT9Y9hdXWTOQRU
DECODED PAYLOAD: {'exp': 1790847326, 'sub': 'user_3Hrwmz08BOOrE5XBraSMqfSQXxp'}
GET_CURRENT_USER: user_3Hrwmz08BOOrE5XBraSMqfSQXxp -> <app.models.core.User object at 0x000001E5E5FCBAC0>
RECEIVED TOKEN: eyJhbGciOiJIUzI1NiIsInR5cCI6IkpXVCJ9.eyJleHAiOjE3OTA4NDczMjYsInN1YiI6InVzZXJfM0hyd216MDhCT09yRTVYQnJhU01xZlNRWHhwIn0.khiFzMCbjZLX9freprXaJib6n2axAqT9Y9hdXWTOQRU
DECODED PAYLOAD: {'exp': 1790847326, 'sub': 'user_3Hrwmz08BOOrE5XBraSMqfSQXxp'}
RECEIVED TOKEN: eyJhbGciOiJIUzI1NiIsInR5cCI6IkpXVCJ9.eyJleHAiOjE3OTA4NDczMjYsInN1YiI6InVzZXJfM0hyd216MDhCT09yRTVYQnJhU01xZlNRWHhwIn0.khiFzMCbjZLX9freprXaJib6n2axAqT9Y9hdXWTOQRU
DECODED PAYLOAD: {'exp': 1790847326, 'sub': 'user_3Hrwmz08BOOrE5XBraSMqfSQXxp'}
GET_CURRENT_USER: user_3Hrwmz08BOOrE5XBraSMqfSQXxp -> <app.models.core.User object at 0x000001E5E70533E0>
GET_CURRENT_USER: user_3Hrwmz08BOOrE5XBraSMqfSQXxp -> <app.models.core.User object at 0x000001E5E600BAD0>
RECEIVED TOKEN: eyJhbGciOiJIUzI1NiIsInR5cCI6IkpXVCJ9.eyJleHAiOjE3OTA4NDczMjYsInN1YiI6InVzZXJfM0hyd216MDhCT09yRTVYQnJhU01xZlNRWHhwIn0.khiFzMCbjZLX9freprXaJib6n2axAqT9Y9hdXWTOQRU
DECODED PAYLOAD: {'exp': 1790847326, 'sub': 'user_3Hrwmz08BOOrE5XBraSMqfSQXxp'}
GET_CURRENT_USER: user_3Hrwmz08BOOrE5XBraSMqfSQXxp -> <app.models.core.User object at 0x000001E5E6009CC0>
RECEIVED TOKEN: eyJhbGciOiJIUzI1NiIsInR5cCI6IkpXVCJ9.eyJleHAiOjE3OTA4NDczMjYsInN1YiI6InVzZXJfM0hyd216MDhCT09yRTVYQnJhU01xZlNRWHhwIn0.khiFzMCbjZLX9freprXaJib6n2axAqT9Y9hdXWTOQRU
DECODED PAYLOAD: {'exp': 1790847326, 'sub': 'user_3Hrwmz08BOOrE5XBraSMqfSQXxp'}
GET_CURRENT_USER: user_3Hrwmz08BOOrE5XBraSMqfSQXxp -> <app.models.core.User object at 0x000001E5E6009CC0>
RECEIVED TOKEN: eyJhbGciOiJIUzI1NiIsInR5cCI6IkpXVCJ9.eyJleHAiOjE3OTA4NDczMjYsInN1YiI6InVzZXJfM0hyd216MDhCT09yRTVYQnJhU01xZlNRWHhwIn0.khiFzMCbjZLX9freprXaJib6n2axAqT9Y9hdXWTOQRU
DECODED PAYLOAD: {'exp': 1790847326, 'sub': 'user_3Hrwmz08BOOrE5XBraSMqfSQXxp'}
RECEIVED TOKEN: eyJhbGciOiJIUzI1NiIsInR5cCI6IkpXVCJ9.eyJleHAiOjE3OTA4NDczMjYsInN1YiI6InVzZXJfM0hyd216MDhCT09yRTVYQnJhU01xZlNRWHhwIn0.khiFzMCbjZLX9freprXaJib6n2axAqT9Y9hdXWTOQRU
DECODED PAYLOAD: {'exp': 1790847326, 'sub': 'user_3Hrwmz08BOOrE5XBraSMqfSQXxp'}
GET_CURRENT_USER: user_3Hrwmz08BOOrE5XBraSMqfSQXxp -> <app.models.core.User object at 0x000001E5E71A6D00>
GET_CURRENT_USER: user_3Hrwmz08BOOrE5XBraSMqfSQXxp -> <app.models.core.User object at 0x000001E5E71A6F70>
RECEIVED TOKEN: eyJhbGciOiJIUzI1NiIsInR5cCI6IkpXVCJ9.eyJleHAiOjE3OTA4NDczMjYsInN1YiI6InVzZXJfM0hyd216MDhCT09yRTVYQnJhU01xZlNRWHhwIn0.khiFzMCbjZLX9freprXaJib6n2axAqT9Y9hdXWTOQRU
DECODED PAYLOAD: {'exp': 1790847326, 'sub': 'user_3Hrwmz08BOOrE5XBraSMqfSQXxp'}
GET_CURRENT_USER: user_3Hrwmz08BOOrE5XBraSMqfSQXxp -> <app.models.core.User object at 0x000001E5E71A6000>
RECEIVED TOKEN: eyJhbGciOiJIUzI1NiIsInR5cCI6IkpXVCJ9.eyJleHAiOjE3OTA4NDczMjYsInN1YiI6InVzZXJfM0hyd216MDhCT09yRTVYQnJhU01xZlNRWHhwIn0.khiFzMCbjZLX9freprXaJib6n2axAqT9Y9hdXWTOQRU
DECODED PAYLOAD: {'exp': 1790847326, 'sub': 'user_3Hrwmz08BOOrE5XBraSMqfSQXxp'}
GET_CURRENT_USER: user_3Hrwmz08BOOrE5XBraSMqfSQXxp -> <app.models.core.User object at 0x000001E5E71A5F30>
RECEIVED TOKEN: eyJhbGciOiJIUzI1NiIsInR5cCI6IkpXVCJ9.eyJleHAiOjE3OTA4NDczMjYsInN1YiI6InVzZXJfM0hyd216MDhCT09yRTVYQnJhU01xZlNRWHhwIn0.khiFzMCbjZLX9freprXaJib6n2axAqT9Y9hdXWTOQRU
DECODED PAYLOAD: {'exp': 1790847326, 'sub': 'user_3Hrwmz08BOOrE5XBraSMqfSQXxp'}
GET_CURRENT_USER: user_3Hrwmz08BOOrE5XBraSMqfSQXxp -> <app.models.core.User object at 0x000001E5E600B450>
RECEIVED TOKEN: eyJhbGciOiJIUzI1NiIsInR5cCI6IkpXVCJ9.eyJleHAiOjE3OTA4NDczMjYsInN1YiI6InVzZXJfM0hyd216MDhCT09yRTVYQnJhU01xZlNRWHhwIn0.khiFzMCbjZLX9freprXaJib6n2axAqT9Y9hdXWTOQRU
DECODED PAYLOAD: {'exp': 1790847326, 'sub': 'user_3Hrwmz08BOOrE5XBraSMqfSQXxp'}
GET_CURRENT_USER: user_3Hrwmz08BOOrE5XBraSMqfSQXxp -> <app.models.core.User object at 0x000001E5E6009300>
RECEIVED TOKEN: eyJhbGciOiJIUzI1NiIsInR5cCI6IkpXVCJ9.eyJleHAiOjE3OTA4NDczMjYsInN1YiI6InVzZXJfM0hyd216MDhCT09yRTVYQnJhU01xZlNRWHhwIn0.khiFzMCbjZLX9freprXaJib6n2axAqT9Y9hdXWTOQRU
DECODED PAYLOAD: {'exp': 1790847326, 'sub': 'user_3Hrwmz08BOOrE5XBraSMqfSQXxp'}
GET_CURRENT_USER: user_3Hrwmz08BOOrE5XBraSMqfSQXxp -> <app.models.core.User object at 0x000001E5E600B450>
RECEIVED TOKEN: eyJhbGciOiJIUzI1NiIsInR5cCI6IkpXVCJ9.eyJleHAiOjE3OTA4NDczMjYsInN1YiI6InVzZXJfM0hyd216MDhCT09yRTVYQnJhU01xZlNRWHhwIn0.khiFzMCbjZLX9freprXaJib6n2axAqT9Y9hdXWTOQRU
DECODED PAYLOAD: {'exp': 1790847326, 'sub': 'user_3Hrwmz08BOOrE5XBraSMqfSQXxp'}
GET_CURRENT_USER: user_3Hrwmz08BOOrE5XBraSMqfSQXxp -> <app.models.core.User object at 0x000001E5E71A54A0>
RECEIVED TOKEN: eyJhbGciOiJIUzI1NiIsInR5cCI6IkpXVCJ9.eyJleHAiOjE3OTA4NDczMjYsInN1YiI6InVzZXJfM0hyd216MDhCT09yRTVYQnJhU01xZlNRWHhwIn0.khiFzMCbjZLX9freprXaJib6n2axAqT9Y9hdXWTOQRU
DECODED PAYLOAD: {'exp': 1790847326, 'sub': 'user_3Hrwmz08BOOrE5XBraSMqfSQXxp'}
GET_CURRENT_USER: user_3Hrwmz08BOOrE5XBraSMqfSQXxp -> <app.models.core.User object at 0x000001E5E6009BF0>
RECEIVED TOKEN: eyJhbGciOiJIUzI1NiIsInR5cCI6IkpXVCJ9.eyJleHAiOjE3OTA4NDczMjYsInN1YiI6InVzZXJfM0hyd216MDhCT09yRTVYQnJhU01xZlNRWHhwIn0.khiFzMCbjZLX9freprXaJib6n2axAqT9Y9hdXWTOQRU
DECODED PAYLOAD: {'exp': 1790847326, 'sub': 'user_3Hrwmz08BOOrE5XBraSMqfSQXxp'}
RECEIVED TOKEN: eyJhbGciOiJIUzI1NiIsInR5cCI6IkpXVCJ9.eyJleHAiOjE3OTA4NDczMjYsInN1YiI6InVzZXJfM0hyd216MDhCT09yRTVYQnJhU01xZlNRWHhwIn0.khiFzMCbjZLX9freprXaJib6n2axAqT9Y9hdXWTOQRU
DECODED PAYLOAD: {'exp': 1790847326, 'sub': 'user_3Hrwmz08BOOrE5XBraSMqfSQXxp'}
GET_CURRENT_USER: user_3Hrwmz08BOOrE5XBraSMqfSQXxp -> <app.models.core.User object at 0x000001E5E600B110>
RECEIVED TOKEN: eyJhbGciOiJIUzI1NiIsInR5cCI6IkpXVCJ9.eyJleHAiOjE3OTA4NDczMjYsInN1YiI6InVzZXJfM0hyd216MDhCT09yRTVYQnJhU01xZlNRWHhwIn0.khiFzMCbjZLX9freprXaJib6n2axAqT9Y9hdXWTOQRU
DECODED PAYLOAD: {'exp': 1790847326, 'sub': 'user_3Hrwmz08BOOrE5XBraSMqfSQXxp'}
GET_CURRENT_USER: user_3Hrwmz08BOOrE5XBraSMqfSQXxp -> <app.models.core.User object at 0x000001E5E6008530>
RECEIVED TOKEN: eyJhbGciOiJIUzI1NiIsInR5cCI6IkpXVCJ9.eyJleHAiOjE3OTA4NDczMjYsInN1YiI6InVzZXJfM0hyd216MDhCT09yRTVYQnJhU01xZlNRWHhwIn0.khiFzMCbjZLX9freprXaJib6n2axAqT9Y9hdXWTOQRU
DECODED PAYLOAD: {'exp': 1790847326, 'sub': 'user_3Hrwmz08BOOrE5XBraSMqfSQXxp'}
GET_CURRENT_USER: user_3Hrwmz08BOOrE5XBraSMqfSQXxp -> <app.models.core.User object at 0x000001E5E71A7450>
RECEIVED TOKEN: eyJhbGciOiJIUzI1NiIsInR5cCI6IkpXVCJ9.eyJleHAiOjE3OTA4NDczMjYsInN1YiI6InVzZXJfM0hyd216MDhCT09yRTVYQnJhU01xZlNRWHhwIn0.khiFzMCbjZLX9freprXaJib6n2axAqT9Y9hdXWTOQRU
DECODED PAYLOAD: {'exp': 1790847326, 'sub': 'user_3Hrwmz08BOOrE5XBraSMqfSQXxp'}
RECEIVED TOKEN: eyJhbGciOiJIUzI1NiIsInR5cCI6IkpXVCJ9.eyJleHAiOjE3OTA4NDczMjYsInN1YiI6InVzZXJfM0hyd216MDhCT09yRTVYQnJhU01xZlNRWHhwIn0.khiFzMCbjZLX9freprXaJib6n2axAqT9Y9hdXWTOQRU
DECODED PAYLOAD: {'exp': 1790847326, 'sub': 'user_3Hrwmz08BOOrE5XBraSMqfSQXxp'}
GET_CURRENT_USER: user_3Hrwmz08BOOrE5XBraSMqfSQXxp -> <app.models.core.User object at 0x000001E5E71A4460>
GET_CURRENT_USER: user_3Hrwmz08BOOrE5XBraSMqfSQXxp -> <app.models.core.User object at 0x000001E5E72B86D0>
RECEIVED TOKEN: eyJhbGciOiJIUzI1NiIsInR5cCI6IkpXVCJ9.eyJleHAiOjE3OTA4NDczMjYsInN1YiI6InVzZXJfM0hyd216MDhCT09yRTVYQnJhU01xZlNRWHhwIn0.khiFzMCbjZLX9freprXaJib6n2axAqT9Y9hdXWTOQRU
DECODED PAYLOAD: {'exp': 1790847326, 'sub': 'user_3Hrwmz08BOOrE5XBraSMqfSQXxp'}
GET_CURRENT_USER: user_3Hrwmz08BOOrE5XBraSMqfSQXxp -> <app.models.core.User object at 0x000001E5E71A4460>
RECEIVED TOKEN: eyJhbGciOiJIUzI1NiIsInR5cCI6IkpXVCJ9.eyJleHAiOjE3OTA4NDczMjYsInN1YiI6InVzZXJfM0hyd216MDhCT09yRTVYQnJhU01xZlNRWHhwIn0.khiFzMCbjZLX9freprXaJib6n2axAqT9Y9hdXWTOQRU
DECODED PAYLOAD: {'exp': 1790847326, 'sub': 'user_3Hrwmz08BOOrE5XBraSMqfSQXxp'}
GET_CURRENT_USER: user_3Hrwmz08BOOrE5XBraSMqfSQXxp -> <app.models.core.User object at 0x000001E5E71A4C80>
RECEIVED TOKEN: eyJhbGciOiJIUzI1NiIsInR5cCI6IkpXVCJ9.eyJleHAiOjE3OTA4NDczMjYsInN1YiI6InVzZXJfM0hyd216MDhCT09yRTVYQnJhU01xZlNRWHhwIn0.khiFzMCbjZLX9freprXaJib6n2axAqT9Y9hdXWTOQRU
DECODED PAYLOAD: {'exp': 1790847326, 'sub': 'user_3Hrwmz08BOOrE5XBraSMqfSQXxp'}
GET_CURRENT_USER: user_3Hrwmz08BOOrE5XBraSMqfSQXxp -> <app.models.core.User object at 0x000001E5E71A6000>
RECEIVED TOKEN: eyJhbGciOiJIUzI1NiIsInR5cCI6IkpXVCJ9.eyJleHAiOjE3OTA4NDczMjYsInN1YiI6InVzZXJfM0hyd216MDhCT09yRTVYQnJhU01xZlNRWHhwIn0.khiFzMCbjZLX9freprXaJib6n2axAqT9Y9hdXWTOQRU
DECODED PAYLOAD: {'exp': 1790847326, 'sub': 'user_3Hrwmz08BOOrE5XBraSMqfSQXxp'}
GET_CURRENT_USER: user_3Hrwmz08BOOrE5XBraSMqfSQXxp -> <app.models.core.User object at 0x000001E5E71A6270>
RECEIVED TOKEN: eyJhbGciOiJIUzI1NiIsInR5cCI6IkpXVCJ9.eyJleHAiOjE3OTA4NDczMjYsInN1YiI6InVzZXJfM0hyd216MDhCT09yRTVYQnJhU01xZlNRWHhwIn0.khiFzMCbjZLX9freprXaJib6n2axAqT9Y9hdXWTOQRU
DECODED PAYLOAD: {'exp': 1790847326, 'sub': 'user_3Hrwmz08BOOrE5XBraSMqfSQXxp'}
GET_CURRENT_USER: user_3Hrwmz08BOOrE5XBraSMqfSQXxp -> <app.models.core.User object at 0x000001E5E71A53D0>
RECEIVED TOKEN: eyJhbGciOiJIUzI1NiIsInR5cCI6IkpXVCJ9.eyJleHAiOjE3OTA4NDczMjYsInN1YiI6InVzZXJfM0hyd216MDhCT09yRTVYQnJhU01xZlNRWHhwIn0.khiFzMCbjZLX9freprXaJib6n2axAqT9Y9hdXWTOQRU
DECODED PAYLOAD: {'exp': 1790847326, 'sub': 'user_3Hrwmz08BOOrE5XBraSMqfSQXxp'}
GET_CURRENT_USER: user_3Hrwmz08BOOrE5XBraSMqfSQXxp -> <app.models.core.User object at 0x000001E5E71A6EA0>
RECEIVED TOKEN: eyJhbGciOiJIUzI1NiIsInR5cCI6IkpXVCJ9.eyJleHAiOjE3OTA4NDczMjYsInN1YiI6InVzZXJfM0hyd216MDhCT09yRTVYQnJhU01xZlNRWHhwIn0.khiFzMCbjZLX9freprXaJib6n2axAqT9Y9hdXWTOQRU
DECODED PAYLOAD: {'exp': 1790847326, 'sub': 'user_3Hrwmz08BOOrE5XBraSMqfSQXxp'}
GET_CURRENT_USER: user_3Hrwmz08BOOrE5XBraSMqfSQXxp -> <app.models.core.User object at 0x000001E5E71A53D0>
RECEIVED TOKEN: eyJhbGciOiJIUzI1NiIsInR5cCI6IkpXVCJ9.eyJleHAiOjE3OTA4NDczMjYsInN1YiI6InVzZXJfM0hyd216MDhCT09yRTVYQnJhU01xZlNRWHhwIn0.khiFzMCbjZLX9freprXaJib6n2axAqT9Y9hdXWTOQRU
DECODED PAYLOAD: {'exp': 1790847326, 'sub': 'user_3Hrwmz08BOOrE5XBraSMqfSQXxp'}
GET_CURRENT_USER: user_3Hrwmz08BOOrE5XBraSMqfSQXxp -> <app.models.core.User object at 0x000001E5E72B8530>
RECEIVED TOKEN: eyJhbGciOiJIUzI1NiIsInR5cCI6IkpXVCJ9.eyJleHAiOjE3OTA4NDczMjYsInN1YiI6InVzZXJfM0hyd216MDhCT09yRTVYQnJhU01xZlNRWHhwIn0.khiFzMCbjZLX9freprXaJib6n2axAqT9Y9hdXWTOQRU
DECODED PAYLOAD: {'exp': 1790847326, 'sub': 'user_3Hrwmz08BOOrE5XBraSMqfSQXxp'}
GET_CURRENT_USER: user_3Hrwmz08BOOrE5XBraSMqfSQXxp -> <app.models.core.User object at 0x000001E5E600B6C0>
RECEIVED TOKEN: eyJhbGciOiJIUzI1NiIsInR5cCI6IkpXVCJ9.eyJleHAiOjE3OTA4NDczMjYsInN1YiI6InVzZXJfM0hyd216MDhCT09yRTVYQnJhU01xZlNRWHhwIn0.khiFzMCbjZLX9freprXaJib6n2axAqT9Y9hdXWTOQRU
DECODED PAYLOAD: {'exp': 1790847326, 'sub': 'user_3Hrwmz08BOOrE5XBraSMqfSQXxp'}
GET_CURRENT_USER: user_3Hrwmz08BOOrE5XBraSMqfSQXxp -> <app.models.core.User object at 0x000001E5E600B6C0>
RECEIVED TOKEN: eyJhbGciOiJIUzI1NiIsInR5cCI6IkpXVCJ9.eyJleHAiOjE3OTA4NDczMjYsInN1YiI6InVzZXJfM0hyd216MDhCT09yRTVYQnJhU01xZlNRWHhwIn0.khiFzMCbjZLX9freprXaJib6n2axAqT9Y9hdXWTOQRU
DECODED PAYLOAD: {'exp': 1790847326, 'sub': 'user_3Hrwmz08BOOrE5XBraSMqfSQXxp'}
GET_CURRENT_USER: user_3Hrwmz08BOOrE5XBraSMqfSQXxp -> <app.models.core.User object at 0x000001E5E71A4460>
RECEIVED TOKEN: eyJhbGciOiJIUzI1NiIsInR5cCI6IkpXVCJ9.eyJleHAiOjE3OTA4NDczMjYsInN1YiI6InVzZXJfM0hyd216MDhCT09yRTVYQnJhU01xZlNRWHhwIn0.khiFzMCbjZLX9freprXaJib6n2axAqT9Y9hdXWTOQRU
DECODED PAYLOAD: {'exp': 1790847326, 'sub': 'user_3Hrwmz08BOOrE5XBraSMqfSQXxp'}
GET_CURRENT_USER: user_3Hrwmz08BOOrE5XBraSMqfSQXxp -> <app.models.core.User object at 0x000001E5E71A4460>
RECEIVED TOKEN: eyJhbGciOiJIUzI1NiIsInR5cCI6IkpXVCJ9.eyJleHAiOjE3OTA4NDczMjYsInN1YiI6InVzZXJfM0hyd216MDhCT09yRTVYQnJhU01xZlNRWHhwIn0.khiFzMCbjZLX9freprXaJib6n2axAqT9Y9hdXWTOQRU
DECODED PAYLOAD: {'exp': 1790847326, 'sub': 'user_3Hrwmz08BOOrE5XBraSMqfSQXxp'}
GET_CURRENT_USER: user_3Hrwmz08BOOrE5XBraSMqfSQXxp -> <app.models.core.User object at 0x000001E5E600ADD0>
RECEIVED TOKEN: eyJhbGciOiJIUzI1NiIsInR5cCI6IkpXVCJ9.eyJleHAiOjE3OTA4NDczMjYsInN1YiI6InVzZXJfM0hyd216MDhCT09yRTVYQnJhU01xZlNRWHhwIn0.khiFzMCbjZLX9freprXaJib6n2axAqT9Y9hdXWTOQRU
DECODED PAYLOAD: {'exp': 1790847326, 'sub': 'user_3Hrwmz08BOOrE5XBraSMqfSQXxp'}
GET_CURRENT_USER: user_3Hrwmz08BOOrE5XBraSMqfSQXxp -> <app.models.core.User object at 0x000001E5E71A46D0>
RECEIVED TOKEN: eyJhbGciOiJIUzI1NiIsInR5cCI6IkpXVCJ9.eyJleHAiOjE3OTA4NDczMjYsInN1YiI6InVzZXJfM0hyd216MDhCT09yRTVYQnJhU01xZlNRWHhwIn0.khiFzMCbjZLX9freprXaJib6n2axAqT9Y9hdXWTOQRU
DECODED PAYLOAD: {'exp': 1790847326, 'sub': 'user_3Hrwmz08BOOrE5XBraSMqfSQXxp'}
GET_CURRENT_USER: user_3Hrwmz08BOOrE5XBraSMqfSQXxp -> <app.models.core.User object at 0x000001E5E71A7EE0>
RECEIVED TOKEN: eyJhbGciOiJIUzI1NiIsInR5cCI6IkpXVCJ9.eyJleHAiOjE3OTA4NDczMjYsInN1YiI6InVzZXJfM0hyd216MDhCT09yRTVYQnJhU01xZlNRWHhwIn0.khiFzMCbjZLX9freprXaJib6n2axAqT9Y9hdXWTOQRU
DECODED PAYLOAD: {'exp': 1790847326, 'sub': 'user_3Hrwmz08BOOrE5XBraSMqfSQXxp'}
GET_CURRENT_USER: user_3Hrwmz08BOOrE5XBraSMqfSQXxp -> <app.models.core.User object at 0x000001E5E71A6D00>
RECEIVED TOKEN: eyJhbGciOiJIUzI1NiIsInR5cCI6IkpXVCJ9.eyJleHAiOjE3OTA4NDczMjYsInN1YiI6InVzZXJfM0hyd216MDhCT09yRTVYQnJhU01xZlNRWHhwIn0.khiFzMCbjZLX9freprXaJib6n2axAqT9Y9hdXWTOQRU
DECODED PAYLOAD: {'exp': 1790847326, 'sub': 'user_3Hrwmz08BOOrE5XBraSMqfSQXxp'}
GET_CURRENT_USER: user_3Hrwmz08BOOrE5XBraSMqfSQXxp -> <app.models.core.User object at 0x000001E5E71A53D0>
RECEIVED TOKEN: eyJhbGciOiJIUzI1NiIsInR5cCI6IkpXVCJ9.eyJleHAiOjE3OTA4NDczMjYsInN1YiI6InVzZXJfM0hyd216MDhCT09yRTVYQnJhU01xZlNRWHhwIn0.khiFzMCbjZLX9freprXaJib6n2axAqT9Y9hdXWTOQRU
DECODED PAYLOAD: {'exp': 1790847326, 'sub': 'user_3Hrwmz08BOOrE5XBraSMqfSQXxp'}
GET_CURRENT_USER: user_3Hrwmz08BOOrE5XBraSMqfSQXxp -> <app.models.core.User object at 0x000001E5E71A5640>
RECEIVED TOKEN: eyJhbGciOiJIUzI1NiIsInR5cCI6IkpXVCJ9.eyJleHAiOjE3OTA4NDczMjYsInN1YiI6InVzZXJfM0hyd216MDhCT09yRTVYQnJhU01xZlNRWHhwIn0.khiFzMCbjZLX9freprXaJib6n2axAqT9Y9hdXWTOQRU
DECODED PAYLOAD: {'exp': 1790847326, 'sub': 'user_3Hrwmz08BOOrE5XBraSMqfSQXxp'}
GET_CURRENT_USER: user_3Hrwmz08BOOrE5XBraSMqfSQXxp -> <app.models.core.User object at 0x000001E5E600B6C0>
RECEIVED TOKEN: eyJhbGciOiJIUzI1NiIsInR5cCI6IkpXVCJ9.eyJleHAiOjE3OTA4NDczMjYsInN1YiI6InVzZXJfM0hyd216MDhCT09yRTVYQnJhU01xZlNRWHhwIn0.khiFzMCbjZLX9freprXaJib6n2axAqT9Y9hdXWTOQRU
DECODED PAYLOAD: {'exp': 1790847326, 'sub': 'user_3Hrwmz08BOOrE5XBraSMqfSQXxp'}
GET_CURRENT_USER: user_3Hrwmz08BOOrE5XBraSMqfSQXxp -> <app.models.core.User object at 0x000001E5E71A6410>
RECEIVED TOKEN: eyJhbGciOiJIUzI1NiIsInR5cCI6IkpXVCJ9.eyJleHAiOjE3OTA4NDczMjYsInN1YiI6InVzZXJfM0hyd216MDhCT09yRTVYQnJhU01xZlNRWHhwIn0.khiFzMCbjZLX9freprXaJib6n2axAqT9Y9hdXWTOQRU
DECODED PAYLOAD: {'exp': 1790847326, 'sub': 'user_3Hrwmz08BOOrE5XBraSMqfSQXxp'}
GET_CURRENT_USER: user_3Hrwmz08BOOrE5XBraSMqfSQXxp -> <app.models.core.User object at 0x000001E5E600BA00>
RECEIVED TOKEN: eyJhbGciOiJIUzI1NiIsInR5cCI6IkpXVCJ9.eyJleHAiOjE3OTA4NDczMjYsInN1YiI6InVzZXJfM0hyd216MDhCT09yRTVYQnJhU01xZlNRWHhwIn0.khiFzMCbjZLX9freprXaJib6n2axAqT9Y9hdXWTOQRU
DECODED PAYLOAD: {'exp': 1790847326, 'sub': 'user_3Hrwmz08BOOrE5XBraSMqfSQXxp'}
GET_CURRENT_USER: user_3Hrwmz08BOOrE5XBraSMqfSQXxp -> <app.models.core.User object at 0x000001E5E71A4870>
RECEIVED TOKEN: eyJhbGciOiJIUzI1NiIsInR5cCI6IkpXVCJ9.eyJleHAiOjE3OTA4NDczMjYsInN1YiI6InVzZXJfM0hyd216MDhCT09yRTVYQnJhU01xZlNRWHhwIn0.khiFzMCbjZLX9freprXaJib6n2axAqT9Y9hdXWTOQRU
DECODED PAYLOAD: {'exp': 1790847326, 'sub': 'user_3Hrwmz08BOOrE5XBraSMqfSQXxp'}
GET_CURRENT_USER: user_3Hrwmz08BOOrE5XBraSMqfSQXxp -> <app.models.core.User object at 0x000001E5E71A5640>
RECEIVED TOKEN: eyJhbGciOiJIUzI1NiIsInR5cCI6IkpXVCJ9.eyJleHAiOjE3OTA4NDczMjYsInN1YiI6InVzZXJfM0hyd216MDhCT09yRTVYQnJhU01xZlNRWHhwIn0.khiFzMCbjZLX9freprXaJib6n2axAqT9Y9hdXWTOQRU
DECODED PAYLOAD: {'exp': 1790847326, 'sub': 'user_3Hrwmz08BOOrE5XBraSMqfSQXxp'}
RECEIVED TOKEN: eyJhbGciOiJIUzI1NiIsInR5cCI6IkpXVCJ9.eyJleHAiOjE3OTA4NDczMjYsInN1YiI6InVzZXJfM0hyd216MDhCT09yRTVYQnJhU01xZlNRWHhwIn0.khiFzMCbjZLX9freprXaJib6n2axAqT9Y9hdXWTOQRU
DECODED PAYLOAD: {'exp': 1790847326, 'sub': 'user_3Hrwmz08BOOrE5XBraSMqfSQXxp'}
RECEIVED TOKEN: eyJhbGciOiJIUzI1NiIsInR5cCI6IkpXVCJ9.eyJleHAiOjE3OTA4NDczMjYsInN1YiI6InVzZXJfM0hyd216MDhCT09yRTVYQnJhU01xZlNRWHhwIn0.khiFzMCbjZLX9freprXaJib6n2axAqT9Y9hdXWTOQRU
DECODED PAYLOAD: {'exp': 1790847326, 'sub': 'user_3Hrwmz08BOOrE5XBraSMqfSQXxp'}
GET_CURRENT_USER: user_3Hrwmz08BOOrE5XBraSMqfSQXxp -> <app.models.core.User object at 0x0000025EB35AB360>
GET_CURRENT_USER: user_3Hrwmz08BOOrE5XBraSMqfSQXxp -> <app.models.core.User object at 0x0000025EB35ABE10>
RECEIVED TOKEN: eyJhbGciOiJIUzI1NiIsInR5cCI6IkpXVCJ9.eyJleHAiOjE3OTA4NDczMjYsInN1YiI6InVzZXJfM0hyd216MDhCT09yRTVYQnJhU01xZlNRWHhwIn0.khiFzMCbjZLX9freprXaJib6n2axAqT9Y9hdXWTOQRU
DECODED PAYLOAD: {'exp': 1790847326, 'sub': 'user_3Hrwmz08BOOrE5XBraSMqfSQXxp'}
GET_CURRENT_USER: user_3Hrwmz08BOOrE5XBraSMqfSQXxp -> <app.models.core.User object at 0x0000025EB34C69F0>
RECEIVED TOKEN: eyJhbGciOiJIUzI1NiIsInR5cCI6IkpXVCJ9.eyJleHAiOjE3OTA4NDczMjYsInN1YiI6InVzZXJfM0hyd216MDhCT09yRTVYQnJhU01xZlNRWHhwIn0.khiFzMCbjZLX9freprXaJib6n2axAqT9Y9hdXWTOQRU
DECODED PAYLOAD: {'exp': 1790847326, 'sub': 'user_3Hrwmz08BOOrE5XBraSMqfSQXxp'}
RECEIVED TOKEN: eyJhbGciOiJIUzI1NiIsInR5cCI6IkpXVCJ9.eyJleHAiOjE3OTA4NDczMjYsInN1YiI6InVzZXJfM0hyd216MDhCT09yRTVYQnJhU01xZlNRWHhwIn0.khiFzMCbjZLX9freprXaJib6n2axAqT9Y9hdXWTOQRU
DECODED PAYLOAD: {'exp': 1790847326, 'sub': 'user_3Hrwmz08BOOrE5XBraSMqfSQXxp'}
GET_CURRENT_USER: user_3Hrwmz08BOOrE5XBraSMqfSQXxp -> <app.models.core.User object at 0x0000025EB37A7860>
RECEIVED TOKEN: eyJhbGciOiJIUzI1NiIsInR5cCI6IkpXVCJ9.eyJleHAiOjE3OTA4NDczMjYsInN1YiI6InVzZXJfM0hyd216MDhCT09yRTVYQnJhU01xZlNRWHhwIn0.khiFzMCbjZLX9freprXaJib6n2axAqT9Y9hdXWTOQRU
DECODED PAYLOAD: {'exp': 1790847326, 'sub': 'user_3Hrwmz08BOOrE5XBraSMqfSQXxp'}
GET_CURRENT_USER: user_3Hrwmz08BOOrE5XBraSMqfSQXxp -> <app.models.core.User object at 0x0000025EB37A5300>
GET_CURRENT_USER: user_3Hrwmz08BOOrE5XBraSMqfSQXxp -> <app.models.core.User object at 0x0000025EB492C120>
RECEIVED TOKEN: eyJhbGciOiJIUzI1NiIsInR5cCI6IkpXVCJ9.eyJleHAiOjE3OTA4NDczMjYsInN1YiI6InVzZXJfM0hyd216MDhCT09yRTVYQnJhU01xZlNRWHhwIn0.khiFzMCbjZLX9freprXaJib6n2axAqT9Y9hdXWTOQRU
DECODED PAYLOAD: {'exp': 1790847326, 'sub': 'user_3Hrwmz08BOOrE5XBraSMqfSQXxp'}
GET_CURRENT_USER: user_3Hrwmz08BOOrE5XBraSMqfSQXxp -> <app.models.core.User object at 0x0000025EB37A7040>
RECEIVED TOKEN: eyJhbGciOiJIUzI1NiIsInR5cCI6IkpXVCJ9.eyJleHAiOjE3OTA4NDczMjYsInN1YiI6InVzZXJfM0hyd216MDhCT09yRTVYQnJhU01xZlNRWHhwIn0.khiFzMCbjZLX9freprXaJib6n2axAqT9Y9hdXWTOQRU
DECODED PAYLOAD: {'exp': 1790847326, 'sub': 'user_3Hrwmz08BOOrE5XBraSMqfSQXxp'}
GET_CURRENT_USER: user_3Hrwmz08BOOrE5XBraSMqfSQXxp -> <app.models.core.User object at 0x0000025EB37A6410>
RECEIVED TOKEN: eyJhbGciOiJIUzI1NiIsInR5cCI6IkpXVCJ9.eyJleHAiOjE3OTA4NDczMjYsInN1YiI6InVzZXJfM0hyd216MDhCT09yRTVYQnJhU01xZlNRWHhwIn0.khiFzMCbjZLX9freprXaJib6n2axAqT9Y9hdXWTOQRU
DECODED PAYLOAD: {'exp': 1790847326, 'sub': 'user_3Hrwmz08BOOrE5XBraSMqfSQXxp'}
GET_CURRENT_USER: user_3Hrwmz08BOOrE5XBraSMqfSQXxp -> <app.models.core.User object at 0x0000025EB37A5F30>
RECEIVED TOKEN: eyJhbGciOiJIUzI1NiIsInR5cCI6IkpXVCJ9.eyJleHAiOjE3OTA4NDczMjYsInN1YiI6InVzZXJfM0hyd216MDhCT09yRTVYQnJhU01xZlNRWHhwIn0.khiFzMCbjZLX9freprXaJib6n2axAqT9Y9hdXWTOQRU
DECODED PAYLOAD: {'exp': 1790847326, 'sub': 'user_3Hrwmz08BOOrE5XBraSMqfSQXxp'}
GET_CURRENT_USER: user_3Hrwmz08BOOrE5XBraSMqfSQXxp -> <app.models.core.User object at 0x0000025EB349F450>
RECEIVED TOKEN: eyJhbGciOiJIUzI1NiIsInR5cCI6IkpXVCJ9.eyJleHAiOjE3OTA4NDczMjYsInN1YiI6InVzZXJfM0hyd216MDhCT09yRTVYQnJhU01xZlNRWHhwIn0.khiFzMCbjZLX9freprXaJib6n2axAqT9Y9hdXWTOQRU
DECODED PAYLOAD: {'exp': 1790847326, 'sub': 'user_3Hrwmz08BOOrE5XBraSMqfSQXxp'}
GET_CURRENT_USER: user_3Hrwmz08BOOrE5XBraSMqfSQXxp -> <app.models.core.User object at 0x0000025EB330FBA0>
RECEIVED TOKEN: eyJhbGciOiJIUzI1NiIsInR5cCI6IkpXVCJ9.eyJleHAiOjE3OTA4NDczMjYsInN1YiI6InVzZXJfM0hyd216MDhCT09yRTVYQnJhU01xZlNRWHhwIn0.khiFzMCbjZLX9freprXaJib6n2axAqT9Y9hdXWTOQRU
DECODED PAYLOAD: {'exp': 1790847326, 'sub': 'user_3Hrwmz08BOOrE5XBraSMqfSQXxp'}
GET_CURRENT_USER: user_3Hrwmz08BOOrE5XBraSMqfSQXxp -> <app.models.core.User object at 0x0000025EB349F450>
RECEIVED TOKEN: eyJhbGciOiJIUzI1NiIsInR5cCI6IkpXVCJ9.eyJleHAiOjE3OTA4NDczMjYsInN1YiI6InVzZXJfM0hyd216MDhCT09yRTVYQnJhU01xZlNRWHhwIn0.khiFzMCbjZLX9freprXaJib6n2axAqT9Y9hdXWTOQRU
DECODED PAYLOAD: {'exp': 1790847326, 'sub': 'user_3Hrwmz08BOOrE5XBraSMqfSQXxp'}
RECEIVED TOKEN: eyJhbGciOiJIUzI1NiIsInR5cCI6IkpXVCJ9.eyJleHAiOjE3OTA4NDczMjYsInN1YiI6InVzZXJfM0hyd216MDhCT09yRTVYQnJhU01xZlNRWHhwIn0.khiFzMCbjZLX9freprXaJib6n2axAqT9Y9hdXWTOQRU
DECODED PAYLOAD: {'exp': 1790847326, 'sub': 'user_3Hrwmz08BOOrE5XBraSMqfSQXxp'}
GET_CURRENT_USER: user_3Hrwmz08BOOrE5XBraSMqfSQXxp -> <app.models.core.User object at 0x0000025EB37A6F70>
RECEIVED TOKEN: eyJhbGciOiJIUzI1NiIsInR5cCI6IkpXVCJ9.eyJleHAiOjE3OTA4NDczMjYsInN1YiI6InVzZXJfM0hyd216MDhCT09yRTVYQnJhU01xZlNRWHhwIn0.khiFzMCbjZLX9freprXaJib6n2axAqT9Y9hdXWTOQRU
DECODED PAYLOAD: {'exp': 1790847326, 'sub': 'user_3Hrwmz08BOOrE5XBraSMqfSQXxp'}
GET_CURRENT_USER: user_3Hrwmz08BOOrE5XBraSMqfSQXxp -> <app.models.core.User object at 0x0000025EB37A5CC0>
RECEIVED TOKEN: eyJhbGciOiJIUzI1NiIsInR5cCI6IkpXVCJ9.eyJleHAiOjE3OTA4NDczMjYsInN1YiI6InVzZXJfM0hyd216MDhCT09yRTVYQnJhU01xZlNRWHhwIn0.khiFzMCbjZLX9freprXaJib6n2axAqT9Y9hdXWTOQRU
DECODED PAYLOAD: {'exp': 1790847326, 'sub': 'user_3Hrwmz08BOOrE5XBraSMqfSQXxp'}
RECEIVED TOKEN: eyJhbGciOiJIUzI1NiIsInR5cCI6IkpXVCJ9.eyJleHAiOjE3OTA4NDczMjYsInN1YiI6InVzZXJfM0hyd216MDhCT09yRTVYQnJhU01xZlNRWHhwIn0.khiFzMCbjZLX9freprXaJib6n2axAqT9Y9hdXWTOQRU
DECODED PAYLOAD: {'exp': 1790847326, 'sub': 'user_3Hrwmz08BOOrE5XBraSMqfSQXxp'}
GET_CURRENT_USER: user_3Hrwmz08BOOrE5XBraSMqfSQXxp -> <app.models.core.User object at 0x0000025EB37A6A90>
RECEIVED TOKEN: eyJhbGciOiJIUzI1NiIsInR5cCI6IkpXVCJ9.eyJleHAiOjE3OTA4NDczMjYsInN1YiI6InVzZXJfM0hyd216MDhCT09yRTVYQnJhU01xZlNRWHhwIn0.khiFzMCbjZLX9freprXaJib6n2axAqT9Y9hdXWTOQRU
DECODED PAYLOAD: {'exp': 1790847326, 'sub': 'user_3Hrwmz08BOOrE5XBraSMqfSQXxp'}
GET_CURRENT_USER: user_3Hrwmz08BOOrE5XBraSMqfSQXxp -> <app.models.core.User object at 0x0000025EB492CFC0>
GET_CURRENT_USER: user_3Hrwmz08BOOrE5XBraSMqfSQXxp -> <app.models.core.User object at 0x0000025EB492DB20>
RECEIVED TOKEN: eyJhbGciOiJIUzI1NiIsInR5cCI6IkpXVCJ9.eyJleHAiOjE3OTA4NDczMjYsInN1YiI6InVzZXJfM0hyd216MDhCT09yRTVYQnJhU01xZlNRWHhwIn0.khiFzMCbjZLX9freprXaJib6n2axAqT9Y9hdXWTOQRU
DECODED PAYLOAD: {'exp': 1790847326, 'sub': 'user_3Hrwmz08BOOrE5XBraSMqfSQXxp'}
GET_CURRENT_USER: user_3Hrwmz08BOOrE5XBraSMqfSQXxp -> <app.models.core.User object at 0x0000025EB492F2B0>
RECEIVED TOKEN: eyJhbGciOiJIUzI1NiIsInR5cCI6IkpXVCJ9.eyJleHAiOjE3OTA4NDczMjYsInN1YiI6InVzZXJfM0hyd216MDhCT09yRTVYQnJhU01xZlNRWHhwIn0.khiFzMCbjZLX9freprXaJib6n2axAqT9Y9hdXWTOQRU
DECODED PAYLOAD: {'exp': 1790847326, 'sub': 'user_3Hrwmz08BOOrE5XBraSMqfSQXxp'}
GET_CURRENT_USER: user_3Hrwmz08BOOrE5XBraSMqfSQXxp -> <app.models.core.User object at 0x0000025EB492F930>
RECEIVED TOKEN: eyJhbGciOiJIUzI1NiIsInR5cCI6IkpXVCJ9.eyJleHAiOjE3OTA4NDczMjYsInN1YiI6InVzZXJfM0hyd216MDhCT09yRTVYQnJhU01xZlNRWHhwIn0.khiFzMCbjZLX9freprXaJib6n2axAqT9Y9hdXWTOQRU
DECODED PAYLOAD: {'exp': 1790847326, 'sub': 'user_3Hrwmz08BOOrE5XBraSMqfSQXxp'}
GET_CURRENT_USER: user_3Hrwmz08BOOrE5XBraSMqfSQXxp -> <app.models.core.User object at 0x0000025EB37A4870>
RECEIVED TOKEN: eyJhbGciOiJIUzI1NiIsInR5cCI6IkpXVCJ9.eyJleHAiOjE3OTA4NDczMjYsInN1YiI6InVzZXJfM0hyd216MDhCT09yRTVYQnJhU01xZlNRWHhwIn0.khiFzMCbjZLX9freprXaJib6n2axAqT9Y9hdXWTOQRU
DECODED PAYLOAD: {'exp': 1790847326, 'sub': 'user_3Hrwmz08BOOrE5XBraSMqfSQXxp'}
GET_CURRENT_USER: user_3Hrwmz08BOOrE5XBraSMqfSQXxp -> <app.models.core.User object at 0x0000025EB37A53D0>
RECEIVED TOKEN: eyJhbGciOiJIUzI1NiIsInR5cCI6IkpXVCJ9.eyJleHAiOjE3OTA4NDczMjYsInN1YiI6InVzZXJfM0hyd216MDhCT09yRTVYQnJhU01xZlNRWHhwIn0.khiFzMCbjZLX9freprXaJib6n2axAqT9Y9hdXWTOQRU
DECODED PAYLOAD: {'exp': 1790847326, 'sub': 'user_3Hrwmz08BOOrE5XBraSMqfSQXxp'}
GET_CURRENT_USER: user_3Hrwmz08BOOrE5XBraSMqfSQXxp -> <app.models.core.User object at 0x0000025EB37A6D00>
RECEIVED TOKEN: eyJhbGciOiJIUzI1NiIsInR5cCI6IkpXVCJ9.eyJleHAiOjE3OTA4NDczMjYsInN1YiI6InVzZXJfM0hyd216MDhCT09yRTVYQnJhU01xZlNRWHhwIn0.khiFzMCbjZLX9freprXaJib6n2axAqT9Y9hdXWTOQRU
DECODED PAYLOAD: {'exp': 1790847326, 'sub': 'user_3Hrwmz08BOOrE5XBraSMqfSQXxp'}
GET_CURRENT_USER: user_3Hrwmz08BOOrE5XBraSMqfSQXxp -> <app.models.core.User object at 0x0000025EB37A4870>
RECEIVED TOKEN: eyJhbGciOiJIUzI1NiIsInR5cCI6IkpXVCJ9.eyJleHAiOjE3OTA4NDczMjYsInN1YiI6InVzZXJfM0hyd216MDhCT09yRTVYQnJhU01xZlNRWHhwIn0.khiFzMCbjZLX9freprXaJib6n2axAqT9Y9hdXWTOQRU
DECODED PAYLOAD: {'exp': 1790847326, 'sub': 'user_3Hrwmz08BOOrE5XBraSMqfSQXxp'}
GET_CURRENT_USER: user_3Hrwmz08BOOrE5XBraSMqfSQXxp -> <app.models.core.User object at 0x0000025EB492F520>
RECEIVED TOKEN: eyJhbGciOiJIUzI1NiIsInR5cCI6IkpXVCJ9.eyJleHAiOjE3OTA4NDczMjYsInN1YiI6InVzZXJfM0hyd216MDhCT09yRTVYQnJhU01xZlNRWHhwIn0.khiFzMCbjZLX9freprXaJib6n2axAqT9Y9hdXWTOQRU
DECODED PAYLOAD: {'exp': 1790847326, 'sub': 'user_3Hrwmz08BOOrE5XBraSMqfSQXxp'}
GET_CURRENT_USER: user_3Hrwmz08BOOrE5XBraSMqfSQXxp -> <app.models.core.User object at 0x0000025EB492E1A0>
RECEIVED TOKEN: eyJhbGciOiJIUzI1NiIsInR5cCI6IkpXVCJ9.eyJleHAiOjE3OTA4NDczMjYsInN1YiI6InVzZXJfM0hyd216MDhCT09yRTVYQnJhU01xZlNRWHhwIn0.khiFzMCbjZLX9freprXaJib6n2axAqT9Y9hdXWTOQRU
DECODED PAYLOAD: {'exp': 1790847326, 'sub': 'user_3Hrwmz08BOOrE5XBraSMqfSQXxp'}
GET_CURRENT_USER: user_3Hrwmz08BOOrE5XBraSMqfSQXxp -> <app.models.core.User object at 0x0000025EB330FBA0>
